Word,Definition,Image_Search,Image_Link,Sketch_Link
ABATE,to lessen,storm calming waves,https://images.pexels.com/photos/10700607/pexels-photo-10700607.jpeg,https://pixabay.com/get/g1ca5e64d4625c9c3853d88d6453df5947e3d556c509e7228aea5440ee9ff82eacd5002305181cbdb7faabf50732047b0c61acf1fc0f6ce3f9bf0c35ab3e1ace9_1280.png
ABDICATE,to give up power,king crown surrender throne,https://images.pexels.com/photos/24770171/pexels-photo-24770171.jpeg,https://pixabay.com/get/g4616b9162babf0a4ae9167f3ae525b6e74d0055ca73f117a42ae6e666767e02cce8b149b68e0f8def185016879ba0c91ed96900779fd586e5bca1559a7beec2c_1280.png
ABERRANT,abnormal,strange unusual outlier,https://images.pexels.com/photos/19344136/pexels-photo-19344136.jpeg,https://pixabay.com/get/gaf468538f7ad341fff24855535f6ec96f11017ca981ba55aeaf74f6a80cb13c38a8c228fe28f7af2d410cd4f8e3a96522c261250895c7e955a7ea9e50eeba31d_1280.png
ABEYANCE,temporary suspension,paused waiting frozen,https://images.pexels.com/photos/15057189/pexels-photo-15057189.jpeg,https://pixabay.com/get/g236d35d1c4000380c1aea957cc361b7f882cfd8128ab51e68de9b06b5467b8f29812c0d5dfb51a2e93c7c3e08d94f223dbf177587317012ad01b947b25d7077d_1280.png
ABJECT,wretched,miserable poverty sad,https://images.pexels.com/photos/384553/pexels-photo-384553.jpeg,https://pixabay.com/get/g34c31399a20791027af8f24bebf478e0f341c9e4d54dcb93b32c9bac0539be8a1cd63b68a44376487a04e0fac9a5f5b9dbdcfaa76953262baf92a334733fae13_1280.png
ABJURE,to renounce,reject renounce refuse,https://images.pexels.com/photos/3762802/pexels-photo-3762802.jpeg,https://pixabay.com/get/g605dc13becd4c537ab394b403e5abcbb80f68467c0d8f8a2c254dd2f173b6d189d15f75d9f52d0275be04b2687c5ced9_1280.png
ABSCISSION,cutting off,cutting off,https://images.pexels.com/photos/14040574/pexels-photo-14040574.jpeg,https://pixabay.com/get/g2fc00db2aec00163b495bc3750572b79f47babc23faf8aedcf4bd481fe2d888af445d4eb8c0897669c133cf92dd2c867f1c7b2204a143064d6aca235c12d611d_1280.png
ABSCOND,to leave secretly,run away escape flee,https://images.pexels.com/photos/32989455/pexels-photo-32989455.jpeg,https://pixabay.com/get/g1f287beb1df70ac5f5865aaea94c38b21a14244341001f3769ddd9ae47a29f22b7d55e861b1c08e7e67d6e2cc5a096f234c725b2f53ed763b26db68eecd29fba_1280.png
ABSTEMIOUS,moderate in eating/drinking,small meal moderation diet,https://images.pexels.com/photos/90893/pexels-photo-90893.jpeg,https://pixabay.com/get/g32561ea48c11c454ad61a4c3cb65bffdce4956dda7c88e9a56e74bed690a061ddb3ed7fb1092942249ef295ded4b898c277c7ea137d4f7c93ae04bc68da9d7cc_1280.png
ABSTINENCE,self-restraint,self-restraint,https://images.pexels.com/photos/29479897/pexels-photo-29479897.jpeg,https://pixabay.com/get/g4458bce2a4359e9121a74ad5ef122694ec133f3ea633ec61f13ea9592b00b111fabbaf6728841808882c2a3ece2a5545f56161c988c3fed2319051b263c1a0ae_1280.png
ABYSMAL,very bad,very bad,https://images.pexels.com/photos/8831810/pexels-photo-8831810.jpeg,https://pixabay.com/get/g373570a3f09cae88bdd4c9bd697bfd18f16ad4566849bdfa5f40a57d97c7848ed38b3799268e98f44fe2ee8d5fa14c312ea03a797ded66166486c8396e836f41_1280.png
ACCRETION,gradual growth,layers building growing,https://images.pexels.com/photos/33672292/pexels-photo-33672292.jpeg,https://pixabay.com/get/g5700329738713d31bff38b82a4df64ab379420735c4f693b61eef683bd50df700600332cdd4f497abcf5bcd447ed41ad6e6817be7c4b2377df391213724a4e5a_1280.png
ACCRUE,to accumulate,accumulate,https://images.pexels.com/photos/28184340/pexels-photo-28184340.png,https://pixabay.com/get/g42d502592c3dd90d86ab354ccdf20e48c83eef44575e5d82374e8855cd2d72097a584791d6ebff247a3896c3c83302a5_1280.png
ADAMANT,unyielding,stubborn refuse change,https://images.pexels.com/photos/31587977/pexels-photo-31587977.jpeg,https://pixabay.com/get/gf5373865648f51a7e5cf666bebedd8e18143bde6a1c170c82ac9f8be4c8bd5c1d701ff1f79d0581f0c8fdc800fe533e1cc3fe2ee7335877a2c4e266d99f7eb45_1280.png
ADJUNCT,addition,extra addition accessory,https://images.pexels.com/photos/29502321/pexels-photo-29502321.jpeg,https://pixabay.com/get/ga5f9f3b33be4e9b53d2cb0b69d533c0f1e9c67c430faca70e2e18163b3306580d2cfce943ff769b443f4683638fd82792d246f5b24444bed841d534f06315f0e_1280.png
ADMONISH,to warn,scold warn finger point,https://images.pexels.com/photos/8832238/pexels-photo-8832238.jpeg,https://pixabay.com/get/g216f42ab95a14c7f7d76de480852848060d7e37fc46827293f1c7f58034c0a9147e8f170f2c9c39ce5f6d668bd59d5f5fa6713eac8a7f5f327acc4a873cecb3a_1280.png
ADULTERATE,to corrupt,contaminate impure mix,https://images.pexels.com/photos/12948553/pexels-photo-12948553.jpeg,https://pixabay.com/get/g36158fe27be8b3c429eb0ea8c911d29a943c411547e89de517a074c40cc1065753c5c7ff813297606a92b0c11ee6d55ab3ae32cd37b73ff8a4fd22ad6c66e8e5_1280.png
AESTHETIC,artistic,beautiful art design,https://images.pexels.com/photos/1240988/pexels-photo-1240988.jpeg,https://pixabay.com/get/g1f0cf449fa517eaac0a08181530247616395698e9791258f9b7ea2ec1574ede9225c453a6bf0cd8a7542cfee5cb9440fc895d6a8d081330dd7b9d1f15aab2fcd_1280.png
AFFECTED,pretentious,fake pretentious pose,https://images.pexels.com/photos/10339049/pexels-photo-10339049.jpeg,https://pixabay.com/get/ga3cda5511448bfd68b008f37a3b87c94b9820ba62b6b33bff1b8772c007cc62bd4de09fb35734791f939d33931a0fd3dbd0ad4a955a3e4f5b68f41c569d18aab_1280.png
AFFINITY,natural liking,connection bond heart,https://images.pexels.com/photos/18741651/pexels-photo-18741651.jpeg,https://pixabay.com/get/g77455911ae3f6934f89564e1ffad9c72330972e5bcc99a9ba88a5ed2b194850e1c1a4cc0370bea9084d7c2000b46e8be7fab6fd1a4fc760714880db87f6d8ddc_1280.png
AGGRANDIZE,to exaggerate,exaggerate enhance bigger,https://images.pexels.com/photos/30188664/pexels-photo-30188664.png,https://pixabay.com/get/g9d3798c5185e789ede931126abe63f46bbdc6a99c52ceac19c8808316130da318385f8dd2fed7c988253a94403c50269_1280.png
AGGREGATE,total,total,https://images.pexels.com/photos/11320610/pexels-photo-11320610.jpeg,https://pixabay.com/get/g501b2c4f72e2515b5e297e4785dd7a9c1d54c29fbaf9288166cbc92f2660f236675e6159126f4eca587f4fc0ebbf034ebe253ba6a88ec21452649cbb2fe9f9f5_1280.png
ALACRITY,eagerness,enthusiastic jump joy,https://images.pexels.com/photos/1644910/pexels-photo-1644910.jpeg,https://pixabay.com/get/g79d41b33a1d5d20a4a83043cff93717a1b422971176c885a017b2849499872504b8c7a6eebd0b8d81dbb0b3608627048c7ba514436d95e66f9593ae6481b61fb_1280.png
ALCHEMY,medieval chemistry,magic potion transform,https://images.pexels.com/photos/31251024/pexels-photo-31251024.jpeg,https://pixabay.com/get/gdc913d4eeae3fcb87820e2a8b52ddef021c57022279952957f1cd977a8a784dfd602ba4d5319e5e4583a0b92d73d7d0e2011691e586e2b15d09f104c4a4f280c_1280.png
ALLAY,to calm,calm soothe fear,https://images.pexels.com/photos/30718340/pexels-photo-30718340.jpeg,https://pixabay.com/get/g69d11cf47dec5b9639481b722dcd57ca9fe799dc8e51871b100890ec11597fb67d6d4d35aa6c00a72e602e05ece4f20c64996de9d5f287a289ed71275ee91338_1280.png
ALLEVIATE,to ease,reduce pain relief,https://images.pexels.com/photos/20860595/pexels-photo-20860595.jpeg,https://pixabay.com/get/gc85adaa9663ce50eaf7e9a730de965d9ae99ab209dca5fe41256ab2b661dcb5551f723ce21cd996a2f1a4a9fef63d2573792c9e822c77c907156bf8a66acde78_1280.png
ALLOY,mixture,mixture,https://images.pexels.com/photos/34270742/pexels-photo-34270742.jpeg,https://pixabay.com/get/g6f49f15ffb6c4b4baf799665f0109e49e4844cfce82857605329dd0b7eb342e4f06472bca6b12a37d1c05167699a20a0f326f9d9e2c43d7d5d4378b30a7c3bf1_1280.png
ALLURE,attractiveness,attractiveness,https://images.pexels.com/photos/30509793/pexels-photo-30509793.jpeg,https://pixabay.com/get/g22f43b87a6477a3c185de67f84b6965d5bc77fea531beb597f1dcc9257bae6775b7be8015915693839e2b91225657463704a1604149cd7fe7b5193bef1509682_1280.png
AMALGAMATE,to combine,merge combine together,https://images.pexels.com/photos/35637717/pexels-photo-35637717.jpeg,https://pixabay.com/get/gdbbf8c33e595a31095fb9ba3b36a765a84b8edea1ef467c25a911e7b3e77e148932a067c8ae02d83e3146a8940967da43122996396a27cb34f090f55cd277500_1280.png
AMBIGUOUS,unclear,confused unclear question,https://images.pexels.com/photos/14997034/pexels-photo-14997034.jpeg,https://pixabay.com/get/g2a06b04612fefe4025da6c1138e46600c171302f087b7d57e9b5322ecf962fb6487916ebe0543dbab7dc10c2f9d7276ac5249a218dcc8eee4db8cc2ffa846ef4_1280.png
AMBIVALENCE,mixed feelings,undecided torn conflict,https://images.pexels.com/photos/10057682/pexels-photo-10057682.jpeg,https://pixabay.com/get/gc4658f95e8136d29f13a678e6996c0cb6b303c40a29b7dc5611d25d112cbb82dbc5c94ed457dbf2cfad4549b730191337d81d9b5e18a9d8251548a38fd8d8a0f_1280.png
AMBROSIA,delicious food,delicious food,https://images.pexels.com/photos/8743912/pexels-photo-8743912.jpeg,https://pixabay.com/get/g7ff8c23bed4481ba0327f80355dad8fc1800fbfa22fc2574fbc999876e3c7f145d2ea2709d510622fbbe43bb4e6d7a165cf07ea9e4a0a63005c51cf390a37532_1280.png
AMELIORATE,to improve,improve better progress,https://images.pexels.com/photos/29525552/pexels-photo-29525552.jpeg,https://pixabay.com/get/g43f47aac0c11d8f447f65d7dfaec8b10443a029f8e727cf730a8ef2b641eb6912979a37a24def249186fa85ee813fc044d64d6eb217ee96ab7a289b131d0760d_1280.png
AMENABLE,agreeable,agreeable,https://images.pexels.com/photos/8831809/pexels-photo-8831809.jpeg,https://pixabay.com/get/g94207f43e04e05b743016d211a03f466357c925d5c0d6bc32f74003ed80f11b997955481597f21677b6999dd4e78ebdd0a7da18fd016ec3151e2c752bdec6abb_1280.png
AMENITY,pleasant feature,pleasant feature,https://images.pexels.com/photos/16157525/pexels-photo-16157525.jpeg,https://pixabay.com/get/g93f5f9b98e4df138eccc3dbf3090a1d95b315724d9fc97d175b00c4f8c367b3735e2518c0bb3f98738198b669ea2eb00_1280.png
AMULET,charm,charm,https://images.pexels.com/photos/29193427/pexels-photo-29193427.jpeg,https://pixabay.com/get/gbffe9360164fb635932c4d37aa128f2039e4fca424df824423508aeed4d11cc3ee55443dbaba8075037c272e2b7fb17174ae35afb517150a87a84724e5023dc2_1280.png
ANACHRONISM,out of time,out time,https://images.pexels.com/photos/35070219/pexels-photo-35070219.jpeg,https://pixabay.com/get/ge3050a49a2393d24ba4f4d354ee0ad64a1a1931113f909b81ae2fabad83545f1b3386aa14de065cb1f5d317ef4dabedff631c4a8dde22b158468ea8d1ed0f938_1280.png
ANALGESIC,pain reliever,pain reliever,https://images.pexels.com/photos/422290/pexels-photo-422290.jpeg,https://pixabay.com/get/g12df97981ba63e21d278a8605a9a22935f7eaad71a69e3f43d4a32550b4eb66938527153631c6b0207525eb9eef8c7d195287d237496837b1f7b3d9ec2ed4314_1280.png
ANALOGOUS,comparable,comparable,https://images.pexels.com/photos/30188664/pexels-photo-30188664.png,https://pixabay.com/get/g1df4f527a3e3af4005447b723384a1efbd3359c844e5c7afe7f166627fe9c5424235718bf05493ca44a9f546310d039e90505f2bf0b401002b089b512d509358_1280.png
ANARCHY,chaos,chaos,https://images.pexels.com/photos/36347433/pexels-photo-36347433.jpeg,https://pixabay.com/get/g77e57b5473c277880174b62bca274c085ec59b327073e90511e6e507480b464fdf7e621c2565760b52b554adb352106caaf73882e04a812fb111f754d75ba376_1280.png
ANODYNE,pain reliever,pain reliever,https://images.pexels.com/photos/422290/pexels-photo-422290.jpeg,https://pixabay.com/get/g5d1699a6a364cc8bbe86d4b27e388380c27ae54007fdb8d2cd1322064f3e64a03a785759b3aad24054543aaaa458e62fabe815a780b5cc4e633f958ec562adf3_1280.png
ANOMALOUS,irregular,irregular,https://images.pexels.com/photos/11255503/pexels-photo-11255503.jpeg,https://pixabay.com/get/gaab12478f186627332dc427b5e87232b75d3da6dc1803ec39c3c154c4807f4f9674b76171325ea4ce799a324cfa8b823fda882d9dd48488f9c4ef9b2b509fb55_1280.png
ANOMIE,alienation,alienation,https://images.pexels.com/photos/36896829/pexels-photo-36896829.jpeg,https://pixabay.com/get/g3bc02ee5c4e1476849d72bdf01dbb26cc3d34ef1a43763f19e0373cac4b5cfc24031ef3c0761168e5416df4590dc023c7af3fbd269605d18b2fc43a9d0db9cc5_1280.png
ANTECEDENT,predecessor,predecessor,https://images.pexels.com/photos/18704327/pexels-photo-18704327.jpeg,https://pixabay.com/get/g3fac8c5032ef1a6243a64f3e3d4d25410b752524556ed91288a713a43c769611e3e8df01b663d64a4e76456941ef287d6272611557cb74683f605d8a35818882_1280.png
ANTEDILUVIAN,very old,very old,https://images.pexels.com/photos/3823495/pexels-photo-3823495.jpeg,https://pixabay.com/get/gf7bdf9b206a1e10262daebbf729d35c2f128033f65df45aad24716a81142d8956768803bd77117e06e7b5e17c6a6c0e5fde9b4af0ca922eebd3ad5c176a93b8f_1280.png
ANTIPATHY,strong dislike,dislike hate avoid,https://images.pexels.com/photos/8831810/pexels-photo-8831810.jpeg,https://pixabay.com/get/g85e66f709305e4224a0150663ea9498dd6b093d5b89a5fde71c769173151bfc0d5dddd5ca411c47196f0fef189ef95b217b51ab5a1d1f74bd0eb63d480e69f1d_1280.png
APATHY,indifference,bored lazy disinterested,https://images.pexels.com/photos/27796658/pexels-photo-27796658.jpeg,https://pixabay.com/get/g340ef59ee21cf0daab485d41a34d2d9577f6ee6777ecb7f3756483bff15b9afa1bfe3f9048792ac12eaf193c73615541a1bc05f3ae1756d68dbab0c482bc44f3_1280.png
APEX,peak,peak,https://images.pexels.com/photos/19404723/pexels-photo-19404723.jpeg,https://pixabay.com/get/g1129f4147c7d3c2258ab7c23289232c6e8bed276a67df43c63a0c795bfbcca7e9d2608559d69ab3fb135c3b72569cee3864a5b74dcf97aeb53551ff7dc351f56_1280.png
APOGEE,highest point,highest point,https://images.pexels.com/photos/14337707/pexels-photo-14337707.jpeg,https://pixabay.com/get/gbcbab95dfb6a8082fd53c53ce172229b0750668aa977b33fec2675dbe44404b9e7ec3193a7f84c0e44008e6ea6223da34dd9fbde31f5dbd603b60324cce41744_1280.png
APOTHEGM,saying,saying,https://images.pexels.com/photos/2748245/pexels-photo-2748245.jpeg,https://pixabay.com/get/ge3415972f83df5f5fd0f32dfbe7902edfb010a72436b87fa6c32dfbc0a8906430e1df303d79d91233b9c6486e9f43b71076c251f8b99acac288588e24b4cc115_1280.png
APPEASE,to calm,pacify calm angry,https://images.pexels.com/photos/6441474/pexels-photo-6441474.jpeg,https://pixabay.com/get/geda9e02f78dd1403eb9d0ec2c2f151ef91d9e7247b665e6253226033987125015daae7284b0923575f6f07c6681559f98fdd8f786d417bb3fce375cd2361e862_1280.png
APPELLATION,name,name,https://images.pexels.com/photos/17454531/pexels-photo-17454531.jpeg,https://pixabay.com/get/g1cbd311dfeb57a32f84fbde09e7de0ad36ff55968ba034479621bd7d3716a5e18413c6f625ee2971a59843bd88072809ac1c32d8538e8310e2506004ae077e4e_1280.png
APPOSITE,appropriate,appropriate,https://images.pexels.com/photos/8831809/pexels-photo-8831809.jpeg,https://pixabay.com/get/gaeef26c6c08cded58c2503d7cb7dce5cab5339a90697911d529eabcf285d1356fa23c32901e04c76221bb8306ddb55da1e76dfd6b8c064296464e1965e545650_1280.png
APPRISE,to inform,inform,https://images.pexels.com/photos/17382268/pexels-photo-17382268.jpeg,https://pixabay.com/get/g738514f02993be39f99b02c3f8f28724ab17834933137803b0421490bf0809b1dbc2d64a46b6c82898931451713763e1_1280.png
APPROBATION,approval,approval,https://images.pexels.com/photos/8831809/pexels-photo-8831809.jpeg,https://pixabay.com/get/g6afcb9b73f43dce149d9fbf0077905be50be74c52a626ae9441a22be3c781ae69ab47fd5d51fe8e7522f4ee465a04e7cb472b72332992171a08255ac0461f522_1280.png
APPROPRIATE,to take,take,https://images.pexels.com/photos/8729066/pexels-photo-8729066.jpeg,https://pixabay.com/get/g5db2d33dc6eaac5b73d85c72b8090996a63b0c1e481f9e09ede7d9228783ac5ccc1658303e3cb72e1ab7356d5dccd43d652a16193ffe8a6d0f58dc690d2474c4_1280.png
APROPOS,relevant,relevant,https://images.pexels.com/photos/8834490/pexels-photo-8834490.jpeg,https://pixabay.com/get/gfb56c523f0e32883c8db054a6856f1f304d612bcd382815cbb32d4a4d0329046cc72f6e7a3603ae0d8eb34441bd5d5c9f5ef6640be04ae2d5fe07e08e3ecb444_1280.png
ARABESQUE,intricate design,intricate design,https://images.pexels.com/photos/2268540/pexels-photo-2268540.jpeg,https://pixabay.com/get/ge0c0575050b5c45624342a094cefde50383f653e476f9ca50bca53f9e6e1f84da4902ac0d4c827e3ac1bc539c3eedcf15fb6187d38f82988f6e2373809cc9305_1280.png
ARCHEOLOGY,study of ancient things,study ancient things,https://images.pexels.com/photos/31718770/pexels-photo-31718770.jpeg,https://pixabay.com/get/gcea54abd09fbf8b4065406e26c957352272fb4446dfa38b9343977938fd2643ba6662d2d343aa14f89ee317d61017a8ae3d8c9849fe74059fb3484fd7a2f83c9_1280.png
ARDOR,passion,passion,https://images.pexels.com/photos/30905880/pexels-photo-30905880.jpeg,https://pixabay.com/get/g438b64efb0cf728e7066f6f150626f8af3021176eb929c5e6e8385229b44f87a5de72dc316e8de07778b25d9a67d0542d49fb431eabae0e6c7e0ab9f16f05ff2_1280.png
ARDUOUS,difficult,climbing mountain difficult,https://images.pexels.com/photos/10229346/pexels-photo-10229346.jpeg,https://pixabay.com/get/g621018bc2e0daddeffa38b4bf922a7aa3f7c4dd63c6a7c15dfcc473848d795415ae8c9882989778346125d18366b6ad181c888bfff398eea21de21f8e630aace_1280.png
ARGOT,slang,slang,https://images.pexels.com/photos/5140821/pexels-photo-5140821.jpeg,https://pixabay.com/get/g7f2f286d697265586381502fb494b6208e11db57cec99382da7377bec3f9d492a23961f8c0125c13f4908f74217b2cea55e5a8d2eb6e915d28ed946c042d46bb_1280.png
ARREST,to stop,stop,https://images.pexels.com/photos/19964901/pexels-photo-19964901.jpeg,https://pixabay.com/get/g3b1d258c2e74ab4fd38070cd2ef7c97e7e235fc18f26d63043ad11790e8494295d8f248429a073d5b43e8355ee9c81867b1d9e1adca902e4f88a741dbba9b0c9_1280.png
ARTIFACT,object,object,https://images.pexels.com/photos/18069082/pexels-photo-18069082.png,https://pixabay.com/get/g6034d73e4cafb3a3e53809a934b4a97be23e6b1378d80146f051600f93e9540898129340750104b6f8a060e075f5abf4d7a41330f657985867ffd77bf0750010_1280.png
ARTLESS,natural,natural,https://images.pexels.com/photos/10902193/pexels-photo-10902193.jpeg,https://pixabay.com/get/g8332fc4d228763a025283761d8f418e58bf1b561c030e06532a574b323f782cc50853a4705e96929ac8b413853b46032e319ab1c0d07264eb2630fb51d99426f_1280.png
ASCETIC,self-denying,monk simple bare,https://images.pexels.com/photos/34401241/pexels-photo-34401241.jpeg,https://pixabay.com/get/g95c400e585425a0290513343bb534129efe17a06044eeee4422ec0057e4ec042fa690afe51836f249f2e9324de98b90b_1280.png
ASPERITY,harshness,rough harsh surface,https://images.pexels.com/photos/11255571/pexels-photo-11255571.jpeg,https://pixabay.com/get/g6474ccac0bb496bf61cdece275b89c52753844b348d257c29f1332c0c6a07b1b77c4d1e93d270c1d916b9c81fdc95edcdb1866803e83cc2cfb6133e6417aa6d1_1280.png
ASPERSION,slander,slander,https://images.pexels.com/photos/20143756/pexels-photo-20143756.jpeg,https://pixabay.com/get/g0124a67b96a022678549dd786555c3d04c7ccc2dd806902b64cd22049d6b96a1ed803558d9b4846353f295d71a33207fa7861774a59c441fed8365b1d263ddc8_1280.png
ASSIDUOUS,diligent,diligent,https://images.pexels.com/photos/7752790/pexels-photo-7752790.jpeg,https://pixabay.com/get/ga5a2000b5f190ee5ba6eab7f07a9d9268d39dc0054c1518380efd15888181028bfe5d2333ba0da6badf92119086f03034ffc5854e2e629faf40442612f619c7d_1280.png
ASSUAGE,to ease,soothe relief comfort,https://images.pexels.com/photos/17197912/pexels-photo-17197912.jpeg,https://pixabay.com/get/ge0c7879c95d3b899132eb3365d6614dc16fd48a23b5fdf74675fc1b4ca6bc3c3c342c37364e51f3df00ba9d4148ec066_1280.png
ASTRINGENT,harsh; binding,harsh; binding,https://images.pexels.com/photos/11984826/pexels-photo-11984826.jpeg,https://pixabay.com/get/g6a40f4fca761a6a421f3ed7a684079ce100f4cf4b77a61f3e64b7ec933678f12b09832d69b47a3d923a330546f2e6f967aa242d262019ae39b3088a0020d4ddb_1280.png
ASYLUM,refuge,refuge,https://images.pexels.com/photos/13758257/pexels-photo-13758257.jpeg,https://pixabay.com/get/g694ccb50a974debb54e075941477ca7bd6bdbac63399bfe89c6d08bf27d1e1c6ebbea647a8dbee8713c44fd9ff137d7f8b39f0462e4896c9b7198eb7688517ec_1280.png
ATAVISM,reversion,reversion,https://images.pexels.com/photos/8528647/pexels-photo-8528647.jpeg,https://pixabay.com/get/g3df72be96a8a7c380b83004eac2988debb7e0a1cc50b9e0bb08da962e829767c04091037de701d3fdc5070c4929a0b120691b4fe82359e61d7482f1eca4a8788_1280.png
ATTENUATE,to weaken,weaken,https://images.pexels.com/photos/36439557/pexels-photo-36439557.jpeg,https://pixabay.com/get/gf189d0640276b2b565b9803f73fd9cff7f1405a4a8ad8e1b2b649efddabf330903ba6d33b0d52d834a4fb056ca37f8af82a1f1e49ed5f2bb14ec69b7fb88161d_1280.png
AUDACIOUS,bold,bold daring brave,https://images.pexels.com/photos/33002130/pexels-photo-33002130.jpeg,https://pixabay.com/get/g7502a62009a29a8bceb5afd7c31ae9193df11421873a990cb72a7ca0a90782b46d214d1d78f6f23c58a17b12a0bd5c19055686f0ef9da5bed314b9a9fa48a1c3_1280.png
AUSTERE,severe,severe,https://images.pexels.com/photos/11975693/pexels-photo-11975693.jpeg,https://pixabay.com/get/gdc4f8b079489bdd68d351b9c1652dc0312302c52cffe4359276634bdc70657827eee482b17443a6463d3bd96c01a39a1ce2f7c343efc0875da6c24de3d700629_1280.png
AUTONOMOUS,independent,independent,https://images.pexels.com/photos/12367650/pexels-photo-12367650.jpeg,https://pixabay.com/get/g9638bd09cf04a3057d50df748205313c198956bed9643c861a9f5c48bc915592f7568f4596c3773a48a0a61ceb3588d9eb7aa9967873b8647ecddcdb0da5542d_1280.png
AVARICE,greed,gold money greedy,https://images.pexels.com/photos/210600/pexels-photo-210600.jpeg,https://pixabay.com/get/g39dc3368c5abb911ba7a05a343e72c72e5220e4c8add1ef39157460005188249775c8be0794f5a9a425b7991ee7d3bca7e3036f2ad383de9658152277dbe46ae_1280.png
AVER,to assert,assert,https://images.pexels.com/photos/32114787/pexels-photo-32114787.jpeg,https://pixabay.com/get/gac79ecce0073a0018a9e6c7cec0e856b85d3fbcb8ff688f060420d5a0b9994cd93fb51cad2400de21321244c9785202d_1280.png
AVOCATION,hobby,hobby,https://images.pexels.com/photos/31530915/pexels-photo-31530915.jpeg,https://pixabay.com/get/g34d3df358db3616b0ae521040d20d7e6c1a22730ed8529ab76e08f8a16042beb9df688f6a809107ad03192f29a5e8208326a3c2c23a492f5838f95783d05fbb5_1280.png
AVUNCULAR,like an uncle,like uncle,https://images.pexels.com/photos/11255417/pexels-photo-11255417.jpeg,https://pixabay.com/get/gaf3cb4eb4a322b4f919b1bfbb0455c049f6617c8ec57a8035dba89733e093ce44c61d87f42f280ee78d68d73afcafede843320d1003187f64f622b2ed7b37625_1280.png
AXIOMATIC,self-evident,self-evident,https://images.pexels.com/photos/3061307/pexels-photo-3061307.jpeg,https://pixabay.com/get/gd5b0637de17146efe8ec8fbe8e05e97e60743d0d60b20ceaa0b2e9c64c2332e71cd0a99f69b9c37a54d9f325cb8feec5402ff3920b4ab46d39733dfafc2e61d4_1280.png
BACCHANALIAN,drunken,drunken,https://images.pexels.com/photos/14617008/pexels-photo-14617008.jpeg,https://pixabay.com/get/g105c8e98543e7dfdc5edfe122244ec032fdff5047f0ad05398a27cf10cbb82f55d02e8eeb30dbfa4dc39c98b747d48abd23a2c486985e4c7a2094e8c4189be67_1280.png
BANAL,trite,boring common ordinary,https://images.pexels.com/photos/11497193/pexels-photo-11497193.jpeg,https://pixabay.com/get/gdc1c6fbaab53b2e544dfb308f576de23ac4255e19c2314eb7da5d8d093193beec6d8bd6860f7f3c54a08213fda95e3eafccf3f966539bb2fa2bb558a24d0adb4_1280.png
BANTER,teasing,teasing,https://images.pexels.com/photos/34988575/pexels-photo-34988575.jpeg,https://pixabay.com/get/gaeb962033d92e2e34ee0e208af7adf2820fd6f7b7fa7b4dfcad50ae72783b88a72a200c1a1796837caae73123939a75c_1280.png
BARD,poet,poet,https://images.pexels.com/photos/15361392/pexels-photo-15361392.jpeg,https://pixabay.com/get/g021200671ac7a0bc83b088eac1e20c82bc3f55e6404648ecda1aa30bda048c98d33a1963b38ed063d8763388d3b2dcfc1465d4031e9a5220ec5bc970f5e492f7_1280.png
BAWDY,indecent,indecent,https://images.pexels.com/photos/13466050/pexels-photo-13466050.png,https://pixabay.com/get/geb6783b60e7ec10fe0d10e5753eb3b0c4b47cf98e65cdaf97ffdc8171dab9c3a8bac2d0448694578628316661163fb8dc4dd9bf5b2d8d8b5957d9f8466facee6_1280.jpg
BEATIFY,to bless,bless,https://images.pexels.com/photos/5979829/pexels-photo-5979829.jpeg,https://pixabay.com/get/g1ecb9e3fd09ba9dd4cc601fdf7ef476a8b162ea763a329215c04a12637f41b0a5d9e62d80ce7feca3f45873b4379fb705b25fe46eb719c51e478edd8f7750f07_1280.png
BEDIZEN,to adorn gaudily,adorn gaudily,https://images.pexels.com/photos/29366998/pexels-photo-29366998.jpeg,https://pixabay.com/get/g406ad23943bbfee805314e4b110a7157b81ca400d745fa0c427dc6e192c189593e640dcbe0498a32a985fc9ff02952359285e15472e1843a4a21e29d95951e91_1280.png
BEHEMOTH,huge creature,huge creature,https://images.pexels.com/photos/10962931/pexels-photo-10962931.jpeg,https://pixabay.com/get/g5146e6791254592e4656d232d3f96badbaccb59533764df5d174eedc0aaf31b212f7137e7da18685996fe08e25a5ebe92935a61da64a3b7c9ee637618ec28d73_1280.png
BELIE,to contradict,contradict,https://images.pexels.com/photos/31078928/pexels-photo-31078928.jpeg,https://pixabay.com/get/gb2084bc6c62f06d571828aec3f156f2bb6635791d74e3956dd44a899df4a218e769b27f8920d7c6ed0b2e29112c8c65720d0476de392a7d077f14f8c1868050a_1280.png
BENEFICENT,charitable,charitable,https://images.pexels.com/photos/15570547/pexels-photo-15570547.jpeg,https://pixabay.com/get/g558eca31c46b6c05cd9925498fdde9e378af91bf9bb90256719ad2d6ce9178988478fb467a3523cb0f51d56bc6697b8d3f2e0b65cdeeae7949be9331bc5f657c_1280.png
BIFURCATE,to split,split,https://images.pexels.com/photos/28456010/pexels-photo-28456010.jpeg,https://pixabay.com/get/g27f795e81da709124a8fafb9086b526795feff7d3bb578b2850d23542becd9018eb2f05620a1b547040265b13f349eb599934f9b7423954928d920eb6912f8f4_1280.png
BIONICS,engineering biology,engineering biology,https://images.pexels.com/photos/25626587/pexels-photo-25626587.jpeg,https://pixabay.com/get/g46f9b66511a09351fff719b8af551ae9f84c432606feb217a978c2ec6150c217f85dd80d9b7f7115ffa5142b989900ee2320a9d090723c14733771b0218109d9_1280.png
BLANDISHMENT,flattery,flattery,https://images.pexels.com/photos/7640788/pexels-photo-7640788.jpeg,https://pixabay.com/get/g45f8ac71eb9876d55871363e12953d9c9829130b71fd0865bbc9c1379e3b6332a693d8f883416a8cb45ea13fc2b0513c531c7a8d8e116426ec9e41167a65e414_1280.jpg
BLASE,indifferent,indifferent,https://images.pexels.com/photos/3823495/pexels-photo-3823495.jpeg,https://pixabay.com/get/g8e23ad4d0abdb3f0bd97b9552ffcfca199920ceb1845b4b4b35e953b423977eccb3ea37d0afe0092cd3fdf69c1f7182a6522bff41e027a4f8b924738274c0cb8_1280.png
BOLSTER,to support,support,https://images.pexels.com/photos/8867475/pexels-photo-8867475.jpeg,https://pixabay.com/get/ga3a220e5cb8919da2095998d9c66025fe5c30fbf8d8af026d65b6b756e9a00b30ef23f50adf8a3bf335799a132bb2c372fde58e1b7b0a687bf11755a65191805_1280.png
BOMBASTIC,pompous,pompous arrogant loud,https://images.pexels.com/photos/12306437/pexels-photo-12306437.jpeg,https://pixabay.com/get/g3d6d8a6b3133e6dcce1380fcaf88e55fe8670bcdb4da3832adffad3b1f8cfe20cd7c50afafef344696efeb291b0dc1494b4ccb3927ce6062e6321223ac6a3790_1280.png
BOORISH,rude,rude,https://images.pexels.com/photos/8832238/pexels-photo-8832238.jpeg,https://pixabay.com/get/g3f18448eed334430b60a23b21854becfac71ddba7da9b46cb27c8a8dde84aa3f918e28f54a0b5efe750ab6f5e4770cf683c35bca57dc44f8a02274feb7d3ec24_1280.png
BOVINE,cow-like,cow-like,https://images.pexels.com/photos/34538612/pexels-photo-34538612.jpeg,https://pixabay.com/get/ga1ab3f809b39de16405f46f15bbb5bc83d330667b23577875da1eba4f2e80d8749a4c8408cef50901bc9db4172ec756cc6efc5bddc5bdc8e954647759fc80161_1280.png
BRAZEN,bold,bold,https://images.pexels.com/photos/31820716/pexels-photo-31820716.jpeg,https://pixabay.com/get/gdc4a99b411133408dfd3d6b0adf5fd5e474bc83d52fddc292603209da50d935eec54f7cf9ab1e385d93139f708428c5dd0b79ca20c4c780fd9e1195244f3dda9_1280.png
BROACH,to bring up,bring up,https://images.pexels.com/photos/34127452/pexels-photo-34127452.jpeg,https://pixabay.com/get/g21fcf403d367eb4c6bc914aa8a6e27a40a2019f249af40125e0fdbd74ed1b495af2d4e1c46f9ac6a6ce51a27aabc0a83021e81d45aa6e3f275918135c8c21a4a_1280.png
BUCOLIC,rural,rural,https://images.pexels.com/photos/12552963/pexels-photo-12552963.jpeg,https://pixabay.com/get/gf40383daacd7ede4d9e2e10b27a041fd1ebf526b82b23c2c90148ae78e9627438b58676b594c5bc30356e55f3be4cdd57b1d786cb1a1c469dacf8b17e0370895_1280.png
BURGEON,to grow,grow,https://images.pexels.com/photos/10914345/pexels-photo-10914345.jpeg,https://pixabay.com/get/gd50723dc2a12e33fdbc648dc13c5a690b09c12b34b1c509779c818d0d1996bae07cd028393ce043996e713851a4010bb92566cceb12c22d18e886e9f3e21f869_1280.png
BURNISH,to polish,polish,https://images.pexels.com/photos/10420563/pexels-photo-10420563.jpeg,https://pixabay.com/get/g2b12685578ca551e6d1f550278df6936ab4547f3a06f329b687d1b437951e7426fd588c7979a5f2f0814c84c420d8668f8751db9afa652ec8f38ed814158a251_1280.png
BUTTRESS,to support,support,https://images.pexels.com/photos/8867475/pexels-photo-8867475.jpeg,https://pixabay.com/get/ga16c19252d5cae5edf7e4000730fcf52846686c783ee233a2361a73a17e7dd73d75aa74a4c461f9946f0f45b7206fcd03e485c02fe97750b8780197c2b2e0a59_1280.png
CACOPHONOUS,harsh sounding,harsh sounding,https://images.pexels.com/photos/9331903/pexels-photo-9331903.jpeg,https://pixabay.com/get/g2080ed30cf319d623146a2a219f878be6736d48f766d9222937a63dbe59d1070b1b8cf7469942b72864655a3bddd30639ec68226180ad9205ed44cde8ba7f11d_1280.png
CADGE,to beg,cadge,https://images.pexels.com/photos/19568392/pexels-photo-19568392.jpeg,
CALLOUS,insensitive,insensitive,https://images.pexels.com/photos/7640788/pexels-photo-7640788.jpeg,https://pixabay.com/get/geeb92cbf9e5630c98baaa725269978373091a08d2f03895a86f3ecce2384d995fbf8045bf18cc702dcb9a4fa14312d9001e73914f36791a0bb32e3a7fc6ee63d_1280.png
CALUMNY,slander,slander,https://images.pexels.com/photos/20143756/pexels-photo-20143756.jpeg,https://pixabay.com/get/g58771fe254882e352fd9031fd5b84390fcc8cbbff44787a57157b5702b02e68f4414ccf9be87aae64ae74c4ef77e85e8c572c2405ad722d83d0aef26e9666abf_1280.png
CANARD,false rumor,false rumor,https://images.pexels.com/photos/4844350/pexels-photo-4844350.jpeg,https://pixabay.com/get/gab3908639288fd5946e152fad51de08dc5a75664c66d00445a522df6a6d0e827b9a3c8367c314c81f165ff24f8e39fdb0c4399b3e56de14d57f2cbea8a2d35e3_1280.png
CANON,standard,standard,https://images.pexels.com/photos/20885752/pexels-photo-20885752.jpeg,https://pixabay.com/get/gcb361fddd79fcfb8712766ae8c3d7357d5093dcc4eb8cb66d0bc5ec03e3c333d4ec6e323dbe7ebe0271c8c1b13a1db9de8f57dc0c68574e56e190ae839dec572_1280.png
CANT,hypocrisy,hypocrisy,https://images.pexels.com/photos/7640788/pexels-photo-7640788.jpeg,https://pixabay.com/get/g3f635efa0f99f54fb1357eaa9ba4868a02ebd49b5829ca74eb8177d6475359d66d8f0afd9646a444788cbd1a237db129672acc2ebc216e77fa3d7cc5d231345f_1280.png
CANTANKEROUS,irritable,irritable,https://images.pexels.com/photos/21134541/pexels-photo-21134541.jpeg,https://pixabay.com/get/g365ec2ad16417f91d2c57628e689299bb5498a0d6af92a6fcb4bb8204b68b6da3d165edce2517d41897a0903966a42c1_1280.png
CAPRICIOUS,impulsive,unpredictable mood swings,https://images.pexels.com/photos/908970/pexels-photo-908970.jpeg,https://pixabay.com/get/g894cdbface26115cebf57b6a3dd2579307d17d7e3d509a70786e0ac4dc40c5dd332fdc765958e3f843722a0dfd60267ef8e26aad29f246c397da24e87569ed05_1280.png
CAPTIOUS,critical,critical,https://images.pexels.com/photos/8831810/pexels-photo-8831810.jpeg,https://pixabay.com/get/g6b92b164e267ca5562450ac0b87c3abc18d12456a23390e7858ade2bda1c4f7e7c7247abc44d68a3c66fb1c21878f917bf5ef2ac384e92966a8ee8ac364d2a24_1280.png
CARDINAL,fundamental,fundamental,https://images.pexels.com/photos/20992934/pexels-photo-20992934.jpeg,https://pixabay.com/get/g54bf02a67d34885e5ee2e737abef92a620f24f714580c7d7715c8baca12d7cc734281c671979916554ccd96440dc386c4313727b9689ae56be5d59bb710d5c4c_1280.png
CARNAL,sexual,sexual,https://images.pexels.com/photos/11667789/pexels-photo-11667789.png,https://pixabay.com/get/gf5b50c740da575d064c31c9d27b2c8ac844ae2cb3393d4f70873ceef609b6c875a13668a7f1975a48e30be65069c8d658d3b261ee57567423fe8a8ccf1bc5182_1280.png
CARPING,complaining,complaining,https://images.pexels.com/photos/7640788/pexels-photo-7640788.jpeg,https://pixabay.com/get/g1dc8f8b225c88b52ddd8ad7a72b3086b4040b386ed5da938fedce4787dd5607aa3d5e844de68098be751dbe4b9abe571b9821c04245737bf4e65ddfc117ce7f9_1280.png
CARTOGRAPHY,map making,map making,https://images.pexels.com/photos/17184739/pexels-photo-17184739.jpeg,https://pixabay.com/get/g25d1d54931e9a38bf0c657c8eab545dfa11a12a91ba5dd1d21b75604da7f5ca6f58e647da731fe1e57977bc8a208de4a068748aeaf446085f7ae5d6dc60ca25b_1280.png
CASTE,social class,social class,https://images.pexels.com/photos/8617961/pexels-photo-8617961.jpeg,https://pixabay.com/get/g6728a41747377756b829e2d7af77b296703b5d82b666c7a9531cf31b64804993db75badd0f82682c1277aad34c38c023ceeb78718b647e36c97e3f5ccbf9c260_1280.png
CASTIGATION,punishment,punishment,https://images.pexels.com/photos/7640805/pexels-photo-7640805.jpeg,https://pixabay.com/get/g8ae35eee84a6f720de3735833e1528130a314061692f5cfd1fa47e3c0e6b5a04c8d2b5558df599e490b4ad3e9eebb1950bcfbd482257c86d1c0f10fe251876fc_1280.png
CATACLYSM,disaster,disaster,https://images.pexels.com/photos/16533321/pexels-photo-16533321.jpeg,https://pixabay.com/get/g2bdaa9269b3b5f3d8d9700a20f4053cfd5efac4d1906af29ce2ba41b5c1dc1ca2b02d13a3e435e182bbc3026e76f2535d2878a6951ca9d4fdf5a84b5c5dd530a_1280.png
CATALYST,trigger,trigger,https://images.pexels.com/photos/16070479/pexels-photo-16070479.jpeg,https://pixabay.com/get/g5a4837a76468bce9a6f0d0be47f728772f31f70cccc58bcd114788723be071f13d4734bef29df513079dbd91f9147b66be2e832d1638d0adb665cc576828e1b8_1280.png
CATEGORICAL,absolute,absolute,https://images.pexels.com/photos/12456280/pexels-photo-12456280.jpeg,https://pixabay.com/get/g832b5bf4cc2500bf3f3f146b8d163e32f15d01b151f1f6f41827bd17875eee14660de628958d5014804b39491f0894fa152fafd237b782d639222de8e7382063_1280.png
CAUCUS,meeting,meeting,https://images.pexels.com/photos/7640741/pexels-photo-7640741.jpeg,https://pixabay.com/get/g45a0982ec958a7766a65c31ae6c27582540cc2e56cbeaa93c4d4e0fd3e2d7aea90b792efd25db6ceac51e78e083ba4764df8e285ea5424b7447a3976f7179ed3_1280.png
CAUSAL,relating to cause,relating to cause,https://images.pexels.com/photos/7640788/pexels-photo-7640788.jpeg,https://pixabay.com/get/g88a3dfff3f787febeeefbd3038ba5d5a05891c68b5f28052e3217937361ef617be1704a30fe01cd06266ec8a5352b26144123b2f05c34c115f444e531eb38212_1280.png
CAUSTIC,burning,burning,https://images.pexels.com/photos/5573625/pexels-photo-5573625.jpeg,https://pixabay.com/get/gf85c704c7b11716bd5836f31ea921b5db8109ac5adaf628705a5bf6a226466faf9e744f7f9390acc41a0549741e4b3ce1796741214bf294f95655d94e9a2451a_1280.png
CELESTIAL,heavenly,heavenly,https://images.pexels.com/photos/28388318/pexels-photo-28388318.jpeg,https://pixabay.com/get/ged04ad082a0a62b2950bacf716de4e8ba91f81d5a1aa4a578d26e797cf2914a55539d36a92f22455493158d3ceab830e_1280.png
CENTRIFUGAL,outward force,outward force,https://images.pexels.com/photos/29285852/pexels-photo-29285852.jpeg,https://pixabay.com/get/g1c677940b2270cf9d9e0ab9181bdc0cda7d1fdd9350e9f459a195e09a89d9ec569b1224c167c7f7f81c37575e6e0e0ebbfeebd9a28dd40487db6a7deb7a6f6eb_1280.png
CENTRIPETAL,inward force,inward force,https://images.pexels.com/photos/6121941/pexels-photo-6121941.jpeg,https://pixabay.com/get/g49399b720702ac5ddcb268da4cf2568d8eaa4f8df745f2f47f16b502773d8c13168dfa94f1f651f5b006718f355f7535ef169eeea97e2456175c50e591dd0e7f_1280.png
CHAMPION,to support,support,https://images.pexels.com/photos/8867475/pexels-photo-8867475.jpeg,https://pixabay.com/get/g3941c3975a66df7d0a6376c82a80b6745c06cdc500215d650cb8f218e6d39f38458ec5cb5a58b402954bfa0c6dd5a42ee8fe0295f576110cbf65ddb9ff474d1e_1280.png
CHASTEN,to discipline,discipline,https://images.pexels.com/photos/9271155/pexels-photo-9271155.jpeg,https://pixabay.com/get/g32b1c57ffb622d041f45f093f844c3482506596142e3b0de5efcae7646fcbec1be4c7e202bc9af39d4b03a82169340051f2c42fb89102ae6f8ed5f6e6f35b197_1280.png
CHICANERY,trickery,trickery,https://images.pexels.com/photos/13537948/pexels-photo-13537948.jpeg,https://pixabay.com/get/gc411a282ee61df26d0a8d2eddbd90b95d95007f67bd5b61a9f236c3782e8c1850bae3a3d4491206e956bd953732b1fcee29b82a8930ee82bec9722d080f209d3_1280.png
CHIVALRY,gallantry,gallantry,https://images.pexels.com/photos/30386568/pexels-photo-30386568.jpeg,https://pixabay.com/get/g33d41951b5b3bcd928d36a8cc99009282eb50fd5f96a15e3d9f58eeb7e977a16e48d4d4d496780c5ae1580d5c603dbee882048f3dc15168e375dc36d73007c99_1280.png
CHURLISH,rude,rude,https://images.pexels.com/photos/8832238/pexels-photo-8832238.jpeg,https://pixabay.com/get/gb48438a03232828eaad9bb994013be28470fd29827f2a7f28ad6533016d884ea61f12196ffb986be0280b794ba3904aba5ccb00f9c18f9b0d93462c6e98712fb_1280.png
CIRCUITOUS,roundabout,roundabout,https://images.pexels.com/photos/29223499/pexels-photo-29223499.jpeg,https://pixabay.com/get/gb34cbe58af3425068bec1450626d1214902ff9ce460f5cabb347cf60e6ad04b89f53bd7341d154c5d23e85c13aec7d0cfd1068374389e44f35a392634a1f3b1f_1280.png
CLAIRVOYANT,psychic,psychic,https://images.pexels.com/photos/30828553/pexels-photo-30828553.jpeg,https://pixabay.com/get/gf6964e77e361a55ef7be6104e1cb431e76d09339642b3edf364be5b05fc593817bab6a342a5f96c7cfdb9ed0ede7247772b61d6461cbdca0b40ece6f8358de51_1280.png
CLAMOR,loud noise,loud noise,https://images.pexels.com/photos/20833064/pexels-photo-20833064.jpeg,https://pixabay.com/get/ga8b9ca61bfb68dd2cea4b7de768e2fb1961f2e72c787f5eb1a49c6c0372d5265d990d55ab7a4e2b2f0d27f04a32d300623bbcf7b200a82d9e562d502dba3ead6_1280.png
CLIQUE,exclusive group,exclusive group,https://images.pexels.com/photos/29334668/pexels-photo-29334668.png,https://pixabay.com/get/gc0004f32632192fc372f4bbc25893ca4c437c84b278d62fe018de056499a27e64f7c573b9c72bfe0a1a927d1b62aa19056ba0d3be8f102f3ba23f7019ac88fc5_1280.png
CLOISTER,to isolate,isolate,https://images.pexels.com/photos/36203387/pexels-photo-36203387.jpeg,https://pixabay.com/get/g128b0edf1630c508e8dcc9c1167658a79a9ae031ffed25a10d517fd627026624b8af44f3b6580006e93bb4b7d6577686_1280.png
COAGULATE,to clot,clot,https://images.pexels.com/photos/12948557/pexels-photo-12948557.jpeg,https://pixabay.com/get/g686a1f95403d483b8e986790511b2833091ebcc3fc4caaa3b08341532aeefb96145f7d1de916ce9b54bed2973ae6f90c5e43020c2d9e8c72775051a02d5bb1ce_1280.png
COALESCE,to unite,unite,https://images.pexels.com/photos/28386258/pexels-photo-28386258.jpeg,https://pixabay.com/get/g4179b26f86ed5c4bd7bcf536d8380dd0887d029d7b9971173f2163576cdc364fd17e3ace5b7aa4726038c3c5fd06b2faa4fd80d631f5d64a1f5d4bbcfd5b0f76_1280.png
CODA,conclusion,conclusion,https://images.pexels.com/photos/7640433/pexels-photo-7640433.jpeg,https://pixabay.com/get/g816195440928edf42fd4f24709d32d1c3063a3b50ebdb23af723de675a11e7f83d342e13844b0c302208693e8e6b7a9e16abbbdbce5f7f97836a364971594134_1280.png
CODIFY,to systematize,systematize,https://images.pexels.com/photos/7793173/pexels-photo-7793173.jpeg,https://pixabay.com/get/g8a75686e1ae2dbfd7eaf5ce1a3d01ff846a7260d3317e1501185e839900f6b4b67825fe60a0eb645203254cdb32c121e_1280.png
COGNIZANT,aware,aware,https://images.pexels.com/photos/33851872/pexels-photo-33851872.jpeg,https://pixabay.com/get/g02ac2d3f6bd7eba17f1ab9104e155980946ed0b57cb0f4b612bc24dc75223a5c14857b9ce29c83b82752d3edb44456c9_1280.png
COLLAGE,artistic composition,artistic composition,https://images.pexels.com/photos/17307177/pexels-photo-17307177.jpeg,https://pixabay.com/get/g99d30fd453a54b03e9e5d1a0c688c187a4ab911927a9f942bdc4235e5508bb0129b5ed6cdc043038025bddfae53d24197f6f8490f713205b388bf8c0c3f0a829_1280.png
COMMENSURATE,proportional,proportional,https://images.pexels.com/photos/27643424/pexels-photo-27643424.jpeg,https://pixabay.com/get/g15de9ecf6078ad2cc2b2333831eb5838d2c9b76b0cb8aca33cc55daa0b38ffecfbc81d9c248025c45efbb1a77d7c3fe1c3e213d5b822fe5634895a11cbd58dc3_1280.png
COMPENDIUM,summary,summary,https://images.pexels.com/photos/29765799/pexels-photo-29765799.jpeg,https://pixabay.com/get/g3cfb8dc2f246065d3dd405d3d0ab293ab87e5dea66bc4ca9a0d6437223fe6cb1e50c9a56406754ddfe6da816ab44780da2d400e56d4e860d9cf03a6e1d5f6c55_1280.png
COMPLACENT,self-satisfied,smug satisfied lazy,https://images.pexels.com/photos/6094038/pexels-photo-6094038.jpeg,https://pixabay.com/get/g0665d77bbbb051200aff403f2981f8cc8b0262b596afba500d432f9c449a974b0b900b26cc9942f7d01255aa99066391fa764126ea16ad13fb981aae7ca8335b_1280.png
COMPLAISANT,willing to please,willing to please,https://images.pexels.com/photos/12561242/pexels-photo-12561242.jpeg,https://pixabay.com/get/gbf444ec97eb2daab57866465f05f2b39b9170917011d6d63cdadbfc2686cbb8cee49cfb988b7b19ea839481699fbf224fa2f5aef760ee52085c524d97e84abfa_1280.png
COMPLEMENT,to complete,complete,https://images.pexels.com/photos/6682476/pexels-photo-6682476.jpeg,https://pixabay.com/get/gad19b59b82b89e24ad03e282441c69d2ee0c447c48c9b601aca8780f8d7b10ca6643464d6fb92a7beb9ee1cfeb946d2681f43ac8ef8c7ca3e7fdac16ae7d7b3f_1280.png
COMPLIANT,obedient,obedient,https://images.pexels.com/photos/8031870/pexels-photo-8031870.jpeg,https://pixabay.com/get/g7bf7cc5399b15f2c98394961839aa2e6add6eaaf7c25285d5a617560bea22b90358bd7c3c94e554e81df4d0a7ba8e0f1_1280.png
COMPUNCTION,guilt,guilt,https://images.pexels.com/photos/6144393/pexels-photo-6144393.jpeg,https://pixabay.com/get/g2d50db3726a3f8bd460e6ce96186a499ab744f7dd9828c3340a448c16af9722c6a6f3b3b574f982598ca4bd00c713a35f1a08f201b676c992bc9594a66820781_1280.png
CONCAVE,curved inward,curved inward,https://images.pexels.com/photos/8077233/pexels-photo-8077233.jpeg,https://pixabay.com/get/g7e590b809baf0c23f58e82daa7e520f269d37d866c4292c6a5fb99da187b12c94d81e96faee12418155ba66a7dc038264dfb4957bb41ce894182118d34f34626_1280.png
CONCILIATORY,appeasing,appeasing,https://images.pexels.com/photos/7640788/pexels-photo-7640788.jpeg,https://pixabay.com/get/g2b9198d256248d8a720687b1b1d352c3ab31e61a22d6e82dc129d60f45510b4f0066ef4e05dd5d03932befa10d6acb6dfceb390c5ede2e1e77a6d9798d5ee7cf_1280.png
CONCOCT,to devise,devise,https://images.pexels.com/photos/8366383/pexels-photo-8366383.jpeg,https://pixabay.com/get/ga529a5c1ef1b12fd88bd060e6cc183e98acb773e45549ca5d4ecab83e9af31f6b734b711a10c499f9da9ec9a02e3a7e543ed60d7949a53523d67ac659761ff6d_1280.png
CONCOMITANT,accompanying,accompanying,https://images.pexels.com/photos/26807057/pexels-photo-26807057.jpeg,https://pixabay.com/get/g3df5e6aa1bb0ba7326310468b59900dbff349b763ac2c5de5191d7fe2629a3525e5932cc802f21070bdbd69d7ed2495df9a7a20518d88821323f3aad487834d9_1280.png
CONDONE,to overlook,overlook,https://images.pexels.com/photos/12229305/pexels-photo-12229305.jpeg,https://pixabay.com/get/ga2a5e392b871bcca372e6f1c8d38512ee794691dcdd9b871e54c3123cee6e177d2610916142b8f063bbfb43bdba82a5e_1280.png
CONFOUND,to confuse,confuse,https://images.pexels.com/photos/14997034/pexels-photo-14997034.jpeg,https://pixabay.com/get/gfb01e4ffae4d4b9029da7a82c4698837c948fe58b11c0bfd7dfc3979db36bca4592bd12bcfc5cb63d6bcbd335c99fb05387258d4ec5d963c9bf0f993d61e4ea1_1280.png
CONGENIAL,pleasant,pleasant,https://images.pexels.com/photos/908986/pexels-photo-908986.jpeg,https://pixabay.com/get/g9433fd618e51ff63c910f29f0ad6d9a9363d8407d5f7dd4547c3ea823056fb3ec01600a70848dea0210539defb566325cf7d4deffad7a88c422b06ce08fd3a4f_1280.png
CONJUGAL,marital,marital,https://images.pexels.com/photos/27936090/pexels-photo-27936090.jpeg,https://pixabay.com/get/g7c5ea0c09d47bd90c91249b5b2bea74d155b1cffcf896ae9a803d91b7649a2195672eb6348174831096d3d01d9d817cc0f1d5bc42a839320b4507ee8cf93809a_1280.png
CONNOISSEUR,expert,expert,https://images.pexels.com/photos/19601385/pexels-photo-19601385.jpeg,https://pixabay.com/get/g41c68e0ca3ba382d065fb6b90f52f96ed7636bb43dbf0304e36baf134e1e44ed0bda35c2046185037124f59b3e4dc63466f7dcb93b988cd5db4448aa259fd4c1_1280.png
CONSCRIPT,to draft,draft,https://images.pexels.com/photos/33761244/pexels-photo-33761244.jpeg,https://pixabay.com/get/g3b81f508e0d636c7378bda0839bd353fcc323716d9e36387c5402cb483943657502576d970573d6177beba59a5f43e6b0b21f844c3fd79de12d24d7d00ec917b_1280.png
CONSECRATE,to make holy,make holy,https://images.pexels.com/photos/34192029/pexels-photo-34192029.jpeg,https://pixabay.com/get/ged0addaf8b926a0710ec24b91343e549aa27438bf82873ce5e5e100a36298575cde85728c2b27b3b2c1ad1b5b602cebf762cde48e21e93096e08f5a9feed47ac_1280.png
CONTEND,to assert,assert,https://images.pexels.com/photos/32114787/pexels-photo-32114787.jpeg,https://pixabay.com/get/g8ccd2b10b7998a8e80262c6cd903050dce7a7b1d859e1b9faacd8d5cb4764d6827b3b6a5a30efe22bd1f555c2fd8ab1012414f968581a6abbf182c86e2b50487_1280.png
CONTENTIOUS,quarrelsome,quarrelsome,https://images.pexels.com/photos/33820660/pexels-photo-33820660.jpeg,https://pixabay.com/get/gf8381e0b9f8a99e1b304051d4585a5e135c84f25ad7f4a8e6173dc124b44c40d6903da3f54a09659ee902d844f7c339c41750f583f9037fa24a01e383f5de33c_1280.jpg
CONTIGUOUS,adjacent,adjacent,https://images.pexels.com/photos/1586148/pexels-photo-1586148.jpeg,https://pixabay.com/get/gc3cb978a15e2b498981cc4830bcd0f699bca987afcb0d248cef8471b541b225ca2d9c7fa117dfd778319f76dd9477b11e19664915e9611e87fa8eb0a4e94b23d_1280.png
CONTINENCE,self-restraint,self-restraint,https://images.pexels.com/photos/29479897/pexels-photo-29479897.jpeg,https://pixabay.com/get/g88871593f6bfd47165332b2f335ec524134b3d66fd26f10f24f872fbd057d92a3579bdb90d526ebeb38128a272066a98db0cd9c29878c5c6f3bd658611ba46d0_1280.png
CONTRITE,remorseful,remorseful,https://images.pexels.com/photos/13733032/pexels-photo-13733032.jpeg,https://pixabay.com/get/ga89778110a6bc01682b24ea768f884c21fad36a1ebcaaf1b67a3ce3c30123eac63f0358120efb3b863a57427f17b44e9b44a8238bb2f7914d0408694ff43fb66_1280.png
CONTUMACIOUS,rebellious,rebellious,https://images.pexels.com/photos/7045185/pexels-photo-7045185.jpeg,https://pixabay.com/get/ge16c5ecab651f52c0c9375f0a74f6a32e2903b8956f290494263bc9f21ed4d5112886b8898e7d66693d9317c71c8d6c08bfd521649b85fb418971b898dfa5254_1280.png
CONUNDRUM,puzzle,puzzle,https://images.pexels.com/photos/4309153/pexels-photo-4309153.jpeg,https://pixabay.com/get/gcd81bd1e961af0e3d381824b9d19ac7313a71bff29fa93e9f74775d9b041aa2bceff1e98de2bbfe89f5f0a1725e737f3659c78a48d8bcf95d36b61a72a3aa0ae_1280.png
CONVENTION,custom,custom,https://images.pexels.com/photos/16197108/pexels-photo-16197108.jpeg,https://pixabay.com/get/gc2519a332210f44fb0505fcc99892845bc752fe0f9c9769f42491a201c984c16c648b17da0944ac65070bfc36fbe94ed1a7cdffe54cdde4926541a5380e6525b_1280.png
CONVERGE,to meet,meet,https://images.pexels.com/photos/7640741/pexels-photo-7640741.jpeg,https://pixabay.com/get/gbe16abdef16f2ae2c401c884c8d87316e9934cdaafe73b719f1dddf819efc5bea6aa04a6d49abf960cc9e7a04d0d2e77c339d019bdc84df51f5a18b29c3beaeb_1280.png
CONVEX,curved outward,curved outward,https://images.pexels.com/photos/8077232/pexels-photo-8077232.jpeg,https://pixabay.com/get/ge1e981528711d2ccece56d11230a784e5067f7e0414474e9aac0e7e7035092c98e1a1ecde4b7d04e999e0a4adafa5ab451169ca04c81243dfd7d5edad69d7c8f_1280.png
CONVIVIAL,festive,festive,https://images.pexels.com/photos/14683182/pexels-photo-14683182.jpeg,https://pixabay.com/get/g08c6f7d8f0065568443e54ece60c02e1ac05f2eae576dce50ce58494251ddfeedb181634041893ad0d79ff7f1012b4137d2202b654c2cca76afb490d62c85eca_1280.png
CONVOLUTED,complex,complicated twisted maze,https://images.pexels.com/photos/2230796/pexels-photo-2230796.jpeg,https://pixabay.com/get/geca482465071ed62b2ed36f45cc44bfe8bcb1bd98cd2836135d8691b5c249e241d290cb309e4bf0aa962e1be3811c0bab23c957ec88b372cf5937e3ae23fb43c_1280.png
COPIOUS,abundant,abundant,https://images.pexels.com/photos/9540187/pexels-photo-9540187.jpeg,https://pixabay.com/get/gfd71942e2768e17ee418db75f85719ebab67f1c2bb840b3f90624b05a781818a84594f1e6d1c43a2f863ccfe709278a3d051f354e2081760a45e712fa3c4150c_1280.png
COQUETTE,flirt,flirt,https://images.pexels.com/photos/27849246/pexels-photo-27849246.jpeg,https://pixabay.com/get/gd41a073874c332dc73e7d5ed481c0bbc168733849fbffc39dcd4f5562bae183a89843bc7790bf3af34cedcec2a35f905d0ff567648adf7c4a320193144edbe0b_1280.png
CORNUCOPIA,abundance,abundance,https://images.pexels.com/photos/9540187/pexels-photo-9540187.jpeg,https://pixabay.com/get/g22b8bc750e9a01647390e4121c5c7088951de4de46ca986e483414ba78aab484d604d6578affcb41ca4569bab36e64a786a78bfa908c3dbc15029e28e11b37d7_1280.png
COSMOLOGY,study of universe,study universe,https://images.pexels.com/photos/13237926/pexels-photo-13237926.jpeg,https://pixabay.com/get/gfc56413f037e89ce1a481cf443b5a62521ea72214e917ae2f8b046ecf6b06f217bfd35ec6cf65cf958c953d0faf94d876fa3e352feb80e163665f220031846a2_1280.png
COVERT,hidden,hidden,https://images.pexels.com/photos/10057682/pexels-photo-10057682.jpeg,https://pixabay.com/get/gdad86881262bbef3c1b2a0cc482424ec9a7ff65c79d7b41cdcc3b66b6a08a3fa13615a802dcde3378e4f11f9053c580ff97cdd9759924e617281e7970f48b2ae_1280.png
COVETOUS,envious,envious,https://images.pexels.com/photos/1183454/pexels-photo-1183454.jpeg,https://pixabay.com/get/g4212158670edb9107ffa30cbd82ecd0062afae51fd234f68618d308e344f464dd22e94c110fdbf79bfbdfd6ffb5739b3772b86fb7819bca98c4b8b0746bd7dd2_1280.jpg
COZEN,to deceive,deceive,https://images.pexels.com/photos/1820689/pexels-photo-1820689.jpeg,https://pixabay.com/get/g6e3d92bc1d057b59170f5df8fdb6f9a2816aa4cdaecb926e1da48653234c5f8c6bca61f9f8ae340246be822804d7d41d0e6caad6170104c605f4fd120417343d_1280.png
CRAVEN,cowardly,coward hiding fear,https://images.pexels.com/photos/31573295/pexels-photo-31573295.jpeg,https://pixabay.com/get/g24d350c3ef7930442d61dee449727e8b03d603d8a3829a3ddea33e9f809aa6bb9619d4c4ff1723a5f238abb494f63ebb7b2f45e06104d11c2259499cc6258347_1280.png
CREDENCE,belief,belief,https://images.pexels.com/photos/6756378/pexels-photo-6756378.jpeg,https://pixabay.com/get/g98ce29f6ec7511b13fea0cc84fcf6ac88a1d537e970ffa7afba3652076ac0f996f34b9cfe20199d5f34d3cebdd93830aee0e35fd32e6f11cbd12184a4376585b_1280.png
CREDO,creed,creed,https://images.pexels.com/photos/14898641/pexels-photo-14898641.jpeg,https://pixabay.com/get/g93ea516a5eea249f9510544e34dd22d79eba934294a89f149f71d1992e16ac9a54fd5aadac2f616830fe2f38e7280fc7_1280.png
DAUNT,to intimidate,intimidate,https://images.pexels.com/photos/21134541/pexels-photo-21134541.jpeg,https://pixabay.com/get/gc37106afc51ad891120ffe42b2793284df3c1be2b5f2ccbdda8b176add3152b430d6722a1a875ed5b4fc1b4eb5984c34704bfd861c18a49d154f03ffae91097f_1280.png
DE FACTO,in fact,in fact,https://images.pexels.com/photos/10763771/pexels-photo-10763771.jpeg,https://pixabay.com/get/g156d3a5be51f23a9fb152516c1b28971884c29f3bfa90a09c40929565c7031fbc23bd5da2f3336b87a938f040b8dacccf72e8f791f34909a183c82892b782e84_1280.png
DEARTH,scarcity,scarcity,https://images.pexels.com/photos/13252948/pexels-photo-13252948.jpeg,https://pixabay.com/get/g5af05e5e89b2b1b8b9b225092582c6e09790838c7183bca98debab603e2f2f18e25941845bd5b27b018064507adc10b320c68dd72473cc1171d7809fea72326b_1280.png
DEBAUCHERY,corruption,corruption,https://images.pexels.com/photos/8830877/pexels-photo-8830877.jpeg,https://pixabay.com/get/g2c8623ac2db7f43a9ab349329257090856fcd3db016b83bacd3ba1a51f359ad85d59850e646e4086d47b8442925e05d45faa8e0508e406e8c672f1324778bdaa_1280.png
DECORUM,propriety,propriety,https://images.pexels.com/photos/26837382/pexels-photo-26837382.jpeg,https://pixabay.com/get/gb8a1e77e8406245c4206efb07c764cb0bd6535b12fc89b785389d71c206bdd12aa1c856856e3db425ceb4e32e0c4493319561ef7f5922f2f058156bd4706a46d_1280.jpg
DEFAME,to slander,slander,https://images.pexels.com/photos/20143756/pexels-photo-20143756.jpeg,https://pixabay.com/get/g3081531c84f0aaa6375433386d96f5801ce9908cbbf58fd6d902fdbae9e0759539512dcdaedbf0ff1a3eb46408f6b72307f630565b90b758148721337de43bdb_1280.png
DEFAULT,failure,failure,https://images.pexels.com/photos/9396157/pexels-photo-9396157.jpeg,https://pixabay.com/get/g84166cd2598e89636aff001e123d70721403ef3af9bebd74529b77788183a647d2f1bb44c7f9f1f8dbea24c59a0a816255c89c131c243f59d481b2444a4cfcf2_1280.png
DEFER,to postpone,postpone,https://images.pexels.com/photos/19964901/pexels-photo-19964901.jpeg,https://pixabay.com/get/g1373534b0fb6b177b39e336b1cad82287cf0ce1c45013a30f6b7cae5d03d2f042f93788b13c03051f73ffd9c6b739ffceb51f52aa1a3dbd8c6bbc9ffbbf6cc2c_1280.png
DEFERENCE,respect,respect,https://images.pexels.com/photos/8830978/pexels-photo-8830978.jpeg,https://pixabay.com/get/g7f24ab9420b514e45481299d128b6092a564dc42543c73eced97fc951739d8a2248da834c68aeaa9c1a1d5a1d9bb75b0e423d75087232b423ccee9a0629b83ad_1280.png
DEFUNCT,dead,dead,https://images.pexels.com/photos/34626553/pexels-photo-34626553.jpeg,https://pixabay.com/get/g198eec7118019e0ee8b7aa9caf96f8f40eb1d60d72825ccab3cbc542cb47d5bfe8456c3681367420c6d0a1595b64be97aa65e2c4197e9fd976678f28f056ec33_1280.png
DELINEATE,to describe,describe,https://images.pexels.com/photos/29737184/pexels-photo-29737184.jpeg,https://pixabay.com/get/g42ce24c28217720aeeeb50e13ede7fc680ec2f14bea51633929fd09fd34f00b0e8ca74b49023896697497ba5308fe74a60ac25c138ab71dfe14d451c6766e80e_1280.png
DEMOGRAPHIC,population characteristic,population characteristic,https://images.pexels.com/photos/18012453/pexels-photo-18012453.jpeg,https://pixabay.com/get/gca8ebb2c75a39d7603243508e8fa26d1e5ad194bafaa487d7125ecf2afb9256a244aff0868f42aacc872ebb0cb460f86d929eef031cd60319baeb49af873b160_1280.png
DEMOTIC,popular,popular,https://images.pexels.com/photos/17097435/pexels-photo-17097435.jpeg,https://pixabay.com/get/ge8789cff922d427ec80f9add715a31f2e6f486c8692ef0294c76fec8b4278fb7ef31cf9b2dfaf57f6e7356319745fa486d2d977cdbd3e685e1226690033c8bbc_1280.png
DEMUR,to object,object,https://images.pexels.com/photos/18069082/pexels-photo-18069082.png,https://pixabay.com/get/ga9f4c0921a63d5d0b89bbae5347c2400806824997a63b9fafb4d0885ab74943ddcc4b8ad27e164ea0d6b976072b8d6d9e41149d85fe0af364183104916eec77a_1280.png
DENIGRATE,to slander,slander,https://images.pexels.com/photos/20143756/pexels-photo-20143756.jpeg,https://pixabay.com/get/ga05f84d4ec526bfa17e359748fbdeec6963a53de31f6450175a6b201885cc2538a9fbfd25bc6612f0b24e0dc98da2f854bb85b8cec5fbafc7b8eceab43d2ea8f_1280.png
DENIZEN,inhabitant,inhabitant,https://images.pexels.com/photos/14027337/pexels-photo-14027337.jpeg,https://pixabay.com/get/g7a6d29799bba28509fe381d429b9323b979e4cf2e8da86bd19c80928b0dd571529a92a57521f874c3cbe4c1f9c6d4db148178d7ff2fa33011c591c670d055d1c_1280.png
DENOUEMENT,resolution,resolution,https://images.pexels.com/photos/7640831/pexels-photo-7640831.jpeg,https://pixabay.com/get/g319b528d7d0a661436a0dee3d0bc9132dd45d2e9794cb2a5bec0875b7258cbef8519070efa91e194fa8cfba83b11c094d9c37092a2b209e8c5185ee0c639398f_1280.png
DERIDE,to mock,mock laugh ridicule,https://images.pexels.com/photos/29765806/pexels-photo-29765806.jpeg,https://pixabay.com/get/g330d26859df0139dcbfd92c623d6c7b051977befb150aae3cd7a6b56c4231387b6adb62830af783f4dcbb821971676d0f570d18f42e75c3c398bd58d10663703_1280.png
DERIVATIVE,unoriginal,unoriginal,https://images.pexels.com/photos/2733337/pexels-photo-2733337.jpeg,https://pixabay.com/get/gd6634b0ee76de88b0cdd7d7cd0dc29b0d7296ebe3711eabcef8d276191cb7667169b2efcb3630bfaa829895c2d87bb396e310f0e4631223550bdda01c6437983_1280.png
DESICCATE,to dry out,dry out,https://images.pexels.com/photos/28169597/pexels-photo-28169597.jpeg,https://pixabay.com/get/gf793daee8635d59acc7ca24b98863b45eb216d910136debce2affc857403d05b16c4a3b09996f9fd7b73784063e2ad08f8606e3888ae662de2f1f8d097d5aef7_1280.png
DESUETUDE,disuse,disuse,https://images.pexels.com/photos/21036318/pexels-photo-21036318.jpeg,https://pixabay.com/get/g1f54818834ff3d491acaa1ef9597e89a6c371eaa8d000abcb50e56ef2a85e7434a8a7c0a702cd6f8619e2e80828c4244_1280.png
DESULTORY,random,random,https://images.pexels.com/photos/29682415/pexels-photo-29682415.jpeg,https://pixabay.com/get/g96a9af739933280aacc710f6b95435e4330b7d6b8b8ba7c918f6bd1e73d81fe17675d371bae8baced43f32af8cab7c7ec8d42a81849fdd9ec417f86c69429d23_1280.png
DETERRENT,obstacle,obstacle,https://images.pexels.com/photos/31043940/pexels-photo-31043940.jpeg,https://pixabay.com/get/gb1244b91925eb359555839ddc54b0f6c014fdde13b146abab21d78e7cd9cdde538938869a38bf022cfd9051951108ea75604f27014f5745db28dfe5980d713b8_1280.png
DETRACTION,slander,slander,https://images.pexels.com/photos/20143756/pexels-photo-20143756.jpeg,https://pixabay.com/get/ga54aa5165a6c24ad504c30434711481d4b7466096212c32bc1caae14299bd757735f0b0d8572030af003c1e7277205b3f1abc8e3723c8d63204ce4c7363795e1_1280.png
DEVIANT,abnormal,abnormal,https://images.pexels.com/photos/14837871/pexels-photo-14837871.jpeg,https://pixabay.com/get/gb39de139980c63a6be9e8f01a2ebce9434e393eeccf8e5fab5ddacd5a64e28be1ed59846471ac04c527d13b691d8027c6b9dabb42bad990f8b7a344f3c7f01a1_1280.jpg
DIAPHANOUS,translucent,translucent,https://images.pexels.com/photos/33926882/pexels-photo-33926882.jpeg,https://pixabay.com/get/gf384ac86d086888f4a498637633185e9bfea941c14ca11a38be8a13a0c1438dcaab0c91e0534e7c847bad7c5071cf16b_1280.png
DIATRIBE,rant,angry rant criticize,https://images.pexels.com/photos/7640818/pexels-photo-7640818.jpeg,https://pixabay.com/get/gc0502608188a9e828ebef2987bd2027b350a3ee3b1bf68e97e523a0296db5c1810312a44e992dff6fdd5f65d46504781b07ca36ce7a5879176e8ce40bf60f507_1280.png
DICHOTOMY,division,division,https://images.pexels.com/photos/35976084/pexels-photo-35976084.jpeg,https://pixabay.com/get/g705beea167004acb68b38bf64a7399ce3b1d693c090c56a50ba79c9be51c6e77b21ef29b2fa9989e7456b436eb061abf5d9ac34c8283ef37582a91615f20f338_1280.png
DIFFIDENCE,shyness,shyness,https://images.pexels.com/photos/7786547/pexels-photo-7786547.jpeg,https://pixabay.com/get/gf733b1056fe6a14f77d453ca06e4aa155e8333c4aae42ccfba62953469125523a05f72c0a74632ed8a5d6bb1a210fdc97ce9b385de494a49f8094c1fb26ec6f2_1280.png
DIFFUSE,widespread,widespread,https://images.pexels.com/photos/12261422/pexels-photo-12261422.jpeg,https://pixabay.com/get/g9447b03d651037120c04b687feab6b78697a7dc472c41f68a2edfb9249daf6362597ed7920bdbaa705ba14e3d5826628dc4bfbef896d9f2a1140be553a00c5ee_1280.png
DIGRESSION,straying,straying,https://images.pexels.com/photos/3581058/pexels-photo-3581058.jpeg,https://pixabay.com/get/geea6fb9221d2b8d98cb4d1810114e57fc7b85b9e61886ed0d6c73be756ef7cf189113f28cdd6569b45d9771fdefb6fcb56f733cbd610d54f7be84322db81df40_1280.png
DIRGE,funeral song,funeral song,https://images.pexels.com/photos/5147024/pexels-photo-5147024.jpeg,https://pixabay.com/get/ge4ede31a97dc3b1058a27e997f70d87e35a3ad65d5db21ac7093b90ba386f367f8a3e301239a821883823b58cb8db870b4314d111c92bd8ad55234f844e6cb94_1280.png
DISABUSE,to correct,correct,https://images.pexels.com/photos/8834489/pexels-photo-8834489.jpeg,https://pixabay.com/get/g4c202b4bef5c353cc1899ac8b584bd3eb5c266cb162824f9641d3f5b6235efec81bebabc02a5b99e1245b596f0d4c2b681596dd015fa87b48318d417a53b4d77_1280.png
DISCERN,to perceive,perceive,https://images.pexels.com/photos/14517581/pexels-photo-14517581.jpeg,https://pixabay.com/get/gc7194047c585a1effbfc9edd118794b695726fdeec41912bb206287125db0a0b179d7b6ea58817e7d39153f2128da6ca51f0fb0eabeba1493146ac4a4ef2b9e1_1280.jpg
DISCERNING,perceptive,perceptive sharp insight,https://images.pexels.com/photos/3250384/pexels-photo-3250384.jpeg,https://pixabay.com/get/g05c87aea74946e3ba47af717b35cc6b0856a51b479070ceb882606252935403e9037168a005d5c9ef13e591c013a565f4f5f0ab37fe629484558ba8e0fb1c997_1280.png
DISCOMFIT,to embarrass,embarrass,https://images.pexels.com/photos/13430311/pexels-photo-13430311.jpeg,https://pixabay.com/get/g37fd2b09c96feedae5ee2e7fe1d9ab38ab574a81ba61835ddf534bde476195ec3fdd9bebaa4152dac8fecf55eca495c450e57492e88f1b664f2c3b4b712598a4_1280.png
DISCORDANT,disagreeing,disagreeing,https://images.pexels.com/photos/7640788/pexels-photo-7640788.jpeg,https://pixabay.com/get/gcd0c5689a7e5094b8f1933c66917a2e2c21b91551ccacc2d7cff9faadcb19e08c12b99d49a2d3a810522b9a2d59752381e00ddef6ec2608513327dfa31acda0c_1280.png
DISCREDIT,to harm reputation,harm reputation,https://images.pexels.com/photos/5984431/pexels-photo-5984431.jpeg,https://pixabay.com/get/g444450ba9f1fe7a95849691b0fed56c58f7a5df58726a109bd7a482ad195b331fa4b954710bbe1df60020206d66566069d2b64a4971021cb499395b82c202612_1280.png
DISCREPANCY,inconsistency,inconsistency,https://images.pexels.com/photos/30009834/pexels-photo-30009834.jpeg,https://pixabay.com/get/g54ee46425b9b65b5b078fa1ed86733ff737200ae2061b6f1e0f7163197958ef048809abfc1b0d11f4e71c43d44db914651c74c7033a35f777bc7102cb8998619_1280.jpg
DISCRETE,separate,separate,https://images.pexels.com/photos/20943579/pexels-photo-20943579.jpeg,https://pixabay.com/get/gc6bb122537e5722a8b3887c6545466257f4d2e822b6b1fe054ccc64a5ad400a14b0fa00fc6c75115b42524613d839bf1364169aa9e669b84e0e6c5024d8c4d46_1280.png
DISCRETION,judgment,judgment,https://images.pexels.com/photos/6871034/pexels-photo-6871034.jpeg,https://pixabay.com/get/g8743bf7f91d0e7ca955fc67bcd76c5ad1c1331919cde5c670ee5abda8c85ff905ba7f599c22f699e4c335415ada667f3da0c2608d3bf6dae19c0033250964549_1280.png
DISINGENUOUS,insincere,insincere,https://images.pexels.com/photos/9618736/pexels-photo-9618736.jpeg,https://pixabay.com/get/g5be91782cf3ee0239c8c856d4a06a30ca0328878bfe803a6f493b7fdec527d861b05e5cf4369945102779fcd50da85adb025c1d784ffdcd4f4acdbd136108d4f_1280.jpg
DISINTERESTED,impartial,impartial,https://images.pexels.com/photos/19632190/pexels-photo-19632190.jpeg,https://pixabay.com/get/g73a25dba09f847dd65fc176cb168e076964eef384ef59404ab221f7c4a60b525d0d8e3f2a09603551a649e6adaa91b0a_1280.png
DISJOINTED,disconnected,disconnected,https://images.pexels.com/photos/1004343/pexels-photo-1004343.jpeg,https://pixabay.com/get/g82b443ee5d8413fa16509af5861da26cdd7d63c7b6246e332e8df47f1614042fd0b58b949d2fa6cd5f686d4bc15b4393bacf2c2451ae1e33f926725c9748d5f9_1280.png
DISMISS,to reject,reject,https://images.pexels.com/photos/3762802/pexels-photo-3762802.jpeg,https://pixabay.com/get/g20f65197e3bfa7ddd07a937343878ed6e7b1397db278b531caddf6c4243830e07b8cb45054366e3ee9a8affade634859_1280.png
DISPARAGE,to belittle,insult belittle criticize,https://images.pexels.com/photos/8831810/pexels-photo-8831810.jpeg,https://pixabay.com/get/g43f88969123e7ccca04cf0dabc06b89c3663bf409f76ebfc39eb81128ea93d72a6049562fcf57882178fec8b2b5fea6bdeb2bfb6099d24195c3ea644b85bc520_1280.png
DISPARATE,different,different,https://images.pexels.com/photos/7312328/pexels-photo-7312328.jpeg,https://pixabay.com/get/gb478b34fde4c74b3cb23f8145e20553e3e892cbabfc0563217baffaa53e5f57ee211574fd0f9ced9adbe2277e5220f24eb1d7a7593073da949cb03fe7e49846b_1280.png
DISSEMBLE,to pretend,pretend,https://images.pexels.com/photos/14211426/pexels-photo-14211426.jpeg,https://pixabay.com/get/ge9bbf87ed2982eca865e18212b116da0de93809f9ad1d6cc0f53bcbe240a49b8103e29865952b088ab67b367f6ebf2a8d4b9cabd59c1fcd55902f8316c51a6db_1280.png
DISSEMINATE,to spread,spread,https://images.pexels.com/photos/5567076/pexels-photo-5567076.jpeg,https://pixabay.com/get/g4995c4d2f5da512ed41e7ab7ea1e378193a419de8e4fa27d65859bd8ac571d85a0d2575277a8370625a330bf4877faad_1280.png
DISSIDENT,rebel,rebel,https://images.pexels.com/photos/7045183/pexels-photo-7045183.jpeg,https://pixabay.com/get/gb1a3b7b871bd7f02595c546832d61ce81c5abbc6ecebbf789ebd1fe13a1ee2cc85407b28e12759a4dea6613b00ea2375_1280.png
DISSOLUTION,breaking down,breaking down,https://images.pexels.com/photos/9789217/pexels-photo-9789217.jpeg,https://pixabay.com/get/g65a151104d4a604d03905759f77d4435c088d1676f46f84b41480c9988ca2b526bd086501eec2fdb2463d8f6e9ef80a65435f197feeda7a172c201072a639706_1280.png
DISSONANCE,discord,clash conflict discord,https://images.pexels.com/photos/35366862/pexels-photo-35366862.jpeg,https://pixabay.com/get/g6f63b5a1e279676eaa828ab6b02e387e5d6658e56ab4ab2bc983f631e97edefa58e2f8b87f43cd1e903d1d323d7a1a7a7b8587c7fe10e52857889c83e9e177da_1280.png
DISTEND,to swell,swell,https://images.pexels.com/photos/1508184/pexels-photo-1508184.jpeg,https://pixabay.com/get/g4bdbe1d1e0bcec470d2170a64b0006c16fc123a05bf02a0a457244594953451a61420901b177c3821dd1f020e0f492a6_1280.png
DISTILL,to purify,purify,https://images.pexels.com/photos/4841171/pexels-photo-4841171.jpeg,https://pixabay.com/get/ge8d814ace124e1c477c010c0cee2ef402c7e5dff8cb9d0db14ae67a77a6111bed58bd44579af96e7641cfcf9d0d04505_1280.png
DISTRAIT,distracted,distracted,https://images.pexels.com/photos/14344994/pexels-photo-14344994.jpeg,https://pixabay.com/get/gb72705a657a02e73e07fac16f7aa7ecb1702c088040f6a1cfd62657830a4be609fc258b3e98296899315eba4f3110c7264d9ab6a7de3e11187d5e1ffb907828d_1280.jpg
DIVERGE,to branch off,branch off,https://images.pexels.com/photos/20782588/pexels-photo-20782588.jpeg,https://pixabay.com/get/g0d551b0b36b6e3603ac5b63b1d494f41961c1b7e5ea2c0642f70bafd1f0736d53620aae6c7c42c2da1f09c7b0f5ecdbe_1280.png
DIVEST,to remove,remove,https://images.pexels.com/photos/28921809/pexels-photo-28921809.jpeg,https://pixabay.com/get/gdf88efe856406756e4a8c7a16716d04fae6d2263873e9e33229fc663608366493e4585427534d1fc5e413192a815fb1b86adfa94e26f34094a8cd576c3cc4aae_1280.png
DIVULGE,to reveal,divulge,https://images.pexels.com/photos/19679199/pexels-photo-19679199.jpeg,https://pixabay.com/get/g5ec7b8c9732571abbfc1b279ec4113d2cec883325ec82ee6e4985e51b440886a8cbea3317208f88bb9f6aef2cdc299d94dd47a7b4113721965bfcce94ea69b93_1280.png
DOCTRINAIRE,rigid,rigid,https://images.pexels.com/photos/28748667/pexels-photo-28748667.jpeg,https://pixabay.com/get/g9a8c491bb4f8efa8b1318494a778a33d56e82c2b8fe219c420a4571f3d9241f90e22a96a11090da4332255442d573fae4b22606947fad15597a0aab25f68021c_1280.png
DOCUMENT,to record,record,https://images.pexels.com/photos/31805824/pexels-photo-31805824.jpeg,https://pixabay.com/get/g59e4623f7049a26a5ccc07510d0ba136cba028221c791b6074f19472f5eca5b7c85c8a9ca88ece70457d60b5965e20de3f4f5322b660726f932566189c18d27b_1280.png
DOGGEREL,bad poetry,bad poetry,https://images.pexels.com/photos/9074951/pexels-photo-9074951.jpeg,https://pixabay.com/get/gff65b4ec08111471451ca73847ef85d1f39e8f477bfcb29e5b1ef0b064acc8ce7827ec5a8362c304dce7ebb7de0c9afaad4ef783ac7d8eb96d7148f724a0dc70_1280.png
DOGMATIC,opinionated,rigid opinionated stubborn,https://images.pexels.com/photos/11255403/pexels-photo-11255403.jpeg,https://pixabay.com/get/g6410a906ea752875ab5cbbc9e2a991733521ddf5abee09ebe9daf5835eba250e98df883159507e244cf44b2fe9d2e101e73ea4ab674fb53345a333baf68165dd_1280.png
DORMANT,inactive,inactive,https://images.pexels.com/photos/13779102/pexels-photo-13779102.jpeg,https://pixabay.com/get/gc3f0998b4a79ef2c6f223146e5fb3572f58e0f422b8c07d4afaef8bed1e068ae615e94a20ed02c3a50a4172e7f01ab5f427d5f0b666ac1a9f69db35f82ddc33c_1280.png
DROSS,waste,waste,https://images.pexels.com/photos/28124639/pexels-photo-28124639.jpeg,https://pixabay.com/get/geb25c4020ce2325ce72b18ad23ba58c85d121a62fe79797d422256fae88da23acc47fa4267e0025401a68d72be51b883bc469c2049f5c75b9acb55effea34d50_1280.png
DUPE,to fool,fool,https://images.pexels.com/photos/3370381/pexels-photo-3370381.jpeg,https://pixabay.com/get/gd0894db5b8adefb2c1230fb025b05f6e1237c0626089afd007ff280e0c864b6a1d85a58676257d9b5e6de33f70087a79923080bd86163ffdd575b8c2198fd3ff_1280.png
EBULLIENT,enthusiastic,excited bubbly joy,https://images.pexels.com/photos/13871766/pexels-photo-13871766.jpeg,https://pixabay.com/get/g8eac02b33b949aa221b86a4cfe7516d6141029ac60932e25bcc197eba42438fa9adb47d088c4f745e521561beb1534c534350a136c328e6ecc656a8c12e6f727_1280.png
ECLECTIC,diverse,diverse,https://images.pexels.com/photos/8832726/pexels-photo-8832726.jpeg,https://pixabay.com/get/gba11af98623feb79a8693519507e6225726a1a156c9f2a5e95a904c534c041d66bf94ce7ab9ebba445dd143a709e7da80d71a7433ef4cea8856703938b6f0b0b_1280.png
EFFERVESCENCE,bubbling,bubbling,https://images.pexels.com/photos/15694504/pexels-photo-15694504.jpeg,https://pixabay.com/get/ga11aa7678d8c7e5b62ad435d3c68f40dc907010b0fc290bdcedeb4d770901c84d2fd5b838e007a8cf47c952ec608194c8971235577bb10f657600465d826d3d9_1280.png
EFFETE,worn out,worn out,https://pixabay.com/get/g40c197388809d77dc5a48c6e19c63edb5dc1297e45bf064ad7c2381dbf68ab73eb88a14523f79bdd14f102acfbd11da0358f9675eeb7ec2bba5d1658dffba261_1280.jpg,https://pixabay.com/get/g7c8d46f31c0aa555506fb6e0abbaa2864fb253e7ccc18df6de80dde8c256466686e41eddf68e6875171fe691e9ba7be8_1280.png
EFFICACY,effectiveness,effective working success,https://pixabay.com/get/gf56325449502446ea5ca43d09b961ec8b8c25b0fb6f621410e70fc315b2c03ccd3ad50ab5c7c807df36b597906d7994357d5b1bc42218d39e5a008af63f0c494_1280.jpg,https://pixabay.com/get/g3d11f6709263ed7e6f5ee4c4f753d9e084212d7591b0393bfd3a9137903040ec856e856df4de2992ea4bd982ae0edf65050f32da30e09c6e57a748f91e2c00fe_1280.png
EFFRONTERY,nerve,nerve,https://images.pexels.com/photos/12123232/pexels-photo-12123232.jpeg,https://pixabay.com/get/g91d813a261425e341342bb66203120d5624563e7cf8171b0caeb1049fa9da12ea0b67f42f1231c4557baca47afa2deb5d22084d1faaf849c6895eb9e26af08ab_1280.png
EGOISM,self-interest,self-interest,https://pixabay.com/get/ge4be1f6abfb481938ecd94991640025e76d4162e8a55a2553a9e7eb5dcd633816b54a429b7d62e525463df62d64176ac766d5b5d26217f4002900105eddce77e_1280.jpg,https://pixabay.com/get/g97f07b18512c8c3ec24871fdb54a477b3a4b0bd1c58333dd25fd9889ed784b40398dba53a8a72e13ee58d68ad9989770846f37bcbb3eb2f7979dd15c704910d7_1280.png
EGOTISTICAL,self-centered,self-centered,https://pixabay.com/get/ge57f9b466648bd89c5113d2e9b3485ee44b987562c0faaf89ba8ffdacc1b5b1848a8f6fe49bb5be7d0377f80d5698a184bee193122a6d917a356e8f343f97ae6_1280.jpg,https://pixabay.com/get/g94520294e49c028ff64d235f472be03d5ee5a81498884bbada0df9214b5de5b87f64f14932c016f42f110aa648d0910c9124a5f9d7e6f44d88894d9cd20b8e8b_1280.png
ELEGY,sad poem,sad poem,https://pixabay.com/get/g0f1eb0070fbb1a9b04e99f7c7384b0fd58fd372ab2e67ac72d0b907573e2a4ba95d1ef0229b2a2faa3ebdf260ea5876e4c5d54262ac8f5293b4106e7507e9af3_1280.jpg,https://pixabay.com/get/g1a0c76dee5bf4044119b2e71ec606a1af977974eba21ee08f0dcd46bd515c8480ba54074c3e62d4b2d7631a4fdd89ec483e8eed09051981cf79eda7963e1bd18_1280.png
ELICIT,to draw out,draw out,https://pixabay.com/get/g929f7282ac4c3c78756cb7111a758213310d58771dc6885286382681db2ede01829a0464b28b231483d5cd9bd57ffca8858535002145068a6111a104a14a2979_1280.jpg,https://pixabay.com/get/g8c2fb5f2154672c96f71400d5e3b5ce3f5765acb03b62f3159db3b9a4d8dd2d8efa3724109b7b157f9c1a3749ddb6300_1280.png
ELIXIR,cure-all,cure-all,https://images.pexels.com/photos/28748667/pexels-photo-28748667.jpeg,https://pixabay.com/get/ge17f75d91371dcdd6e1cef1da55e0a85c606669d1ef1f3e412c3b007880197639fb86ce7bec238b58011f96a02bd6d1f292e73fb1343d0fb00ac26e4a8f608eb_1280.png
ELYSIAN,blissful,blissful,https://pixabay.com/get/gc9189341c53257e86bcb2c39fa6246d0eccb4358f786f42f41be276b97c867ad970b6329e481d28ddbc6a8f94485005d830398e4078fa4da6c41272ca72f9c24_1280.jpg,https://pixabay.com/get/g18e11e726e296dadae4ffc0674e693aabc9e8d5803ca251af4f3084b4cc813d7ef10145454bccf30c1dad1792543b5c858fa7688e2ddfdae8f98c96ef293cfd8_1280.png
EMACIATED,very thin,very thin,https://pixabay.com/get/g6aef2e0e79b1acefd32ceb88162035db29843cf1d25fffaf41c0e85df5c0cc1cae6d2d9cb6617eed4d1bbf0c8075a48d49e0b59fce3c857be9daa3d2d0dee16d_1280.jpg,https://pixabay.com/get/gf34b4d506d675fef19c964ec723a200af7c54dc2f8c37f81e57c75edb3bd5730ea8288bf16fa490019351f3e066a98425d55f9cf7fadf936a7b6b195464aa595_1280.png
EMBELLISH,to decorate,decorate,https://pixabay.com/get/gf422eeb364fd5a9a40bc07040afe5c8da978fd4d8d172bef723d7b9064a90d378c23eff188b5b6c336a0adb3f7c5b7b6e3477d1eb1a1fe98f3a9ad799f9e27a5_1280.jpg,https://pixabay.com/get/g30178d189afbc0f508fa7a6269e6c58e900e8a5b4114e3e76dde2e5023d0c68a149ee2103da1d30cf2fdf23a6c4fdfd67d4c4b24317bc3eac2ad8aebb0f320cb_1280.png
EMOLLIENT,soothing,soothing,https://pixabay.com/get/gb9330363f07768dfc05ea5819386abeb506c7e48a814f64f068b925c8a51fe912925f7c8befbef39e4bc00bb0e31978ffc7729fc0945b6429d10a6875d103ff8_1280.jpg,https://pixabay.com/get/g32c6ffbbae6743990cc38dc8b8524484d7440ae277bef4947f8b6d5b4698503a24056b4a84375e3ac1402a34dc8f756edb35cd5f3a796b19a6cdd20eb39e1dd4_1280.png
EMPIRICAL,observational,empirical,https://images.pexels.com/photos/11875381/pexels-photo-11875381.jpeg,https://pixabay.com/get/g8aac09134f2b80ad1e8dcb471408cdc782dcb9c66c5fb318f60a11db3469e6a98b6ebbe6a2aa01bc50ba72dc287d9975337343b9554a0d714b9f38796e126078_1280.png
EMULATE,to imitate,imitate,https://pixabay.com/get/gbc845f999241c8beba9eeecba5b2d9a979d12737779ea456ad18c57614c83d14bb2cf2a8261f7a724bf3dedc459c64139b38c799fcde8c451d5c127225c3786d_1280.jpg,https://pixabay.com/get/g976c518101d404efdc1650889a5b3cc916beed0272f81bf1d6a6016332ababe644596b88aca0acf8884656dc8e40a5a44b924c9eba237b5c7a08f3fbfa681606_1280.png
ENCOMIUM,praise,praise,https://pixabay.com/get/g5f1564b58552c78dadb1d142e80c32becdf986518c366bf9827bd4d0bf33b5eb890deedf72b384ca4a5b3ad9550b8493674df522a257565a1514679b1fef7bfc_1280.jpg,https://pixabay.com/get/g57c91351d1b2fa3023a43e971399121b8dd76e25cc9594cbfdf37b83960e7f89c2ba617df40a736a4ab07e9661d37d988505cc7b26f68aa005bcb6a9e578e62a_1280.png
ENDEMIC,native,native,https://pixabay.com/get/g52acf05650705f678ee407c6fd67a77475e4ee57539835988399da4494b9f6092d0ac5e18da732236b55837d2d51ff1dba9cdf15747e34b11717cc65c5a2e818_1280.jpg,https://pixabay.com/get/gca9c93a1516cfb3f1b5bb8a727619f9f298f7685af8391e677eb4251b0f8423ee7d169266e54776959cf245083972245500751110ab1b752061aeadd752ff17b_1280.png
ENERVATE,to weaken,weaken,https://images.pexels.com/photos/36439557/pexels-photo-36439557.jpeg,https://pixabay.com/get/g2762c3192a867786e53cd179122006eb9d30db05e0174d8cff2da2e06d61cb768df2cc31d6bfb7dc61ab9412df8dca22dbd75667bf8019984368b62a121ef25e_1280.png
ENGENDER,to produce,produce,https://pixabay.com/get/gd81939dbcbef1065875fcd72bfb71de093503c4da97214bcacb04ed3ad44f77fa82f7904de2b9dd1993311a68fa0dec57af7ce753c95ce5d8838130e73e65f95_1280.jpg,https://pixabay.com/get/g64ec8692b9d54db0ee9fc1a8fe56a9cb5b542049ad4c45e3a0f0c2d29627c7db748de0aaa3ee9c7a618f1773c4303c459e7e866977ef01d228737defbad44785_1280.png
ENHANCE,to improve,improve,https://images.pexels.com/photos/7448281/pexels-photo-7448281.jpeg,https://pixabay.com/get/g0dc9ba871f1502da6e61fd741faf10a590e3172f4e5872120f452ae2dcbc6eea2c8bfabd749482b2067e985080aaaa2e8f336590faa8a5344d77e0cb3f11f143_1280.png
ENTOMOLOGY,study of insects,study insects,https://images.pexels.com/photos/33956396/pexels-photo-33956396.png,https://pixabay.com/get/g0c5e3d5af42066527a0ddff7e7a78d860d4968cb5d29b4f503af8342eaa01d450180acbb19eaf3a1a788cdd0c604c4e0_1280.png
ENUCIATE,to pronounce,pronounce,https://pixabay.com/get/g1f6d7cffc16ab8abc5d320c22a23c66ac877adabe7a6fcb6d981abbfe0efcb2c0b39a6d35b29e672b9930c0cba3669ce98fec7a794bb74c8800d6b1272005dcd_1280.jpg,https://pixabay.com/get/g0ddf15c97f575b53360f47b508bf23eb44e68a85a1c86eece2b646bf6939cb8a2b3cea4a36bed319cbd7f6befbf54a16c342bd2d0dbd8c338d53c8a603ac124a_1280.png
EPHEMERAL,short-lived,temporary fleeting short,https://images.pexels.com/photos/33265198/pexels-photo-33265198.jpeg,https://pixabay.com/get/gc472082fdf6a5c08f141bde28c10fc503682e1a0e4f07ad4e2e3da73e33c172857d150c1f432009cddbf25601f0f482a_1280.png
EPISTEMOLOGY,study of knowledge,study knowledge,https://pixabay.com/get/g599c0f674fa799942c742984514724dd1b9adbd3bf2405c642009b530727efa4aa239f9822eb2fae8a140f966292d634e22cc4b59af8a8cf8cce3ad9e80fc588_1280.jpg,https://pixabay.com/get/g573fc611e2c135ce811e4b4d25219c43062cb8e50aa421efff6a609dd2cd59428b18851884c31258ef2443318cad49b23d3e1edff3f842f6c7341916f872e6a8_1280.png
EQUABLE,steady,steady,https://pixabay.com/get/g80eb65c00a7006e6bbcaa3aceb76100cc46741d1bd297041dd34fc5b5fa81ea0189765713b0fdf5975afe00f6edae02304a96c4bd338d3c20ff85c269b84d418_1280.jpg,https://pixabay.com/get/g3cb8c506dd836e59e29c5603c92fc7904c3881ae840bfb6654b73f2f6be6ab1e102a5e027b317b2124a7d36f6a1b25a39591bc9cf59cf19f4b38df2f17929359_1280.png
EQUANIMITY,composure,calm peaceful composed,https://images.pexels.com/photos/9663021/pexels-photo-9663021.jpeg,https://pixabay.com/get/g735b78f5bde278111ce59cc90a2f61c8d2202f05f09ff84db08cf57e74d712807eff33367bdea0dfe4a1c8ce03b8c79f49fce929f10534b177cb9f83eb5ada8b_1280.png
EQUITABLE,fair,fair,https://images.pexels.com/photos/2965945/pexels-photo-2965945.jpeg,https://pixabay.com/get/gc08f2a38792d8ebb3e7eae2d90e7d836507d7809ee4d2f8829d130a7828608dcdd124b8eb22dee7547d2fd5f58ae2d965f34fd7dd35e4d9a58ece55af8349f18_1280.png
EQUIVOCATION,vagueness,vagueness,https://pixabay.com/get/g2c36e381536a82062f590e4d6e7bb42ffdee9c13ad4b62ab3b61a66315ebc893be5dc4e3b2a2d26c40ab0a3f7f5e1b057016d73f703de5e68999eae540a972a0_1280.jpg,https://pixabay.com/get/ga9a18f2bf99a811e99aac686254a98894b4e643730fe349068777901a621c7f3e5d47b1fcd02f6d6c5001c5a5e76096f2fecb8f1aa04d989fb57ad876ae2b7c2_1280.png
ERRANT,straying,straying,https://images.pexels.com/photos/3581058/pexels-photo-3581058.jpeg,https://pixabay.com/get/g305e8663819ad9ae90e613b1d62e3ae2b382881cbc88363522be2d31df364d018246dccff03fca45c4d86c1c21a060268746a956f757603cb100a591947ef068_1280.png
ERUDITE,learned,smart learned scholar,https://pixabay.com/get/g54834522d10002ebeed229c0deddb030740a1c0870054bd83215ed03aca9115d3f463bfa8599dae38fa2faf2f351fd4421fde87e160ec00f0185ebfbfd909be8_1280.jpg,https://pixabay.com/get/gbbf8488dba73e2b0abf67da27293e28ea8d0e8b71b8f48b848580d6a7bad0df8df5a941ab88b8ac282aaca7ad060a19b_1280.png
ESOTERIC,obscure,mysterious secret hidden,https://images.pexels.com/photos/5724817/pexels-photo-5724817.jpeg,https://pixabay.com/get/g7902116469713accfcbde14486b86f647201e54f826efb78cdf5ae0401b11249a9745eca81b08f2ccd0afbe7224dbae42c8a367d6bc1c4a40349ac2ce6f6092e_1280.png
ESSAY,to try,essay,https://pixabay.com/get/gd3f7e989575a84486fc1e54824ab9655ebd5eb7b8d4210442404ee22075189f1a1607c70037a776b170c3caa683b2a4b0ed5888fe474091f072a162465ad9e79_1280.jpg,https://pixabay.com/get/gcbf3859b9a45719e481e4cf2b1728673510ca6864cd10bc02603d0c315bb720794809831707fbbc66e3cbb22e4ce5b2846a8c5aedb3c6d51a757990c9108fdba_1280.png
ESTIMABLE,worthy,worthy,https://pixabay.com/get/g952568e6a0a47722569ab33341517c7fb799e1403e436f8e5e934ee0a5f1f95400223c80637d6cb6467256ce69c3359a2207c207cf431b80895f627230719f99_1280.jpg,https://pixabay.com/get/g13f6dcf34717b0516cadf8f2202b820430b4801cefcdb5c615fa42a64465e34753e69bd859314371cfb994c320f9c45423983c78012f37a19b7a3c24b08389e3_1280.png
ETHNOCENTRIC,culturally biased,culturally biased,https://images.pexels.com/photos/13108293/pexels-photo-13108293.jpeg,https://pixabay.com/get/g35ebce987698774fd2b74671f1da987a6fa066273f411f46668195f88c3630affaca429caacb71b459b697f0288311de357cde5056cb692122b18be2585e01c7_1280.jpg
ETIOLOGY,cause,cause,https://pixabay.com/get/gd7ab71dd2bbaf608cce6c677f1220942d5fb82222823613449244ce98b5a0935960970d0565f666ef973efdd69b5e5cc3a1cd50d7064ff71938b7224aaadc89f_1280.jpg,https://pixabay.com/get/gf6cf001247f3027157eb265ad7a4a265a00c125a15f73b996fac1cd5a93f82a4a7d3b63fee02a6f92384e59e8bb5ec632b59afdf94c03f4145aa65ca44c2de1e_1280.png
ETYMOLOGY,word origins,etymology,https://images.pexels.com/photos/2002217/pexels-photo-2002217.jpeg,https://pixabay.com/get/g11c9f21f4b33e933b4bb862cbc53680b28d2017fc964991d746244bd5d0ec035d23ceb11bd058b0bc0c49833017b3dfcb50face38440fc5befdf6191b823d17c_1280.png
EUGENICS,genetic improvement,genetic improvement,https://pixabay.com/get/gc57be09b1c73844bbfa958bc278f8165f5c50edd0b019174cb2c40657a2b6aea8bb2cf081fc27df51686e0d8327c1829e4e8d3f6d40d49f2b2a3a2a18f78f824_1280.jpg,https://pixabay.com/get/gae234b077a2b16327ba81a15bcca42d0fe793ef22bdd6e0e9d69ca4ddf180a3dbfc4e2724ce34fc2038b68f0aade43f9dc0ec6efaf1c95b91b274da689e3ed46_1280.png
EULOGY,praise,praise,https://pixabay.com/get/g6dc5063dd20864d4703844ecf7d46a3944fd8780d73cd366209f88c2ae13310a8ddf6c27a7a9bd7e471d3bddd36a1490c2134b0a7eefd6bf4bc9368071c7857b_1280.jpg,https://pixabay.com/get/g2c630087087aadec92be799c517548d913fb5fe60517ddccbeac37925295b6bff6cce2a40a65cd15549913d22dbdab8c02be95217e854924e459ae5ee79a81f6_1280.png
EUPHEMISM,mild expression,mild expression,https://pixabay.com/get/g031cc01b2127fac6d91e9a414bdeee226742122c3d2bc6c61f3ff9cccab6ac1cc2308a4d39a061bdf4ade483cbf177edc25f324a49c2461648b79dc615c9d296_1280.jpg,https://pixabay.com/get/gc2557ee33c6c0edea4a21e16bce8b1d74ed6dbfd688750077c1ce2c044e4340389cd08b0303040bf924b763acf8e75449c5fbb4994d3d332dea4ead92a466a64_1280.png
EUPHORIA,happiness,happiness,https://pixabay.com/get/g1f43ee45db7456eadf88f59c0de33575e7b892f8161f631e798d080f2f9b98fa6b92da4a5f17ade7f6e241e7e1a1c3ca192f8acee7c476954cef2d30756e36ad_1280.jpg,https://pixabay.com/get/g8cec323f8fcaa569dff1cf20bbe0107d9067eedb7eed53a2198433ac202977c5f334280182c74af36eb3e947515b090d0f76f901cc7be83f5551b773f4bba333_1280.png
EUTHANASIA,mercy killing,mercy killing,https://images.pexels.com/photos/16084443/pexels-photo-16084443.jpeg,https://pixabay.com/get/g710264162ccf28637ad9e4f7ecefa7d8305353eda1707f57e8d986ae42a348386ce122b7ce0f9b53d34a0fcbfb6e0b468ece679c1f26e6fa782ca69b905ce5df_1280.png
EVINCE,to show,show,https://pixabay.com/get/g178c4f086cdf6c1104f4d342575cc753ffd5ded3391ca2fbcff03864b51a336dbe5ab1e10362a70ec1b0250a37cc196df328d97a69acacf0a47ef9d8438acd4a_1280.jpg,https://pixabay.com/get/gaf75aead94aedadcbd0cfed151de46371754dea94d26c77d4e5b26ff082b988e7c74c8b716ef45d90c64c5d992b767738a4308c82b3c8239853b03e978957a59_1280.png
EVOCATIVE,suggestive,suggestive,https://pixabay.com/get/g78c23cc3665c69331200f8cb2d1d7f099defb5787a43eaf57ca42fe0c21cd527acb996ad07cd1e28ed6c9f88d1a3618f0112e2eea74cdd8d957bbdbdc26fa58a_1280.jpg,https://pixabay.com/get/g77ceab9113b6decb0684883c7309ccca56e500a8c7e7e100098bea64bc110336ce918cf191c6b87ced18b415caa6d96effb6655f92503ae78827fcfadbacaa8d_1280.png
EXACERBATE,to worsen,worsen aggravate anger,https://pixabay.com/get/g4d28804204755a589d6704e6dbc1688d784674037587fb49c2ce1d9bf856e5ad9643c9c90f3ed9c7c18bec1a6e6763cb16d15db79bf2f4cad7fc3afff26e2e8a_1280.jpg,https://pixabay.com/get/ga4fdaecda579b12ab53b329e5d4bc7dc22e4731bc573ed69e8597b10e55401d8e8c2d325f9443baa37f37d5d4e56c994f103ba6424cf9c1d8b0fa0d331d87359_1280.png
EXACT,to demand,demand,https://pixabay.com/get/g4562789577e698443d1629ee37c6b221280e26164342f759756c34b8694f218a642587be9100f0ad9a5fb42a8113b83cc8aa62b1f06e624dbbdf1378c3666f98_1280.jpg,https://pixabay.com/get/g934522cbadf0944edc4f4a7498863c2c2de0ff55f33c689e469c41d3e0909c72218c48b8acd6ea30b0cfa2fa6c2fd620f86728ee42a4d35e4c73382f25a581e9_1280.png
EXCULPATE,to clear blame,blame,https://images.pexels.com/photos/7640788/pexels-photo-7640788.jpeg,https://pixabay.com/get/ge79e9a8fd0f482e112ea4dd3da6e9c119fb9e6a83e399f130af0fd509d0d167b2b2a17bff54ee1bca3638d47fc041ccdacf361d30194ff6ed82ebce76772172d_1280.png
EXECRABLE,detestable,,,https://pixabay.com/get/g32815ee5bac97595578d5172edb45e8dcd711c0eb40b67c2c9289ee4a5647dece9784f1efd2c78b9f663687ba390ea03b9c87e72282f9a2702d56fde7e08146b_1280.png
EXHORT,to urge,urge,https://pixabay.com/get/g0da64f0b314700426b250540a2f8de924bc56caf7517f7a8ed1ed528c955e69a9157c739acac763bc25e9c3bd284470b2ef81e2e2ef908758b96458de0a1ceac_1280.jpg,https://pixabay.com/get/gaf77c0eec1e552c83ca14c109cf6b966531f67985b1b384fe6051a36d63dbbad4678f3110799ac775782f369afb37507601dcb7f3f711f973749325336847f1f_1280.png
EXIGENCY,urgency,urgent emergency crisis,https://pixabay.com/get/gbc9abe7a8f48d87f38e118e459674c7b1ac9c2c91b44e979a450c326550d0b4a95928b1d8f0e78435edea18a1accde0040f261cf6432d0f3f1f5ed25663a2599_1280.jpg,https://pixabay.com/get/ga1c25b2fb36c4e7c777a98934f1f7e4a8a5f94f44159dded2d39ea32f3f56d751ecf102d77200e2cecde72215a056f25_1280.png
EXISTENTIAL,relating to existence,relating to existence,https://pixabay.com/get/g56d863febbd59aee916033c244a39aa890a28c5bb0123a0890de2ce0a554a54c65408d53ffd2e11f337281d3e6df4cc1397ac6379614b79540179c3d99ab28e7_1280.jpg,https://pixabay.com/get/gacda945e28153cba8d5e16510618a0058d5843092303f3d12d4aba05e27cd316aebb3819acb532392369e1778b87a417c0b5c43d512843e13717c60ede126899_1280.png
EXORCISE,to expel evil,expel evil,https://images.pexels.com/photos/15511011/pexels-photo-15511011.jpeg,https://pixabay.com/get/g2a8417b0b12edfadc4f4b4e840f6f381bf9c70643153f0a7bb94ad450c31b0b8c4319c9783205994aac693c8759013da9aad0bd5a5de3b8d12eb182013f16bb2_1280.png
EXPATIATE,to elaborate,elaborate,https://pixabay.com/get/gfc48cd60ea107d7f7235f4a3c2c05be07b244294a68b7ff9e002a35291950dd04f550627031b51147576c8215544ec8a062e9faabfed2777728a5d2f57ca6d26_1280.jpg,https://pixabay.com/get/g82cfc5f0a0d88759fa9879121b17ba85eec99a282127fad06ec163723ec09756fc9a0eb28b1733fb8586afdc2ebe56f336726ccaff20885aa42bfd2d73129116_1280.png
EXPATRIATE,exile,exile,https://pixabay.com/get/g8ada2d5f8c3be74e0448716fb2f3a02eb1b27680d6b15ca29b08bf7cb072d10aac7a7128fbff8da6553318563c07c99e2dedfc7de9920b70904d2a785289057a_1280.jpg,https://pixabay.com/get/g981232857ef6423ee0dcb81035246296606113aa84aea8e98552ac087ab19bb11844fe6735f3f3311e9ad5e0ae50d078_1280.png
EXPIATE,to atone,atone,https://pixabay.com/get/g56283649b8df3880915569ba4d0d31b885e8ffebc18605a15c1f71a86a3bae32958b4c8768d0cd5e9d2865b238ef56833f12a3e3995ff6183503a0c3ae0d9245_1280.jpg,https://pixabay.com/get/g550e6d8e093596a6d29494712a6731a3e43b863fb17af40c4ca98e65b5fe2bf8ecb36f9acc0f2b25e6aa6816fe25075a0713a5bf92232a0d049eb859336e6658_1280.jpg
EXPLICATE,to explain,explain,https://pixabay.com/get/g0de61c3300ef227003850d7b9278968fbcaa91deb64205154a4404470521300070fc3f83bb77c57d2f15499028342f324761ffdf37b4f5b96fb5e7026029010f_1280.jpg,https://pixabay.com/get/gb36ca5f0bd6958d35ffa8fcb3a73f0a53e2f2021ddbb2b80927883721edfbf7117547e937a07f7a137544ba67f5e39b329a4c529a6cdea01f1e0364d449a213e_1280.png
EXPOSITORY,explanatory,explanatory,https://images.pexels.com/photos/8617769/pexels-photo-8617769.jpeg,
EXTANT,existing,existing,https://pixabay.com/get/g339bddb33e59ff0ab9a8cedba18a3309b65ae179b1ea8444cd765a1708f2e5ebf8f5badec0c3a5dea0f238ac99e99b3e0c7c0e03e4a682ae32176df4c3266f75_1280.jpg,https://pixabay.com/get/g0797386d40d380e1d3cf0f00ec9a618ce7a1fd74d68201cfe8b536f84fc522ffee0f6d37ce8de6ce6e9bb9c693eeace270c773be4183b370db6f111960c030e7_1280.png
EXTEMPORANEOUS,improvised,improvised,https://pixabay.com/get/ga8beada8bfe6ed114fc44cfc284c0b42dd7709e380d04fab0e010e3a4bc77a7c8c4431b4d9b3bed38250dabd346d4ba2d468f8dd97d64910b357b2560d8bad89_1280.jpg,https://pixabay.com/get/g03b7578d06560febdf0281f7f95cc4e3d739b77e1dc6917fd36b8c74961cd34dce81ea90e05b2be50e98c223619b511853fcd323ec3a22edc591ebe2d5c9bdac_1280.png
EXTIRPATE,to destroy,destroy,https://pixabay.com/get/gcddaf806297d96481b1442099837025f00cc6dea0983e4209304435d85b22a48c2061952ae94b864db73009ca1f5db52b692116708a1ada6ea80064f4d4514c5_1280.jpg,https://pixabay.com/get/g5bc07aa72c09c2dac0e17304f6f8cedabc99df51c07e6c6ac32ba56c310271f2a64b6ad799f5c81efba06bbf1d9eea176b0233d5986e93a7b118e00784e16c08_1280.png
EXTRANEOUS,irrelevant,,,https://pixabay.com/get/ga8cfd87799be39224cc850ff5f9114cfb924e92261281b0c139d30b607cdf6f6710f0709488914adf76b27f8f0d4416c5102eb972e78bab9157bd9fb1b9b4971_1280.jpg
EXTRAPOLATION,projection,projection,https://images.pexels.com/photos/36014753/pexels-photo-36014753.jpeg,https://pixabay.com/get/gff850c0bcd046738d1216ab9b7a39355baeb057e474a68d2e286f957f6ddb220006c21500fea4b100fb0f6e551dfd30b27df329755f347d68955e372d176d28a_1280.png
EXTRINSIC,external,external,https://pixabay.com/get/ga70929a10d052013f676f4c2429f0fcf01a80734f0a4a2c209bee79ffbfa5eaf1d28394406d8727449d717ff2da26b14a131645c8fa904047f8334f7cbf3b2d0_1280.jpg,https://pixabay.com/get/gc8e5b6cbb1521ce9606af0b4895bf88b828dd6c2aa2ac7597fac9da7fcdea5926f48b73173faf11b21bf1dfa012af1d0_1280.png
FACETIOUS,joking,joking sarcastic silly,https://images.pexels.com/photos/34988575/pexels-photo-34988575.jpeg,https://pixabay.com/get/ge27837373b2781e1a4558bb87101181b27c2ece223dd1200fb0b3856e2d440da2ac3eda0c4235ac7991bf1c116a8094a65faade8382008bf835fda585293128a_1280.png
FACILITATE,to make easier,make easier,https://pixabay.com/get/gcd2223dc33277b9ecd2ac615339499cc32913f835e19641d18336553ddfb0f51be1b1ca4211cc0ae81a52ad96a33c3238da4b7f461bdbad6ff7acd9e6d1bb6ff_1280.jpg,https://pixabay.com/get/ge71f4e6e034319ee206c803cd2b19557fe341260b97e52d75daa7543038c621688a44aeea2f7e54e1ff129db97b45870adfb6d2af2e6b71376f2becf7ad22785_1280.png
FACTOTUM,handyman,handyman,https://pixabay.com/get/g552d63ad2ba70e2b4e1e2cbd1a29361143b59d1e5d8a4d81755acd55ec84aae9da81e748f56e7238803c43e7d111dff64399437a99a62972e280c5316b2a22ed_1280.jpg,https://pixabay.com/get/g2b833289a116bff5fe9425285fac7f01ecf86e14d20b85e6d8399e89a3279a5350186fadf622fec137d44c5169025dba_1280.png
FALLACIOUS,misleading,misleading,https://images.pexels.com/photos/33224135/pexels-photo-33224135.jpeg,https://pixabay.com/get/gb336e91c592414d31e1cead189e3f5733257fb451f5679957226578d82591769de1b272b93b248522d27aadd7ef768d4be74d44810e40c2288ad93ccc600c689_1280.png
FALLOW,inactive,inactive,https://images.pexels.com/photos/13779102/pexels-photo-13779102.jpeg,https://pixabay.com/get/geca0974240193f16e9066ed4bbf5bf275a058827f82b1c07fe52c2dbfc8a16d8888186c4b9e9179557a64ec778a409a350b68ff1f371e1c64dfd32f5de0c1511_1280.png
FATUOUS,silly,silly,https://pixabay.com/get/g11750c909788e5875b7d86777101abed9d835a820e63755ccab13084233f7769282508538802f2543181b7e52e1911d2cf4ac322ae452c15bcd4828fb275fa39_1280.jpg,https://pixabay.com/get/gc490b7eb8c21a6b2295734ca8f8659a831419a35f8590dfdaf1ecf3426e323db5869e0d11d821d1998871643c844b02a3c2e4499750cc36016aa946943da772e_1280.png
FAUNA,animals,animals,https://pixabay.com/get/g2dc4a7dfb70f508375d0d0c945dc65468977cbe411dcb5ccfb88735dd50e6c5de3a9363ecfa51fee48e5b96abc1073bfcbb829744cb49308a2240ffcd93781f7_1280.jpg,https://pixabay.com/get/g86189e2b33505918b7f3217521512fffc5987d073228fb201ae949e48d1040bf808dfcc2b3341d446b88ab89ba67c7a742e1403f3f6bcd52ce59178a2aa62a79_1280.png
FAWNING,flattering,flattering,https://pixabay.com/get/g4f174c2f3491667aa0e9bd859617b695481b17311c5ed7a9738245508f93de030a39dbac5c7e1ea04e8605c3564f6f542f1019ac9ad94e547d174f0bc1a428b8_1280.jpg,https://pixabay.com/get/gc84951b05e19df5e558d0b6edb7a7a886ac058b6e0bba9d714ae9de3803e248e691c3da30f2611cb5eea2918ed651c149c5191f85a8771d9d9d56bdc3ce5e343_1280.png
FELICITOUS,apt,felicitous,https://pixabay.com/get/g3c4d628fdf7d4ae28903c91a72485ec1656e7979647990e6d0ba02dd088ba0106b0afbff5476cd2cc09aee9c695e68b1e803d348ae7b3a9edd2feb527eea4e13_1280.jpg,https://pixabay.com/get/g7dde89bc6cf2cea334c571cd5fbff1b432f414c0f6a42e6bfda219a5c74ee57c6ffdcd383f9cfde65dcfce747497e6c9679db99b6314a117abfad522af665262_1280.jpg
FERAL,wild,feral,https://images.pexels.com/photos/15931947/pexels-photo-15931947.jpeg,https://pixabay.com/get/g6cd9e8ddb1793e786d5d61bd1d7567c6add31fdbdeae6abff7c13fa7877d7a4e22091ff769593b84e6391997a9c857ca5762625b4ebe1237fb8a8ead83268eba_1280.png
FERVOR,passion,passion,https://images.pexels.com/photos/30905880/pexels-photo-30905880.jpeg,https://pixabay.com/get/g5c4ce8c14bf9d38006a3be50d6e472ada377b0a977975899bc3d5fad6a05187cfd15eb54ae0d1b49d7e0cd3faafb7a0c7e6f84cefcff546aee4657419c1256f2_1280.png
FETID,stinking,stinking,https://pixabay.com/get/g60cde741b580c532c519afdcba597fea2a12465ae5a7cf2a313f737e43d44dc9411848f8f5e63a1082438082222cde750c5652f68814274ab2a1bbf81f3fc50f_1280.jpg,https://pixabay.com/get/g17e22af6da8e200f163ece7a4379ce42742c5d141c63e87ccf3ba5db5ed3ecb3238f9115d18d00761a2d74c43073e49d4bf8e1d1b37672cae2b51304c049963d_1280.png
FETTER,to chain,chain,https://pixabay.com/get/g826a2246250483f327132b9a342e555ce1b1d612ed1ddb3c3812810e664a924dd5c333a8d810139faa51e4c588e1705168ef0dd541d7a217db18a03c634269ca_1280.jpg,https://pixabay.com/get/gab4045f285917ccd2f7af9ee8a8bb42f0d4d2eab56d28e6f0df7fea9cd50016444a2a33e9d8506a2ed085de5a5205867605e86c412160d1df9a4ff1659fbadc0_1280.png
FIAT,decree,decree,https://pixabay.com/get/g2ad062905b7a3cf86343a026830d503405c25e254d562dcfeb6df8eba483fb9cfca7f18b7ffc1b821edaade2b7bc7e26e1771b8f9032d73cb25a0066eccc4baa_1280.jpg,https://pixabay.com/get/g6f096321f66fa208b02f2131f10a346e6f9a20159cf22a8caa273e954c19cd5d3097752ab654347d68fe9f06b5d2273686f42ba33770bbbd1199d09d31513f20_1280.png
FIDELITY,loyalty,fidelity,https://images.pexels.com/photos/15840650/pexels-photo-15840650.jpeg,https://pixabay.com/get/g41629a795668273939e81735243698785ed23894c716428960c79b8f3f1e4be29ec7159ca9fb465b5a0e4b40b66877dfd55038cf25c608eb256d404ed24b094b_1280.png
FILIBUSTER,obstruction,obstruction,https://pixabay.com/get/gcc8d8efd51ccc787b0087aed137dd5f377ca70e39a149177fd7acd51c38c56b5e1aae28fe189a8a34020355ddaec6e03fbd21750390074ffd18a0e398aa73d85_1280.jpg,https://pixabay.com/get/gce34aa2586ad43764b78f5142f18a935e42e47fbbcfc05e1ed70d7982f6c5edcf04f18ba10a6a78faad9c08512cfea024581abb493a634df2207908eae9ce719_1280.png
FINESSE,skill,skill,https://pixabay.com/get/g1e513a2f973267f15168881f10f976080ee6f9fa13114498c306c0e4234b5e73396e0a008ef793c5dc92d32a4ec31228d26ecb544227c0ec074c0e7818dd0687_1280.jpg,https://pixabay.com/get/g2acdf7a57fe2d21a69dded03cfd4b61eed9d1e3454e3cedc94045d4b7be672eb3d059dd8229375ef85fcebc490939ac50df33a0a1a1eb47fc5c3764d84f6ac2e_1280.png
FISSURE,crack,crack,https://pixabay.com/get/g3911b6268520840c2aec45d042223106df3380d8c8bf40866a567df22240c1c702822fab38c4324d38d2a84ed132249033d617e3d7d532a4095c770e6882ddc6_1280.jpg,https://pixabay.com/get/g25a88b6a5fc7c2e9a5b5842ce4abdec9f251b2a72b039d6dd83d57632a5cd268f6d3453102b16568617968940aeb8caf3afb195451b7f04ecdd94c895bf950b9_1280.png
FLAG,to weaken,weaken,https://images.pexels.com/photos/36439557/pexels-photo-36439557.jpeg,https://pixabay.com/get/gb5e488a8ee72c53391453c317ba283fb6a322b7497e20a82f3e8a7f1671f9cc7baef6f1925d79f53ee977f6d0314b36e98a8c9264964a96fac96cc3c2a43c7bb_1280.png
FLEDGLING,novice,novice,https://pixabay.com/get/g55d079eb0ef5960240dd427bee852aa2b055eab12fdd0e5c868d06684ddd079b76c2edc1708177532f472faccea591beec29cc71b54e8c253498ab9a373d7ac5_1280.jpg,https://pixabay.com/get/g44d37b52b4db61328fb71a5127d868e7000677f6f3bbeea9fa4565d9b80a1268f61aeb9bb6afe28311bb4426ad72a42cfda18a6580ca32a673dd71a4c9d63952_1280.png
FLORA,plants,plants,https://images.pexels.com/photos/4484184/pexels-photo-4484184.jpeg,https://pixabay.com/get/gc5976333e110b4f69569ddc9668d02ab845dbd50aeeb8fe1f726a9ee3799637a1823a36732b8bb8b78f4ef0bce18e7cf_1280.png
FLORID,flowery,flowery,https://pixabay.com/get/g32a4b7a41a2a601a589b2be3cf7a9993ba1f371483c39231e954ff99924a37e1db416f96ec1f3221a51f5bb43575234b214774da23bba93b2a674c4f25b0321b_1280.jpg,https://pixabay.com/get/g724c764ae7ee1f431ab1f64d88a2e78b7474cba1eb1884af30a1afa5d48287465be144ce4f71cb281cf3fcfe112885d0024e44312326837585cd40860f692376_1280.png
FLOURISH,to thrive,thrive,https://pixabay.com/get/gdd8da491dc256ec39f40aca553e53a1f5b85eec0df91a5c1db66c6092b6946ff935ada407a11dde68e13b79d0fc1f89f5b7e357af301848ce332619de801d2ba_1280.jpg,https://pixabay.com/get/gac19bad075570c3ec4d58afd34b39db07ae5e811c36dbe945aa016ffdffca3a42998a75396098d76c404563b64b7ef1fc3790b9236cdb5493b94dd076008cdc7_1280.png
FLOUT,to disregard,disregard,https://pixabay.com/get/g57fca8874d1b00cc20b25904d24e70aa1ea9c629eceefdc05570004bf508982bfcaae334990e65070c791530254b9068ff4d3f16898df24988ccc0aea832b5cf_1280.jpg,https://pixabay.com/get/g54422f7b43307351bdd1676af2f30cff8f4762e404fc6681062ff98be8f6ec34fc6a2a726c0eebda84fba06830b40b49142d98e066d9757db9eb6688db513585_1280.jpg
FLUX,change,change,https://pixabay.com/get/g23cfcc102b76aee5a80315ef02df7e903c0d66ffca59bcb041ab2c279b07a02fe5d53ce48d608f691a8e9e1c13b378a6a0ec869c509be4165aac90a35c96602e_1280.jpg,https://pixabay.com/get/g59b2c64e61ab2c2eaa434194abbaf173cf45fc35d12f5c82f0b04d082dc1af61e87ae6954a1115343c6a60d88db21b7573a6f02329eb0e85b3d63706bcbfac95_1280.png
FOMENT,to stir up,provoke incite rebellion,https://images.pexels.com/photos/36650875/pexels-photo-36650875.jpeg,https://pixabay.com/get/ga08fd669fff35221f67af32fafc6c791efcffc1f15b41189373c2a46781b52022bb1b88d3e3086800c1553727e45f0c898722f47fa79bb997c03342bb31caf7d_1280.png
FORBEARANCE,patience,patience,https://pixabay.com/get/g6e435731b78716659461dd649761c5064f2b08805a15fcb8448c1d4ca021ae43d3587bcafa76fe5daedad64faf5d818d930894d9f606818071f67e80a70ac13f_1280.jpg,https://pixabay.com/get/ga7e62bbdc9a47b63379c336a52fef01989ff9bd352e55c4b29f1c819a42c5f1cbc016296b4ba6d02f0b9c523377e199ce3bd9a08a7b237eb1cecc62fc25f0f94_1280.png
FORESTALL,to prevent,prevent,https://pixabay.com/get/gfd286ea99a0833a4aa7088c4aa35be945f7f130f757baa98dc8abc4a6aaec97914dafac1b94476a850d5f59307f99f60da8efd3582c695dc8bc0025f88840812_1280.jpg,https://pixabay.com/get/gd618ac19428645c0688aea5000871274f264fab1d53c1313e314a3a0d72f1c9d7d57779a5f247d6cc7e4eaaa66ea0c92ac00f29b0921ce42e55ec52936e22d10_1280.png
FORMIDABLE,intimidating,intimidating,https://pixabay.com/get/g0dc3e5d973d6ddbff73afaf0136661863708949f945a4129da1f0f25677495cd5c0dacf3f6e9a8ad9c9bd4008a83c15fc486ba0471240616ab65b1f17e90f25d_1280.jpg,https://pixabay.com/get/gcf5794ab948c1095a3973a1e5c0d2b334549f5485a11922c02cde591ec52b27e0847df0a41ec4914399e036498c10e2f37c2e87a26eb94690a8b8e08b7288c49_1280.png
FORSWEAR,to renounce,renounce,https://pixabay.com/get/gd1b685b9228c200f1ac7027ab25f832a2cd77d768d0a84353d12943021d306aa115a0c53c9d4156242ccfbe54cccf40dce01fe13d4eda2fbb5c3d2f3d6dc8e66_1280.jpg,https://pixabay.com/get/g6db364ffab2a76691dd7b1bbfbdad1ae239fa6e0f6bb55dc03d2b3a5076055132fcb4370648a7cb08921164bdcf94c4e76ba6db769e896b0472934d70df41e48_1280.jpg
FOUNDER,to sink,sink,https://pixabay.com/get/g1794f2c581295dae88e1a2578f40b1790f7c2b6d869a72e6e9d7bd8d12227f7a17dcf291ccbe46575ae0d2b897e44e8f9cbdc42c03721a7b9b7c3cb536a4bc9b_1280.jpg,https://pixabay.com/get/g5a991cb88689355fd3cacde1273ec9c8b387212bdcc5f12088a0c211e239208c3fc636b08266ffdefab3a22c322d9e473c92411c7da9929898a94c7157d9a3f9_1280.png
FRACAS,brawl,brawl,https://images.pexels.com/photos/9395506/pexels-photo-9395506.jpeg,https://pixabay.com/get/ged5ffbcff43bd703da80fa7d80e9a6cc61f881f269e45e2c0e070407b74019c6722f2118cc324577e16141f1924fabc71ad70b855062b51c90924c8e7c005dd8_1280.png
FRACTIOUS,irritable,irritable,https://images.pexels.com/photos/21134541/pexels-photo-21134541.jpeg,https://pixabay.com/get/g20f4eea4115b6657cbbf952488d214d606213644ff50336c069251dc0e479e86f1f579b86240fcfc3c018c47ba8695fe_1280.png
FRESCO,wall painting,wall painting,https://pixabay.com/get/ge16489118896dec163cb8e819a4e751aa247fc86765b08642724e7b0135d7a6b0d2160b29dc1c51ee9e5ce8e677d3d80ca01babedeca7f279a0f4dd06928a415_1280.jpg,https://pixabay.com/get/gf932638d960f89d5d2109b6807aef7f36f01f239e415eb4aa1c6dce1b5a6ad675f4312905b20ca6db39113b191578855530391984e1d346d5927179aca2cb6a1_1280.png
FRIEZE,decorative band,decorative band,https://pixabay.com/get/g7d391c2cee0400994dbf47c691fe62facf95b9fb5ea7a6ac270701daed10b6f25a526a2f378dc083bdebdab93f58569c06d4acde74f4384f076ad50c341af129_1280.jpg,https://pixabay.com/get/g6d3801e1d954ef144980e87c9bc40488957e6affc3679c9dc6cf0eb416ebe512d845362c84b3ba8b5136105d09088fbc9f3b2144379b7a841e900cc35d20a354_1280.png
FROWARD,disobedient,disobedient,https://pixabay.com/get/gdd08bf1fa3085390d252c7ee87f2777a940bcda7925caf34b524902ddddd58e719af42e0d48ea3164b1509a077f0f35539bdcc5e3a3dde890cf98a35e44cbc11_1280.jpg,https://pixabay.com/get/gfeef64fcf9212b35a6cb6d5519db87f7faa8c866030c5a5c585d505871906ac78ea591b26a0cce50296383ffb6472ae56f224f53e5b94a71217d7e46df6b2be3_1280.png
FRUGALITY,thriftiness,frugality,https://images.pexels.com/photos/4714841/pexels-photo-4714841.jpeg,https://pixabay.com/get/ga8033717cac75c5680344c4e7cb28cbadb2e56568c73c98850a3536ed3c17ba58d6cf3e4e0e54cf09cad94efe5cc8a918bbc1ca9c848c8a88cf8f1ef54d7c003_1280.png
FULMINATE,to protest loudly,protest loudly,https://pixabay.com/get/g5fd85c7ecd7f99a58467d54c4211a6c920848b963ffcc113b529cca64453760513096f810b3da3d7f7a6f74fb241745de3c5b6e65e8ef8f8db3b0033b8c5d154_1280.jpg,https://pixabay.com/get/g9cd19d2f1a3b22c8b4a23378958905a8632b115a028964416cc69ae301a3a13ddb1642d456d3b19f48b4fc4e18d3a56cd8bf214eacd10be9e8ad5e4aa99ac25e_1280.png
FULSOME,excessive,excessive,https://pixabay.com/get/g45ee5b37a3a02a4e55d8c3913bee0038618faa13ec757169fa095b4cd48f06c7f6fbbb051c9e6c80af29c2492be8dc863ea9f6ff6bec5b412408ef74c5ad7a96_1280.jpg,https://pixabay.com/get/g00b08642d49813190804fdbea66b0ab5f2b417b682531ce15b9d0274f5ae6fe2b9bc0ca93e6a61a3d6324d226a2c1e84_1280.png
FUSION,merging,merging,https://pixabay.com/get/g301418d4a9d8434716e0da1317ad30cb2fffcaedb0b206128bdf273272fa89519e70e92e4768a3baf5ed3ec46eea905092853de1f7d7ce6d56051d8c4b7127d3_1280.jpg,https://pixabay.com/get/g2c60d694c74d654ac31f713623e553984ead017b91c6ddc61b86bbd22778d72e55cbf29da418ecebf0f986e04ce3a045_1280.png
FUTILE,useless,useless,https://pixabay.com/get/gc8245dfff2136ec2f2a8512484225e073a20a5a27ecad6153644cb4dc7bb2cd7b709f3c19d06ab5704e057da24060e7cbedb3f41da7e6e4abae82dff2f1a26d1_1280.jpg,https://pixabay.com/get/g83591993a0d5a20ae74acd10105764ab6ac886ce4630e0560434be66fe7678dae5fb37f4760e994113126b37ef0ecbad8c988bc3321d6f45223d3e2273d08450_1280.jpg
GAINSAY,to deny,deny,https://images.pexels.com/photos/8147760/pexels-photo-8147760.jpeg,https://pixabay.com/get/gcc2ed482a60501ef99911a71efc8f6b087dd40ef698216a8a4fc427f2b9e8ce437fee2070aeab20144d85141ecbaecbf6256d99d043dad4d3b303c05d81cc2ea_1280.png
GAMBOL,to frolic,frolic,https://pixabay.com/get/gadcf3170402e178ff337fa29f5e8977f2c936ef9a36c23683b14e925e9708c75fd120d018a8a128a89e20df8c960d5ae14daffe63b11bf3625d9490e579e4989_1280.jpg,https://pixabay.com/get/g051667160596a37209052649f78b0080888565bed19577a648f4e268eeb01f2a59b12288e4a90e174a32320b73a0a16b97b3763281b65ec1c5863acba4516725_1280.png
GARRULOUS,talkative,talking nonstop chatty,https://images.pexels.com/photos/9643939/pexels-photo-9643939.jpeg,https://pixabay.com/get/g85ea65235a0c239471db82788320eebea32d7014ea4394511645676c600e9b17660f1390381a0bdb6e076949fcdd0a35fbc2c97b48e4b1c865fa7d6946f4446b_1280.png
GAUCHE,clumsy,clumsy,https://pixabay.com/get/g2dd0c1f4c040edd965ba57ee8034af73f670c38ad44c800657bc9fa405efb3c47a3aa2082ae671f6b7b3dcf27723be6d317c8930d6022209527aa348db6d7aad_1280.jpg,https://pixabay.com/get/g8e3861c9f062ae53d6b858c878e4c7df3660c1cde1eb7db311965e983fba719e2f7cc195c772e9e84f7ed5d7b5df4f2bb58dc787fc48f82e7c015b685f2d3d5b_1280.png
GENIALITY,friendliness,friendliness,https://pixabay.com/get/g6b9a509a821c78a7c98618dfff4b84bdd0f561d656d6f4a387ae5e92577571941776a2039f4f2d073d56db334ce7a148d18b800001e0cc108487c079c97d3084_1280.jpg,https://pixabay.com/get/g9f17893c720b22afa99f57664237b8ec431faee71f69852f63a4e9eafa87a2fd24ae1d95e7235d235b7fcdcc0ea1e4f7786c949799a34e62f5307f742b8159e0_1280.png
GERRYMANDER,to manipulate boundaries,manipulate boundaries,https://pixabay.com/get/gafec04e6f8c8a5583da8fc83437ab191d1fe266c5e1e629a6556dbb4a8a4010608e7aaa0884d54965c38a3aa0e4ea527ecfaa8c9fe43322210a609bbfcb1229a_1280.jpg,https://pixabay.com/get/ge6617eda4c8e3273dbc2c2b90893caf1c432e031466c0cacc925386b271f97eadcb0a0f268455ece51731534609a4f7329293cef57335a8d65651a4cf2b4c5ca_1280.png
GLIB,smooth-tongued,smooth-tongued,https://images.pexels.com/photos/26689578/pexels-photo-26689578.jpeg,https://pixabay.com/get/gbb476c88935eda0a0aa8fdba91209052f8637ab091028dc92ec9fa248ff8feb07155a58fd0d0ed926ced3012fa39989e83330540a713c6730fb4be3e5377b9d5_1280.png
GOAD,to urge,urge,https://pixabay.com/get/g880bdb3e3462bc76eaa7a04b8eac5a0108d2c0cd85c4c01bc058fa809ab9a1a434b0fd04e096807179def4d5c9c3ab073403ffa15c954a4b07358364260f1000_1280.jpg,https://pixabay.com/get/gcdfe32147fcbb132ec29dfc1200004a31f87fe176c536a53280a71600e34586ebc54f24bfce710b9806c3577b5522621c2551e9f971c15a85f4667789c50c59a_1280.png
GOSSAMER,delicate,delicate,https://pixabay.com/get/ged23287611f3e3aa4beba991e65967e9f7127a4fdf0ba20b1c2673bf9fb8d6a420528f2bcf797e53279f7eaa81f223e7dc032b4080992f299bb7322b116d460e_1280.jpg,https://pixabay.com/get/ge1f236dcc5379adc889de036397d5042b79c690b3e1d6cdf42a03f3380a2218133320bf7ac84c3a02fdaed672d12fc61b9434df2e23122532f48090e30a04d11_1280.png
GOUGE,to scoop out,scoop out,https://pixabay.com/get/g5163df126e03a0369c1451cd69c192a739cce91bcb958f0be03073910e9ef13a6f4a105d7755d1f6a63534db07658c02d3119ded8f98dce3756b97c9ee2cd48d_1280.jpg,https://pixabay.com/get/gd3de33f69db954335ebcd4731fe6d3c1b549a1d45060f375adc295691a3ef077b0d840a6aad99041c90819ff7b061b9470f67f5e4cd1af4a749a0b4a4cd9593e_1280.png
GRANDILOQUENT,pompous,pompous,https://images.pexels.com/photos/27608492/pexels-photo-27608492.jpeg,https://pixabay.com/get/gfb165b18320527b2ddbe5ac310477402996c3cb94cc7aa20e05aadeab24a13115c31b7e23902ff36ece70426555e4e70884972c18df836415bceafb1c9e47c4d_1280.jpg
GREGARIOUS,sociable,social party friendly,https://pixabay.com/get/g39f1537baadcc7a26f14f8b52aa4b08409e87c5dc30db1eb7100dc7f2874afbf9cfd7ba76f03bc0d8cc859aa5df45d6b985708fcdc0c35814b8fc81d94ec6225_1280.jpg,https://pixabay.com/get/g412691564d7c299f854c740bba617309e41e05673d5c942d7679fca5133d9a53fe8d4e05e3201da8b8b7bc2d743c1f42e331bcae05c3d97564bb3b1ed7192e87_1280.png
GROUSE,to complain,complain,https://images.pexels.com/photos/7640805/pexels-photo-7640805.jpeg,https://pixabay.com/get/g85404060c8ec1bb3250dc9d67517755979c8afcb5f29a84ebcc3283dc8386e6c9f828a744ef2c9195fb2d8e5ec7e2ef105abbecf3711952a16b77b0e711d012b_1280.png
GUILE,cunning,cunning,https://pixabay.com/get/gbd3477feaebfcb48fa7f92c4e17fe07e1d36ae79f2952272254d48e207f07979b16a67a2479c190e43b4414369b05713d84bbc1fac964b443da7334200475dcf_1280.jpg,https://pixabay.com/get/ga8508122e45d3100539996c52dd62fed9490a9922f9b9e214390e46766a1be985f5bd1e61fb8f3521e91166ab0679d1226928912e6c60310e9baa5447af24e51_1280.png
GUILELESS,naive,naive,https://pixabay.com/get/g3fd86fcf47caa2b9cacf887fde049260be8766d437121b43604de198063a40323c12a3335523fc8e9334885ce958f3120fb630c12a7efbeed312b2533edad829_1280.jpg,https://pixabay.com/get/gb0afb7590e69fe51ade7b46b9028774a6e06d0795e208a92f5d37b9597d89e16af28e15982113e69f90befbb8b454eb0032e246e863b74453ad550d9a4a7d16c_1280.png
GUISE,appearance,appearance,https://pixabay.com/get/g11f6c6620ebd331d179154b1a5f7a156df524ac6375342dcf386a000040f88740ef72cfd9809fa9db2fcfb1376d810461247ca43d181918a6659bc9e0c52e9fd_1280.jpg,https://pixabay.com/get/gb7ef81797bdc6808e4d70aab9a8f256797a393eb8cf3c8422e218da0999888591b218219a29bf2d72337ed376bfb28e6152a414e5a6283e81f60bcb553d09d2f_1280.png
GULLIBLE,easily fooled,easily fooled,https://pixabay.com/get/g91fc3d5b7bc28731b496968864e6116665b59730fe7dbf7c7313914c7cd973626eecf0df0e68cc5cade089ff79b1dd5c67252a3462d1e387d6f51ecc89940399_1280.jpg,https://pixabay.com/get/ge930a2d5b7b8d01c7968d14d52211059ff3cbb6e4d199285de4000378c46ce3fe729305a37312cf0efcd8f710cbe7d764ba17afff88d2aa2c2d0c739e2eca98a_1280.png
GUSTATORY,relating to taste,relating to taste,https://images.pexels.com/photos/29387256/pexels-photo-29387256.png,https://pixabay.com/get/g935bdc0fb48704c731ac6c30ea7562f5368990d0b2fb45157dbb138c421fb6c283a119a9d26039ebb441b31103e208dbb16b3ad68f64537deb0d6df7d9b0cfad_1280.png
HALCYON,peaceful,peaceful,https://pixabay.com/get/g90b1c24cc790dfc43c57a56db0314bbb9312f07a15299f191b50279da9909d36aeaedf42f4be85ea3c7583328d84b7b53dd786fc1bb2b1610245f7b71aa9291d_1280.jpg,https://pixabay.com/get/gb6b81e144e55be498007e70687d1baa8f7ef621235b7de40c219a9e13189ed234fc8ab50f7ceca5aa36f164e8438d19622a3605702f09628baaef5360ee4b980_1280.png
HALLOWED,sacred,sacred,https://pixabay.com/get/g524303bab8d0b81e2ef693bae612f87e3bce85ccc5a72e8629478a081a11f9c9069267ac78383cc87d489ffdbdeae6e2d1ed6442715b274f012af0d851eaf7ff_1280.jpg,https://pixabay.com/get/gef3b6174222acf137b1b7040ead40867349c90256d4428b1bef5cb44899e3d0f772f7379725005a63fb172fc600fcaaf268d65ce88bcd9ba6fb68b56a62d958f_1280.png
HARANGUE,tirade,,,https://pixabay.com/get/g28b712a88b9b69eeff0b6233fb151001c9f460139e3edf255eb8af64702556e252d5a47fa0e73eacb5f6a8af4d5b876b886664af66f878aee01653b430cbdd29_1280.jpg
HARROWING,distressing,distressing,https://pixabay.com/get/g004e7032d53c9363e72824946e8c04e4b66210364875adc62d5e034983a6264ae905b163edd85b4b6ac11f0603b8ce9378ccaa61d12b4515957513a2a0fd64ce_1280.jpg,https://pixabay.com/get/ge926a2019bb70fd2ed412c2b8b86c5d03649a3eff9870ec7bdcc805a5b2da4d7d3dc0939f9d3f331ee3137f57f96db1358601369acee80f39933299437c06498_1280.png
HERBIVOROUS,plant-eating,plant-eating,https://images.pexels.com/photos/13037086/pexels-photo-13037086.jpeg,https://pixabay.com/get/gd43ce8baafb6cdcab46694ae9d9a760f9acc76cfc5c67766385bc4227a1d11796cbda95928cd0b8c3eb281af24aa5f1cd15fdb9278b7e55fc94bb59e5d52641a_1280.png
HERMETIC,sealed,sealed,https://pixabay.com/get/g5bd60e4318e63225dfc8374e54afa6284a933b3058ed291d740cd07b4bd28119f0a8e04701b32c1d3c343ad28c26a280dab731cf0d639dd12516210c88d26a93_1280.jpg,https://pixabay.com/get/g537cc2eeaf134aa62c1b75f9cb59e194d2fafaadf87464861e800e69f7ba98a51d3c23da2a39c104e4e097199fad8145aa3d3c53eb9d54523f41c30cc73fdfac_1280.png
HETERODOX,unorthodox,,,https://pixabay.com/get/g9853182be9ccca517952283125c230ce7eeeb28df43e95e8dfcbb0786dcc5db102f0d18c36a70a6c9b16f950f10c8cb8febee24c71fde869e12ab86bc417046f_1280.jpg
HEURISTIC,problem-solving,problem-solving,https://pixabay.com/get/g69425f38da6425ac4a90305298af13a1c07eea090a58be8144c9d7407fec19b50c410d1e3be913117c9a8128263914c1d7c5a09a789047ef66979d044f71b6c9_1280.jpg,https://pixabay.com/get/g4609b15dc7447e2b62f149e2f27f6bf6c03d4c7a0be8f4b64babaf43642671d894ed246343605d33ed24ce831ef9b62175fd7bc0f8a70e76287795a495bdea3f_1280.png
HIEROGLYPHICS,picture writing,picture writing,https://pixabay.com/get/geb3ad1db4b077ec0f67aee671b1ac68b6d91427e7a3d051631364b8b0f418f6c73b523ee08307ab18259f0a5510113900c111e13cf5d6a09a971159a6f17ba83_1280.jpg,https://pixabay.com/get/g494847ff48a465a58fb20842bb3a77f8989664a7b302dcc84e4b0cd8edf6a4fbc9c04ea4ac662371988b59759b51e02f5444e19b802d99e1d2fdb4cb7f95bd2b_1280.png
HIRSUTE,hairy,hairy,https://images.pexels.com/photos/17644641/pexels-photo-17644641.jpeg,https://pixabay.com/get/g1406d65b36d181b6ae74f0fa110f0e137b1d4d8b5c83e753019bd01436ecf7085c55ce2ba15884e5c4723c63f49e3b5d15daa573d7cb38621b382d3be1332f07_1280.png
HISTRIONIC,theatrical,theatrical,https://pixabay.com/get/g31a670a2bcbcdfac4fbc48376ae47ba9ed6bf57c0480b4658371cd89fc2562a69ff3404caabb6581afc5d1a71a75e875fcb0286bb079351c682b630da07ccac0_1280.jpg,https://pixabay.com/get/ge39387e359c749ffb075b5fd837def92e2a47aa703611ede70f58a86587ab5cb2528b26f98c89776733f27c010798bfeb74a9b4c84bc82d54361985ac4a03a08_1280.png
HOMEOSTASIS,stability,stability,https://pixabay.com/get/g1fab7068de42926d38072bbcc284ff74d733fe8389598721d23ff748b9db2b42ae1f2d4cf728eb222618c4126eb41b93c0a222c2fec58fd87f808a2f2b39a900_1280.jpg,https://pixabay.com/get/g2a7fa882c451fb406bf31d6f5fc64f6396ad7ad4dd7c0b6510b8258afcc631bb455dea0a9bc079fe7523836e862100b008ee552d8bf7ddf2ae2741d92b5fb7d9_1280.png
HOMILY,sermon,sermon,https://pixabay.com/get/gc9163f2fd8d7e0811458f22b359e43969c21caf15273300a058f391ac53fafee3909ba4e8bdcff95459691fac9596f40d316327876393c7ef78abe1602ba5e29_1280.jpg,https://pixabay.com/get/gb2589cfede0bbefd7ae1d89db45630c3c2a6dc6098923964fac55ee380e655f3ba350ceff9a2d8778d099358efc3d4833cf4562c623b44467d5a3113f63bfcfc_1280.png
HOMOGENEOUS,uniform,uniform,https://pixabay.com/get/g402beb0e9af98f73137513b2f64724517a2913bf12f9c914a7566ec5b47b2aa09f3bfd0574224fce2759e41bcc373e7a_1280.jpg,https://pixabay.com/get/gc0b949b4ba8952a46b3832b82a4247dce5f28d0c45a5433ba7f6e32073a147f25c6bddbc93694f3e5f907866b00d975fc6c35d44d7cff9cdd53201c8275d2dc2_1280.png
HYPERBOLE,exaggeration,exaggeration,https://images.pexels.com/photos/3823495/pexels-photo-3823495.jpeg,https://pixabay.com/get/gaa0ca60671af616ef3b428b7a3ea3fc0f4d37d8eefec68c1586a9cb57ac10eb3dc51d84cdcb6f3f9bdedcfe613bb8bb0a3437e8cb4325fece768e22c1d23032a_1280.png
ICONOCLASTIC,image-breaking,image-breaking,https://pixabay.com/get/g106d0f4bc5b5bbb69f28f792dcacfada14247c7e8923dc3fd840daf04de06751782e6bccd280b97a0112f740a1bb872b736f97c4b123297dc4b2fb7f3855c4ee_1280.jpg,https://pixabay.com/get/gccb6eb7f6baffad682c5a236ecb40a98b1e17a861898f855c50b60627f1568d03937f3b38a2bc8a47bb570785bfa77c0ced0ee9f0d9914eb3c6c2480e5e8c64d_1280.png
IDOLATRY,worship,worship,https://pixabay.com/get/g7028e635eda7ab22cc2389bc5dbadc5dbe5cbdbc352264f0635b72a5df9400018505e267eece79456c90ff78c503a57856daa4690f4f24467f9edd55732c8a34_1280.jpg,https://pixabay.com/get/g14cf102edcacde2843124edaed007f0c4957553011924cbf1ca42b5492802b0df36c1df6222c55c51ada939d068abc09c460d17aca603ce021779027c71d7626_1280.png
IGNEOUS,volcanic,volcanic,https://pixabay.com/get/g36b7b87debedb295c8909d87fc3204f3c18f092c913e63a0ecd0c11f724faeda07ea7fd41f791475b97acd34a108e8e7_1280.jpg,https://pixabay.com/get/gfc346ad1e8329275ed2c2c22e328045f8bb47ddb114c9ace6fa1242abf62f95c7d333378242a0b3559be08094452c3324baa4729935c676f0d854336a5a882e6_1280.png
IMBROGLIO,complicated situation,complicated situation,https://pixabay.com/get/ga985101025b2936c47b50fd36d226a6cbede809814d400eee813104643c6886d499979c3c546d385e8b75c7d33993897c84cca634a9b9b60d35137529e18fcd1_1280.jpg,https://pixabay.com/get/gff823908c32874e06e174b708f906dcc89971ce665c2f96bde3c7c103ac7888f2b9691e28cad4b5ef344ca3987f7cc8f7c26effb3e1d96d37fd58c4df7bce956_1280.png
IMMUTABLE,unchangeable,unchanging permanent fixed,https://images.pexels.com/photos/29877731/pexels-photo-29877731.jpeg,https://pixabay.com/get/g70a1d678cf3e8393da062ad0dc820aa988089270ff6cae82d339c7ac7aa071468ad0523ad0b0e2f46b0b29fc5dfe0803_1280.png
IMPAIR,to damage,damage harm break,https://pixabay.com/get/gdb1f46e251b804a34bbf5728f946cf91ea070673a8d4c7415803b0d45e107e036638fa1afeeedf7f24a65d11442e5f4e24389f215aecede14f77ddb3484bb3b4_1280.jpg,https://pixabay.com/get/g91ccd29b261b21d9d814d5cada90f376f6297fd7d5b4650a2c7c757a5d0eaf106f6fe86d562993dcba3441f014e15663_1280.png
IMPASSIVE,emotionless,emotionless,https://pixabay.com/get/g4052a7776455fe21eab872b80766f4749995d9eeb6a914f76d62ceebde8b30d679914cae8690979845be6c9dffe9447add3de5f61eeeea069c66dc630f589626_1280.jpg,https://pixabay.com/get/gf2f3c61b2430e8da98ef4ae6e3da0dbc98a083496026facb402b9bf38249ddadfea531d4e2084984cec3d9bb15d7fbbb309edc3b156f86e9dd03db75fc2b7d63_1280.png
IMPECUNIOUS,poor,poor broke penniless,https://pixabay.com/get/ge9bc44132f1e061aa4af7c5e8406f1c71935793c93a3f2b95315ab84d04905325d90ba05bf2e727c673f254c17f06d8d73960c927e6be94b3cab13d953d07841_1280.jpg,https://pixabay.com/get/gb3d6e565b43be7183a843cb95881d69063f96ae724e7e05345b2af14b625ad159a16b211c1f9ade256e97b6e0fd9dc2ec9dd36535dc153b9705c4643c066a47a_1280.png
IMPEDE,to hinder,block obstacle stop,https://pixabay.com/get/g9fd51d7fc9f0e435731d11d4d593bc40436e2510bf1c5a4ea5be1af612166a2a2ac64b524c073e5f1c4b81e13ae1b709c66931af3112dee2d21e5d7e010cef28_1280.jpg,https://pixabay.com/get/g8d4f545de6b7cc28e5380570f8cf9a39ec908d6cfae14f844b82d6389fe156753f20c722eeeb6984702ba6a65f29c825_1280.png
IMPERMEABLE,not penetrable,impermeable,https://images.pexels.com/photos/34455964/pexels-photo-34455964.jpeg,https://pixabay.com/get/gbeff2da549ff8d5b032d6ad402cc4ea70f9e6c83a13901ad9f256078b70afa96a3fe4d4b22de04780248266c7b212750146dbec9502c8d9ef86a94a7f702606a_1280.png
IMPERTURBABLE,calm,calm,https://pixabay.com/get/g4637d4d53cb809548ce8bdf813f9edc8b0bf9150bb885cd2a9536d3668dcdbe6e485866ed51c78b2d0ec828f2564f84212823ad852dfc13ef83396c54b3185c8_1280.jpg,https://pixabay.com/get/ga43700b278f97c9bca795f276b555301c5b2a2a7e31aa7cb6afb4a606ad23ba2b204bd0652e37565f6cf4e6f16964863e0303b394a9320ce2cd404cbe1135b0d_1280.png
IMPERVIOUS,unaffected,resistant unaffected shield,https://pixabay.com/get/ge08b5a2fb2b53ed3d0f79ddd13adb92ae3ad819157bd39fc2c548c5f740959d2dd4fbdd649e8912901a3de2c73443c762cd8bd5818a636c7110cf7cd652bee2d_1280.jpg,https://pixabay.com/get/g01eaf177ae7a163a24785b1593d3df9f70e1dc71ee38717c00feac701d6b1e998885410f3ebbd6ffee4647217eae777c7ecb55d744342164ad82e9e657270189_1280.png
IMPINGE,to encroach,encroach,https://pixabay.com/get/g8cd69b63b8ed9f7c22cbcc018c8951aae919cf7a99f714fdd2aecfd781f3bc79950da3fbb6f8da8675124566145090d4f24c5070e4a5eaa6c9860aafeb61cfae_1280.jpg,https://pixabay.com/get/g6f85147bd89b40fe99490f27f62e51d2f4ea3052b2359bebdcc6d2ac95340a551198d9477bfa3dbad6c31a6628c6a374ad118e3fd76ee2bbdf6849f931ae272b_1280.jpg
IMPLACABLE,unforgiving,unforgiving relentless angry,https://pixabay.com/get/g7115fc8761b20905c47ac842201f9ef5c1073a834e56751cc1e2cdd4cc5a4cf9cd04d3723c48ae32ab68913fe9ad2c6bfda4bf689c7ffb5bebd5898cf38d6fd0_1280.jpg,https://pixabay.com/get/ge8047483c6b37b6bf77a690b5b484487e72e181eb77afd56e8dd78e7e70f33ff04d3d246a472004a48e872a37d6db37a_1280.png
IMPLAUSIBLE,unlikely,unlikely,https://images.pexels.com/photos/31235667/pexels-photo-31235667.jpeg,https://pixabay.com/get/gecc3e0f579f7edf94dd1ab56543510858eab40353f3ad68b4710db1bb71f283b1d2a691ec72b09d4aba1d95cfca0efce77160cf7dbaaec0275cf4fa9bec1aa62_1280.png
IMPLICIT,implied,implied,https://pixabay.com/get/g777142b854219c51c33f24c5e44bd94382cb3340bc8c2d60cafbfd9bcbb7f6044e769b2773461871170edd7e1d3c072857f19afab2309961468d63af0fb487ee_1280.jpg,https://pixabay.com/get/g62345d144078a8829020dc6c359f626cc057a5357faf87c47a93b10010bdfab72ac92803e9f7413959db6ab3bb7279bef9a407f5c18a34ee435f2e2292d862c1_1280.png
IMPLODE,to burst inward,burst inward,https://pixabay.com/get/ge71d2705aef5f5d1eab027d5d9eabd3152cc61350f39a311d7f889e9b4095a3f58195de0bad55e8a4629115cf8a0900484c0e5cae86644033d54cf656cb5ab3a_1280.jpg,https://pixabay.com/get/ga02f30c5d06a62e2d1192e20c4910ff73e0e793e4e5dba45f5cffd7dbfecd4e7a0fc8ba8517a8d996e5c6d4682536f4242715c1705797ab7851c399cb4b018fc_1280.png
IMPRECATION,curse,curse,https://pixabay.com/get/g4daf009a2851c819843a6d70ef4961651a761f4a040e1b1932c5c6087c11bd29045fb9452dba7291baacca77ca92c76fea49d4e0342ff67d677ec6b7162238ab_1280.jpg,https://pixabay.com/get/g270afb4d20dfae24f73195ca222c37eae4430f322fad40dba12ff48d3d4230fbcfc57d4f58746be026d1d72b2e93736135a17f56c7761456ad5045aae7d21e17_1280.png
IMPUTE,to attribute,attribute,https://pixabay.com/get/g4def92bcad4ae6f448d352b529b87d1ace068a066170a90942e1f23de8cf0725100c376d1b33a36e63431d57187f5c47964a476825a82735903b4967868b192c_1280.png,https://pixabay.com/get/gf960434b6da21d62c950b66de86dabb8780e0ae0000ce6e054f83237e20255a8d1532be1458826271738d658593ef122037f17624eaa867c0e5bf31ea948c715_1280.png
INADVERTENTLY,accidentally,accidentally,https://images.pexels.com/photos/8573621/pexels-photo-8573621.jpeg,https://pixabay.com/get/ge7ef3bd6d6fee2b4ee5292e39df70bff5c3e29050eceef0887c61a3432ece6933725a4d1f57cce70a9ace7c7e1331461c57f1e651024fe734c6f76982ca49665_1280.jpg
INCARNATE,embodied,embodied,https://pixabay.com/get/g38d9ce5322e528d57ab3f12c7799cbb632a07824dc9cdc4d5ae70453e7850cd852bc0b01f85abe97347d9921f691cf3b14d97613b2347b990ecd19cc8d8ce7bc_1280.jpg,https://pixabay.com/get/g9a31e20cf0e459c23cb045183e6b2578257da71db0524a913c4b7ebe891e5fba586b57fc59fb9375ae2a914f9eec1236d7dfdf0831efd570959b90585efae737_1280.jpg
INCHOATE,undeveloped,beginning undeveloped early,https://pixabay.com/get/gecda4f090705f422a3dccbf68f26e6ebf4d89c9198940c486f57c7c0398b369d191e5cc288f8226264d9be26f9c9ba2c2bcf4d27e75f5cf548e94e2052498b79_1280.jpg,https://pixabay.com/get/ge2c80b96baf8d16e27280558336003df757b2553ac9bd2202879ab63a415dc0b77d13501edea22fbb0671f74ee9d97d9_1280.png
INCONGRUITY,inconsistency,inconsistency,https://images.pexels.com/photos/30009834/pexels-photo-30009834.jpeg,https://pixabay.com/get/gf9fd1db37151eb31309c0c10dfb2ccb886564f4c3850b1f5f697e2ad15f212ecd4b2889345a8da6c094c89462eb8eae8988b7cc3427329a7cbb7597c40ce9d9d_1280.jpg
INCONSEQUENTIAL,unimportant,unimportant,https://images.pexels.com/photos/22882048/pexels-photo-22882048.jpeg,https://pixabay.com/get/g1991a3ed775f2a67c66d9cd9f425e53e9ac11dd2da39bfb016db5b64bd8e787f4fa1d0197b35e35a5e35d35072b50cc9cbb8805f1508350148810cb557e244e7_1280.jpg
INCORPORATE,to include,include,https://pixabay.com/get/g551409bf56e60011aee4b7f6150544ab8c641243a7429a3995b642886ec6e25b8d0c7c94b549a1b070037c1f78705ec0aad6de73d973c6459a08603af9766bbe_1280.jpg,https://pixabay.com/get/g43cbe806073c4ef672a159e6bb667d0df91e41e9ce2e511507dbc8100b93a949a3a558606dad39a33d66fa34396d6a646d5bc32e818e33a39db54c24ec2881f0_1280.png
INCURSION,raid,raid,https://pixabay.com/get/g7bc1757e15ec6905aad107c5729ccdbf699b7032e7c885296b994a66754bd9aef0172b1583435560d1d6554730a3d6c49f696e0b4918a789ebcaceb51a4fda86_1280.jpg,https://pixabay.com/get/g031b266f58d5f2fc1c5398102c3edf87928fae440908443f83da38933e975f81909d080091d98f8d4f7959188058ef35_1280.png
INDETERMINATE,vague,vague,https://pixabay.com/get/g41a2d4236238fce2baabbf0ccd97bc752ffb07559fb4646ad277e5dd717729ebee868b383c1623725f875ffde24600c5938cf7ad8fec74fcfbb43308f95f0335_1280.jpg,https://pixabay.com/get/gd72b4a28f52dec27ff6e17d0316b70116f095046082253f13c607c23bc7bf162dfe3e9bb618d6b3bab0408661f767ddf5bb7a3c804e8066fd6ce5c5988668d0a_1280.png
INDIGENCE,poverty,poverty,https://images.pexels.com/photos/13115817/pexels-photo-13115817.jpeg,https://pixabay.com/get/gebfd931b8a3e48a15d55f5f29e2883c27476dcd98ac7dde3ef559f8a8fdb370ad8d11097e16f81ebb3ee2206f6f87e3b7e7f536b85cc4c8a72b08e96178181b9_1280.png
INDOLENT,lazy,lazy couch sleeping,https://pixabay.com/get/ga8092b3542045e9904bf0052077b972a3c332ea08b4afd5031e50ac055b4072f51a5a54ab9113b9d1de5e0eb327afacb38edcb77667ca7e6a11d6154250d1b07_1280.jpg,https://pixabay.com/get/g720b50f4988d0e491d780516f45e29daa8443a21be6a8650f1561c5390cf698bdb82a2a02f45a30e3f2d7301d528a57a06dcbc5a1717b6a593e31afcb97efab9_1280.png
INELUCTABLE,unavoidable,,,
INERT,inactive,inactive,https://images.pexels.com/photos/13779102/pexels-photo-13779102.jpeg,https://pixabay.com/get/g206a6f458bdf85c24957365d5445b59b03d06d82168cb91299e182b82d96b2f93755afab223ce78ecc48e681dc1bf61761c892ce2022c568761c626651830f7a_1280.png
INERTIA,inactivity,inactivity,https://pixabay.com/get/gc19792e56a9a9941e3f5ca0f4177ea06b037cc59c2a85d80158625483c6057fe94992671739dfe106b91562d99e3533d53a50cbb22b05456f2ab32c92067fb82_1280.jpg,https://pixabay.com/get/g6efafb06dee19b599cff2a69ac9af1c8c8f81e54a727345e22be03ab3ac79f7cf69b3174a51e5b05bdf60e29f280bf18b030f875675e61f4f332c11c9efc163e_1280.png
INGENUOUS,naive,naive innocent childlike,https://images.pexels.com/photos/33871400/pexels-photo-33871400.jpeg,https://pixabay.com/get/g022cc302f495a697a92dc10b46e5c9b97f938ae4876b8cfe28832ff3bda9322530495805a07cbbeeaa7c8dd85c5418663d4cee5a7fd51d0147a3f4f8683fad79_1280.png
INHERENT,innate,innate,https://pixabay.com/get/gc52b87cfa35dd5cb6904bb770f9bf43a354383753f23cbf3fe3fee24c6d750fad7c7838c57e82e119bb2f5d54544b1df54e3e0f8abefd39320435f878ebe94bd_1280.jpg,https://pixabay.com/get/gf4d80cb5cc5457066c99ee35997b26246256f5fc518d575627c8dacce1f380f9df9de2e88d60f973516ae9e75b71dfc9a56674afd4644f533d2a91156486944a_1280.jpg
INNOCUOUS,harmless,harmless safe gentle,https://pixabay.com/get/gdb8560208604dc00d606b2249d00bb7d39251da3b7ff7b8ae78d4a480f443a77e1b94d9e463b10604e5f1e8f152b26e843def0c36f39d005934b06f1e0187457_1280.jpg,https://pixabay.com/get/g8ecc35a4e5e7ad6897887bf160ec9a55a9ffa172d0b2bcdd3087e7f7730926eb2e8fd4c4fd1694c7f0dcaee7be30c8142aa4fb29a438f2d1f2edfebabce98c94_1280.png
INSENSIBLE,unconscious,unconscious,https://pixabay.com/get/g32d01f4df6fa87e0ab0a42886584a748dabdca4355e28953c8b3ced37d4fa672f7e6a967caebdc3b44b87c00df947835a0cd70431325500ef507c48f7d6ad01d_1280.jpg,https://pixabay.com/get/g49c5b359b0a538b6e6b41b6af43673fc5b5229588db39539c1f9eee5894cf0fa2f5472a4412e20920b22b0f3378041e33b0b7b57576dcf438bf60e451f085162_1280.png
INSINUATE,to suggest,suggest,https://pixabay.com/get/g41ad6477cbcbe43487a0d2e16731b7bc54481fd14ad5609e431207e66e7169ab38e31995158b0070dbd19130c37ec4278e251593719a62e410b62f1417ffeda6_1280.png,https://pixabay.com/get/g389e555f5e45d1dbcff9644493801da3537da97407eebe0abed7edb551a70764e23460b4382fd40e09d8f0bfd0b77938e183d968fca0cddc5a9c76e06fabd186_1280.png
INSIPID,bland,bland,https://images.pexels.com/photos/16927367/pexels-photo-16927367.jpeg,https://pixabay.com/get/g8b2abe8f409760ccbe461bf3d2e67ee18b4f857a8348b68b3e1ec67c64199d7858891feb3471e03c74e771a88625af3d16dd8b3e0174f3808682997c8756a629_1280.jpg
INSOUCIANT,carefree,carefree,https://pixabay.com/get/gd3ab891b715c783a68bec69a7c6c3e1f08516ec525fe0b4d227e397306bb82cf7d18b051d1f159054af214e6d050b9ce1f6f8fd9d922829f9b0352a96476082a_1280.jpg,https://pixabay.com/get/gbe1e5d33857f6fdb54aac149a6be8f8d25a8301ac1ce40a4518c82b3f9bec8efe08b150bb72f69f970428a4e9d4491e7e68cda26401a1562e54c40b8f4fde409_1280.png
INSULARITY,narrow-mindedness,narrow-mindedness,https://pixabay.com/get/g26fe6c040845c3232e92ed1edf71748ac94482e2b58494a0b8258a98249752058dc97def83d6e4c523e24e59b91ec51675a2c248e9eca5bf1d5737ad36e261e0_1280.jpg,https://pixabay.com/get/g391ef9a30a684b51d8cada5bb16bc64926237d7e1026be57e920599cd6b8a2391659a24122672a35f51054ab6f345102_1280.png
INSUPERABLE,unconquerable,unconquerable,https://pixabay.com/get/ga61e305430c458d0cdb934fbc5e15be887ab47c7dc63cd5f9c908fa12c45abc69cee80b09efea0811acfb471f3c9cd5bc0bb2d16423614f27d31c82d93fdb9ea_1280.jpg,https://pixabay.com/get/g2119e6fe57cb9a19224fa5141b50c5037c32a655484a217162a45b99fb1154f6b2b5268bd738c05b801238598dba445b988f5b4b909e477fc81dfd04c8cea242_1280.jpg
INTANGIBLE,not touchable,not touchable,https://images.pexels.com/photos/8147760/pexels-photo-8147760.jpeg,https://pixabay.com/get/g6b9aede09a7d7c096535476d4b7b9b4ef0ee20363909489319377884080229ff007a03447e9e939c179e6ff997358568672e8b5ba12934b2a3649a65afd97a08_1280.png
INTERDICT,to prohibit,prohibit,https://pixabay.com/get/g49d3209b7e0b33a0b5e265da1931613a0047d797be0c37313cbd7a5591e73326eca39fe23c530fa4ff7476f4033f22a6d2c46ced49ccc59b60305299a17bc9cc_1280.jpg,https://pixabay.com/get/g4055c7d6038c85be985fdf78e041939cbc7882523db7232566d9f3fb1c676a39a27f6b49fef46f4bfcf85aada393e5ad043b67551725bb6e1dcaac64b54dd2f7_1280.png
INTERNECINE,mutually destructive,mutually destructive,https://pixabay.com/get/ga227d83c78099db0d209e452b11af315b997c2ca1da5a723e86807e09fe4cff73156e8d42d829786a0f9d3a150ab05af43c4b277d086667111d08b638412f619_1280.jpg,https://pixabay.com/get/ge18aabdfdc203b36eb758c083b6e0e7cfa2e1edafaeb0a010dfcd7cec12e462689ab120848d74ca9366c677b1a57cc3458a9c10aa29a80e9e6e7803d8aa0f9b6_1280.png
INTERPOLATE,to insert,insert,https://pixabay.com/get/gd212fb941b96abdda7f9bfffbeeb8299b8b99256c517dcd432f19435c739a04377e0b47431fa05d29aaa0aea4b037c5cc6020b81fd5eb22d2ad3a1ab4760cd64_1280.jpg,https://pixabay.com/get/gfbb918c5a2068afe1244e5c481153360f93a34b4b1fb81ff58fc5ad01fd0fd9117d124cfa12257433e2f23f52d57b380baf3c6cb6eed7fc20f06e79cc0d8a09f_1280.png
INTERREGNUM,gap,,,
INTIMATE,to suggest,suggest,https://images.pexels.com/photos/577514/pexels-photo-577514.jpeg,https://pixabay.com/get/g2b8e3eb5580457fdde22ed0ffaf0dab21f25e765681f687c956dd46954a723ad521590d5a3d11362bdd650b1ee0f19ec7fcb93c11830e192d2d3639b79bb0dfb_1280.png
INTRACTABLE,unmanageable,stubborn unmanageable difficult,https://pixabay.com/get/g5415078ac7c16cf2df162656b404fffaee32d15a66b7f2deaa0f12c4ba1e18a88b9dc15c9df431e0cd70a5329ea5b2e94a900f8a448f45cbded1be72ad35c742_1280.jpg,https://pixabay.com/get/gb7c906f3dca9e9f89d23e1ff175cee6c715c7cc41aa8bfd68dd3a2bc9f266ba73d0082d6564bce9f92979b166bb8026d856d535995e435417ca9ccf8865241f2_1280.png
INTRANSIGENCE,stubbornness,stubbornness,https://pixabay.com/get/g83ed11d903bdba05f1b98f47962d6d8265c7734d8c31cae4162310efd3d8997b9797655a9112708beca311ad032b73758ed03cf57c7c557632f2b9bd377cfa7b_1280.jpg,https://pixabay.com/get/g181fc54c93108e58f65eb4b011053b4214e795d5ff9a7aeeee6b8b29670ff92faca3d24e368f8e49b9cce2a78cb7e16472ec211736c034d66479408365941b05_1280.png
INTROSPECTIVE,self-examining,self-examining,https://pixabay.com/get/ga07ffd222cd515be6fa7885c97912a21a1e98bfdcd056a6564a7d528f2b22aa58a72882cfb17557c28e78b5fe77336afd491d33bfb39c6553b693a99ea03702c_1280.jpg,https://pixabay.com/get/g07d0e418d9a15643564fcb97d17fb5d0c41bb53d6116a3b42eaa32ca2db00a75b40dfa59c4d708a4eeffa361916fadc5b8dcbd1399016019177fd335b260f6d6_1280.png
INUNDATE,to flood,flood overwhelm water,https://pixabay.com/get/gb68ab663937e087b3382e9d02c455f8ebf68a5a52975f24fbc973c0bc25ff4a3415b436ed5a0010cb997671e68d593367c10f9b82e63e3065f8ceeb9ba3e0f54_1280.jpg,https://pixabay.com/get/gb97c946770d9a589e831c41b255e9dedb2270b72825150e9a9ab7e69529493b8ca1370fdd641501af6f79c3060d225295d306c03e8708cabccda5401f5cf8e57_1280.png
INURED,hardened,accustomed hardened tough,https://images.pexels.com/photos/10540745/pexels-photo-10540745.jpeg,https://pixabay.com/get/gf1823ef0b8039a45e69304669372e50890f6f630a86385eee3c650b8c54f55d615d75ace90128bbbedcba1b0e96928a6dcc818910e430231978d9bf88e716dae_1280.png
INVECTIVE,abuse,abuse,https://pixabay.com/get/g8ef52c9d376aabe0f08baaf4dc3197bf6f8d570669c87f0f3ca602f1983b01eec6fe0762a17eb470f5a6c73d7792dbcd1d69e2ade3b44e7c4f2c8f9be469f26f_1280.jpg,https://pixabay.com/get/g75bd1997fc52f51e5f80638de1c6eddc6e49036410605f9d34d21a99f75a1c12d42b65904e7b61914463d8c516f4bf2286edb620532dd00213b30f7cb7a3a0ba_1280.png
INVEIGH,to protest,protest,https://pixabay.com/get/g73058ea5d6d4fe3254af3b55703337ebed977dbd040eb9f7da5c85b659002c3a8afd0a1dfa39253a083004c6a20f2c552b4880b5300d2583e1cb5fe3cc0f13fa_1280.jpg,https://pixabay.com/get/g5778a3bf10e482b9e162675f1c84b39b7d72999ca34d95ce8a002965c43aba58a78ed89da79cac75d32707cd50167ae78139534b20b9f24ab4aa628856c67e59_1280.png
INVEIGLE,to persuade,persuade manipulate trick,https://pixabay.com/get/g88bab3f69ee85ac8076891b4842dc8510886dd751f556a0b74afccb1196955b4ed727dc4cde1276946dcb58552e1c8c1d2797399a4adb0a2226f9fae1b55f124_1280.jpg,https://pixabay.com/get/g46d4111115b4933c46561b3efca5769553e74dd09ae135f57b5ea2527d541ef7b1c9be80eb8ac493f1c7202e872df112070668d513a78fe6978d54af27753653_1280.png
INVETERATE,habitual,habitual,https://pixabay.com/get/g0f847f7d2cc3ead7b43fe13f62e7dba07d25cd147963b97a9a0002a0f13fa70294027571ac37e8a8679269483959a5279a1a8f88ab7becc3befc0d4561e4becc_1280.jpg,https://pixabay.com/get/geb212bf1121b999bab593548193e8b0746f9b181af5ec10de1cdb49bad8f73e55ec3a9337caaeef65b0890c4e4d79d58cc7d64abf64d2a66bacb60fdbce6a1b1_1280.png
INVIDIOUS,offensive,offensive,https://images.pexels.com/photos/12495993/pexels-photo-12495993.jpeg,https://pixabay.com/get/g9dd6ee0b04c36d46f383be1c7563884e712696733e22b086330ae054218f12101114a4e0159252a231a73da367cf7ba652f68bd22be850d55764170f00db3aeb_1280.png
IRASCIBLE,irritable,irritable,https://images.pexels.com/photos/21134541/pexels-photo-21134541.jpeg,https://pixabay.com/get/gbffc1123c826900f7e43d60e296e15c15f0456550a109f43155189bccfb7d04c097fdb801f9702d74248062eff44768048b7b392a959901262cd21f70d3ba4f3_1280.png
IRRESOLUTE,indecisive,indecisive,https://pixabay.com/get/g99c53b5fcd0ba3efcc3714de14d1799260a099d9ae0fd71bb905bbc05cf162fd62ab0229d22ea7e118a5b4fe74fcab68a91ba0846d4e194815fd7741d8bf1cf9_1280.jpg,https://pixabay.com/get/gffe40f74255b3c4685bb9a57e6fcc4feb45a75af3053dd2ccbe15b613e8351ee27144b27b950d2adb344aa888a1f09ae4d9058cc91643fc71aaf62b178195722_1280.png
ITINERANT,traveling,traveling,https://pixabay.com/get/gb3c3050e6a048bb0786d5c24c137123572f5012c7f0cd2bad63198ef462dc7552d3639647e547d571f6f42a91dd3f14ec5a3df0a7c494b74a2eb7d4dcbf64e09_1280.jpg,https://pixabay.com/get/g89e75b1f0ca71b9e71ed05fb3b89380159382772cd44a1de5f9c2a5dd852a19db56990d168a4cf7df0d7a386b70f972c580b73afaa17494c184f45a765a5961f_1280.png
ITINERARY,route,route,https://pixabay.com/get/ge3adda84e33b531d0924645a1d10ac91557ea193e29a46be389c52bb151828da08ff6cd04cdfa4034d47ce2ddeb469017199c60f2098b5e3be1adcff0b88e0bc_1280.jpg,https://pixabay.com/get/g5dcf631f762f181a064ae82b0226061fc62595f31d141e6559f04688d2f4ebe479ecaf815fab8e38d260a762af34457e75535bf8f9dfb0784f7e2e90177c0fa9_1280.png
JAUNDICED,biased,biased,https://pixabay.com/get/g2e7d0c27996e936956e5a289d6e87b912c436aaa42bd38fe08ceb49ac7b230f7b34e0e918e5621c87438b577db67e99e08ee50637e1c5634d6cc3859011f254b_1280.jpg,https://pixabay.com/get/g155c6d2f373b8abbf6c898551170f3156feed165095ad99d875e91a9ac715a8abcc17c819493fa108ef5f57bd39d17739c536d19889899c3b9bf7fb32dc3bdbc_1280.jpg
JIBE,to agree,agree,https://images.pexels.com/photos/8831809/pexels-photo-8831809.jpeg,https://pixabay.com/get/g5f4bec9f760399149bb7379776e6b25551adbd942606f6c11d7d0ad037020bd39fb0341ad89a0129b07e802bfb71c1541e1e28d1e69ce59e47b7f2ce40f90108_1280.png
JOCOSE,humorous,humorous,https://pixabay.com/get/g1604f328617cfc0e89990658b915b32faa126df5f4364584d45bb2c6f7be49913518649be15acb7e6c2ddf2f0178559e0253b13eb305fa6e14fb8fabe5de3eb8_1280.jpg,https://pixabay.com/get/g266e4416a606c87855501eb64921916b3275ccd421ce9f7bd8089741f4ca5a4ae1db073bd1e6080a388754558d76845b2fdf315a0fb9127c19bf395f5fd3d951_1280.png
JUGGERNAUT,unstoppable force,unstoppable force,https://images.pexels.com/photos/9302152/pexels-photo-9302152.jpeg,https://pixabay.com/get/gdc8b6e946a676277bcd85381d7a1c0c74d1deb62208cf5dc465111a5b32b67971efa5ff458dd2d4ce823facb572be12c743544da1354e2db120a1f62808fa56f_1280.png
JUNTA,military group,military group,https://pixabay.com/get/g06e997b072cb63fea6a07dccb9ba474bab062153d9cac02b893e0be9911bf74331cff64fc0d73aa869f7845e8ee9caebfccacb197baa43885b3d9a8cb2f667b4_1280.jpg,https://pixabay.com/get/g9180d76b3fbc3dc1dbbcffd23eab58c8b32d4f1e0b73525fe27bd43c5b6357feff9904a7e56bb48b552047c1ae4a7d569c6eba4f86bdbf1dae9941b06d6020d0_1280.png
JUXTAPOSE,to place side by side,place side side,https://pixabay.com/get/g5e1d902310ee844ab21f8a914cb98800d2aef9ede047bfaa3146e5ae9b3174b45891280d84a1caa1f7d0fc7427dd1feed8fbab52dd0a19ce29e5aa0496a28d87_1280.jpg,https://pixabay.com/get/gfc0c7f7a338c352f5144bbd24f3626d44d0c3ff117d15a11938eec4e7fb7897b85b4e4281dbab45a3ac2c5f42b07ce4ac7420eab00d0b3af5cb0360fb4d940c4_1280.png
KUDOS,praise,praise,https://pixabay.com/get/gd4dd6f156128730d4d3cb1244ee5045e6ebb4f12132829a964149d2f19c3c708114bf6da111236a7aa95216f31e376a2230556af261ad2aa2187c545bca21624_1280.jpg,https://pixabay.com/get/g5038f1eedb2c5e801f8aea8e50904d96d4c66762870edb18ed61a440816b3ae0572132ff6287b1271eadbbfbdaed5d9ca70aeab4802189a0fa74e556e8a63987_1280.png
LABILE,unstable,unstable,https://pixabay.com/get/gb95398c21893da02668848d8308c7be98d648b756bb679d96f3291914b59184dbd138dc65d7a2b07e6757dd0a4de9884ccbc737f53debb7c7bf7a8a445165211_1280.jpg,https://pixabay.com/get/g33d25ae12acbb68b4a4c3b45f06a9e212256e02f8191e3035a4a0439e70692d189479923f2ad4b5cc06334f36b87295e3e394f5f43c8d2d4d4710ffc88c8d646_1280.png
LACONIC,brief,brief,https://images.pexels.com/photos/7640741/pexels-photo-7640741.jpeg,https://pixabay.com/get/g6aa3390fb0e4a69ed2b089e9c08423b30dacbf7815b0442c15d3fc35631cd7a89bc16c8f507a8f266f2557b45ab58a76cc9e1f63754a47237d068dadaf4758de_1280.png
LAMBASTE,to criticize harshly,criticize harshly attack,https://pixabay.com/get/g46f14dd166d09440e9ba9f723c35bfecf08933c645e6f7628f05e64b0e9e26576e9b835c58792e5837b8528bac7dded6e445b1921bc04929c50ac32a5a526892_1280.jpg,https://pixabay.com/get/g1f6b68d6912f00608db205e11f962cc932d27574c31316081447ae43f780f6709c5ebb7a1b590d4901feec8174dd4ee41cb97f2e2ad4a8285b740ab43792debf_1280.png
LASCIVIOUS,lustful,lustful creepy stare,https://pixabay.com/get/gde6ffd7865d42e4ff276a79679278931fc5bccd6b8e8d2de172f380c1ad15e77d8f60232d21fcd0aa0da071a3c06f0a6da6d74b74779451cc9178659cd55666a_1280.jpg,https://pixabay.com/get/ga3e4a29895d9e0636eb650498681fd93bd5285af24f0b83da3730194f2f7b84ae8e4fa687e5bcbaab4ebf7d6c0a66bd8098f5b5f2c146de1fa777796d6932452_1280.png
LASSITUDE,fatigue,fatigue,https://pixabay.com/get/g3c9e5c8944fc5894b25b6fc158b69024c854b8bac02cbebfbee0de3a02fbe182a106235c6ba59a89dea412edf73100294478c1c73f5a8bd457e8f9893b4392bd_1280.jpg,https://pixabay.com/get/gad16cc833a2a1a5d150697f8a488f4f23bedfe02b4138ac1c1e967573650821c19a459cafb229a0dd82dce9e88db16c48fed3f485767aaef8022b6bab84ba70f_1280.png
LATENT,hidden,hidden,https://images.pexels.com/photos/10057682/pexels-photo-10057682.jpeg,https://pixabay.com/get/gd514e1a9871293e498439c0b58afb7201f20226c78062a0a8194eb8f811e6d6a856d180635c03c7341b4b3b6c4b41079c843ea7066d0dbbfbaf539a732ed150a_1280.png
LAUD,to praise,praise applaud celebrate,https://pixabay.com/get/g84925498af1b798ab33141cedb2b3f41e9e4759644a971ffb3cf78c88f8b6bf6a86767c106e7f692cf733a4e60ad3890a3117038359cac23b89f24cb1005776d_1280.jpg,https://pixabay.com/get/gbe6fdbb54daea1fde90e088d6355cd4539bc8244e720c083ac163ac3901ef004321eccb930f95a5f310f352810e3159bd933b68c7a627430b291a774849255d9_1280.png
LETHARGIC,sluggish,sluggish tired slow,https://images.pexels.com/photos/31983798/pexels-photo-31983798.jpeg,https://pixabay.com/get/gcf47c85c389f0da422f7aefdda1d379998cf61c969372734f050cc514d34d79ddacb54323127fa84a365d56da437f362589b1908535dc23e15a7310b21223135_1280.png
LEVEE,embankment,embankment,https://pixabay.com/get/g544f079e55e7206f655b79363e552cc898fe30698b472e9c04c8c8bf10a4d3bb7e7dc4a4c8029e0204fef8fbba1f5abd357807a933e486af99d200d570a4633a_1280.jpg,https://pixabay.com/get/g97446dff05d059bf48f4a27dbf8f7931abcc1f4247446c9d0f355ad9e37ba85cf611035b82cf79a426fc6f2c46d1f4b4effa63b51370541b016d95b2cf2911dc_1280.png
LEVITY,lightheartedness,,,https://pixabay.com/get/g5f3f38b136bd06b94ed1b6d0a503985f099fcf8e2d7a0ce4ae158144cd928c246e9d44869ba79c6b55c4ea3661f46c7822a561e8ce7479897b4a592a954b762c_1280.png
LIBERAL,generous,generous,https://pixabay.com/get/g48e52cce20d29ed18b3de2043da77676786e77f0fac8c495b231022261365c1ec0aa590752730a1f4076e62730ec2ab72c995500ee0d7506da4e528fe418505b_1280.jpg,https://pixabay.com/get/g450827a10fad102135b1c5f1da880b3b78af4625707e7e4847b85c57a44d54497b9ce5ccbc916f9916de957e5a746cbefd9ba9d9edb61d412ba9d29bcf9969a1_1280.png
LIBERTINE,immoral person,libertine,https://images.pexels.com/photos/19427623/pexels-photo-19427623.jpeg,https://pixabay.com/get/ge93384938a6030c59bc861dbdcb0e246af66dd9972bf7c017abf5e8ab6ea2dfae35f58577a4b90d24cb65ee1f4abd1a388f073b9bb76682cf9b9264d4a450e14_1280.png
LIBIDO,sexual drive,sexual drive,https://pixabay.com/get/g25341b44d0abd8d72a83c04bb66a337c2d289619009ff87ce59d3a940aade2666fcba92631ecd894e5d533262afd0a0e1707e34a8189ad810cbdc7421e0d99fa_1280.jpg,https://pixabay.com/get/g13b43a16fd3d860473dfa8ceaf99a650fae8f2733f567a9b3acfb3e6bbd5bd9ad1f48c1401a16a6586a4b207a689004db88902dfb4b290179bce3f0be907131a_1280.png
LILLIPUTIAN,tiny,tiny,https://pixabay.com/get/ga903aac030920191eb6bdabc1f5c9a4bf9aacaec0d973246c28bfc019b1d3554e678fe34ec0d9b7f2d59f025f98345036a4746b508710468a8fa78750473e979_1280.jpg,https://pixabay.com/get/g0087176a58a585ead6f4d153d4cb56af968d30a89257ec111fb042663f388daf57c263b1c7de54853b11122a0ec2a3373a7be5ced0887ced4a0232d5928cbf92_1280.png
LIMN,to depict,,,https://pixabay.com/get/g64cfdbccb7280fb9967b31c77fc4b7faa77b1c9b9e629274d495eaabb20faf632da9a54533520cc22ae73b753099e4c1_1280.png
LIMPID,clear,clear,https://pixabay.com/get/g4f2c651f847731f3c82f769ec58266eb87a5d07c09e33c975c982c3400757e8d07fa2cccb6f8d1e8f0580bee3aba89515e0625ac03380ec17d80ecb66e83cdb0_1280.jpg,https://pixabay.com/get/g15a4e5231883e56591dab85decf88207dc0eb70e2a934f062902549761454b21f86b8624068523b4864bc3f6b9cb58c1423ed344b5d5381750d877e71406ccb4_1280.png
LINGUISTIC,relating to language,language,https://images.pexels.com/photos/14200837/pexels-photo-14200837.jpeg,https://pixabay.com/get/g833b338bc75d3a9d059a699f387c5ad448abff500fa265c104dec88651077331f5f800e53a1f39551781b12f156f0d962d00d08eba033ec99934c0d0e64fff44_1280.png
LITANY,long list,long list,https://pixabay.com/get/ge2a21894b8e073ccd16b449483de65cd26828eb03ceebe67c04d0b62bd039bf7ad51f9888a10aae0d65615bbb117578b4baf6dd3544b57170f15ecf77f250a96_1280.jpg,https://pixabay.com/get/gfa4843c06d3ffa0e96cbbb6bbbe73c88ff7a0b5943743272ec112da9be6ede859581ec00f21567278b7589b8014236a0af5164787fc4081bda90d402fc020a08_1280.png
LITERATI,intellectuals,intellectuals,https://pixabay.com/get/ga3ea5ae31cf552ec953bbd01f56f0dd229a84419bfcb797b648bc186b4a11ada63a5ee6b996b31a04cba18cd676dee8906bc10a217b9cb60841e2a7f98503dc0_1280.jpg,https://pixabay.com/get/g701abc6226e53954384fbfd7704be4e087d023c00a6e39d4e506f3914938a3e6a12cd5103adb0407d7ee9ed5f0e251318d73d63c54989a5807dd71ae84446c4f_1280.png
LITIGATION,lawsuit,lawsuit,https://pixabay.com/get/g0045f882d9530736e01cf2b6a73af0bfc6ef4fdbb08ec28efbcb06bb1569e379c8f71d952e64f358a5aaa18b13bff2786cb376a5b96ca892754c626b5a48c774_1280.jpg,https://pixabay.com/get/g2f134863bae105feaf97d0b5bb8285521e4bd7d6d8696fb6e177bbf0abfe1f4b7269ced9b5582d498477b96512e00e20e61e028daad675c49ccdbc5fbc11605f_1280.png
LOG,to record,record,https://images.pexels.com/photos/31805824/pexels-photo-31805824.jpeg,https://pixabay.com/get/gb00829c647a95757c73c2cb63c41dde7836b9b8bf12eb4694f4e83f25cacd1c9f9671f5bd336ad5d0b0d34b8b98ce86466e5c0b63dafb6b4b997ba783191289d_1280.png
LOQUACIOUS,talkative,talkative nonstop chat,https://pixabay.com/get/g0872e36dd4c542341992a80c7889766e0c9959b8341df25ba9ea5be8b0f5384484f2f2cfe9fd50754638ad894f215d1017c4f68d34627176be20dcec2492cb60_1280.jpg,https://pixabay.com/get/g23994a8b594dc07ef8e15be0904bf39c7a3daba9950231a906e91e9984ecead0e67e6fa111f9cdffc305454aeffac6175240694cd811a39e9c310a72ea695435_1280.png
LUCID,clear,clear,https://images.pexels.com/photos/25014779/pexels-photo-25014779.jpeg,https://pixabay.com/get/gd760b1144654edd15701e1e5992b8d2861390afe78c0194f8d02086c797a42fb6c1fbe0f9ba3969f0f2807cbee577ea5ebd4a63b584ebe16c849143c87cef57a_1280.png
LUCRE,money,money,https://pixabay.com/get/gb0a27107d8009d962acff81275b3675b7c765ad5e9292f93b3a5b8dd160c5e25a56aaef9803dbba6db79527d8f1c60c6c9e08b458262cf3cf1da81e99396a846_1280.jpg,https://pixabay.com/get/gd6feb5c68526924bf2e8529090d2ad92203514aa6247f30e5c8cd70410e440665aee3bdc7beeadb161ba18bf3f8c34d06c40711ecfa275d22bfc9bd0b30d2191_1280.png
LUMINOUS,bright,bright,https://pixabay.com/get/gaa6d024b02cd351a4c18dc650d88e156250603ae19252a305965217479eb39df4d186769d4a63039879f962cd5881b164346bfd78ef5cafa51b389b5c00aed82_1280.jpg,https://pixabay.com/get/gfaf87a077061d490e0b441d89496bd7a9b1c46011a802712d7c2e8e359e4b7841a12930f81f5606bd5c3b68d240edeba0e345e2fd41c12667d22ff227d554294_1280.png
LUSTROUS,shiny,shiny,https://pixabay.com/get/g39974e724dc6eff0ad9133a6963cf1ac69b6921e2fc520856a71a162e3a00f97c19b629c1d86264cbd6f190b37d7932b769a644e684fceba5d86e64b5afc592e_1280.jpg,https://pixabay.com/get/g7834824415bf9237b3aae4213bdcfb7894f3803d24819eb9cf775599702eb29c09156ea21a7b6357ed5668e3a2204b79_1280.png
MACHIAVELLIAN,cunning,cunning,https://pixabay.com/get/gb860ca09045bd73fd4b2b20fa3900330f0f12a4d1025b069666212e7a1f6916b3591a7a9f947adf5570c7c512467352067382574a9411794ff3525a2049ab75f_1280.jpg,https://pixabay.com/get/gb35aafa332523e46ee95ad4e2eb7b2fd14d27072905dc4e18f37bd18804bec837ec27b69bee1f7ed976bcecebd62b27c0f1c08e347f5a2054eafbc36929e8225_1280.png
MACHINATIONS,plots,plots,https://pixabay.com/get/g9e46e59537dda17a3db29a24138ee73d661916223b2abf168e270d0b0220120dbad5ca11a70eeb963c4477f60b13920483677819ecece8222c54ab5940a6ef77_1280.jpg,https://pixabay.com/get/gc298d9b09dadb5803330dbee192f3c1a06080660d11cf5d04059b99b9ff25149b0e92b011de64a3d5c39e1143ddaf1c357d4109838c4ac482faac36187d0c0c2_1280.png
MAELSTROM,whirlpool,whirlpool,https://images.pexels.com/photos/8236055/pexels-photo-8236055.jpeg,https://pixabay.com/get/gd7986cafab1229b6ddb34d9fef3cb6700d1a5ac6511b895a86a060e594040737f285082f04516de15b1ceac6e3a4bde30a2e0589864ab7a4bcdb9023d229b698_1280.png
MAGNANIMITY,generosity,generosity,https://pixabay.com/get/ge777261a93b924b2ae57092bef786f8a877def72245f146ad363e4bf32ed977350cd2839acbb6c1a8bdb6b9cd246191ef56989e9196d34a257bbd5a418b73451_1280.jpg,https://pixabay.com/get/gf9f190ed7f3dc700339272150ea2b285f60b54cc10ee96295ad3c03863b7478d13214ccd1fdfeed89b6df7033aef7a918c78ef87c4f7094fdc4fe44b3270591f_1280.png
MALIGN,to slander,slander,https://images.pexels.com/photos/20143756/pexels-photo-20143756.jpeg,https://pixabay.com/get/g9098a58bc8f6f858c68f88f1c037c27e8b4cf26aeff6f548154edf20aa501a62a02123b5b01e3d9379e00d314d46c86b6c6c289912e9d154ad8f9475416a31dc_1280.png
MALINGER,to fake illness,fake sick avoid work,https://pixabay.com/get/g158d8512936a356f8c40ae09de56760d5c77d764c73738f47bcd5baa34274bf74e14bccac586536f5e6d55a45a27c183e3617261431278d8ac5afd9587b598d0_1280.jpg,https://pixabay.com/get/g50544bd1db721137d29e519c0e0da758c51a20f745b95b6ec274aaf57d12ac37ec6c814a4d0c70bcaf101ee2649a76dea2ae7250fc066e93faf4cfa26040cb5f_1280.png
MALLEABLE,pliable,flexible bendable soft,https://pixabay.com/get/g6db4b54690ecf38c5e7cab417ab31b7d52312ba415ebca65bf7c6f6d4c54697242dbc3d44e8558ac3edc4f879ffbbd0d7a7b253aa8b2be72eee33b8c585345e3_1280.jpg,https://pixabay.com/get/gcd59c612837edd3d05f67b91cbb19decb61a048a29e80710819bf37959794796c4031d1cd26344ae2e5925c08866aaf54d641e37a682f6643d2e82c8b4e484a8_1280.png
MAVERICK,nonconformist,rebel independent different,https://images.pexels.com/photos/13081788/pexels-photo-13081788.jpeg,https://pixabay.com/get/g584ba66603dea1bbb93e1f683ce03ba9aa873e27a536dabc84681421f8f375f5db219ccad1721c1b06766a6ae1ae1887388ed47b404a4befdf0e9f1b06562f80_1280.png
MEGALOMANIA,delusions of grandeur,delusions grandeur,https://pixabay.com/get/g52cb7a3d7420d83b930b352624cad7d31a71a67f0469c80527726cb801bd1257bc25502f4b9774a75483b574eb4c01582829df6c53b435ae81d505e4734735cc_1280.jpg,https://pixabay.com/get/g1562092e2f8e263d56df7ab36100690a734b172d198c5e08afa68475b6371b2048d6401c29a2cb1a6e49312f745a777667dd78dff0d75ac1ff1da003a2f6a8da_1280.png
MENAGERIE,zoo,menagerie,https://pixabay.com/get/g00dfc5c1038bc12840a2f3466a4dfdbcc6b2ca2410b0e636b144c384c7a3a4ee73ee35f1c7599c3dffa04468941178a4bf7d266f3c36e9793f4b17e36990fbb5_1280.jpg,https://pixabay.com/get/g75a3abb4ce0dfda790388e4bbddf364068fc9771590929a6d53aa9dabccd6aaaa0127efd12d830e1eac34c31915ac5957f3bf28ffb3faba33f43dee69eb96410_1280.jpg
MENDACIOUS,dishonest,lying dishonest deceitful,https://pixabay.com/get/g315c9c07866b2ee32420ce6a6e03455a5601c7087f74ca02cc3695c75d67aca277996b6ee4be91c7276af46f9d0c225a01603514935348a5cf899703b8f69a7d_1280.jpg,https://pixabay.com/get/g4b3934e34b2f540cf773f7b44f46a2584f8a9bafe1edf7ff092972c82dc92a0c6d5096dae48adb15167304353f4cb39afe2653f7fbd5d5d2ffdbb09c3aef6b17_1280.png
MENDICANT,beggar,beggar,https://pixabay.com/get/g5c4f01829fafc6184b8647800f3d6e003b205ebc99b73523ebc30abe2686850cd5fe1292aace1e652870ea0e35d0af15577905135902777da7a00658cfc8f787_1280.jpg,https://pixabay.com/get/g739c536b22023630d44ecb60d28ad4a662b54c6b62f7cfedd2ba67c09d9956f415e5673348652629066f184114866764e9deb17ef3e2385260fd6871f649f15c_1280.png
MERETRICIOUS,flashy,flashy,https://images.pexels.com/photos/1647978/pexels-photo-1647978.jpeg,https://pixabay.com/get/g3ff64f26d50b8a043eb934c0eca8d568153a463db2a52632dd855c65abf735ef8683a6dfa8614d255cf2b43a4f2632d2bb32826d118ce03ae438a0c5a13b31da_1280.png
MESMERIZE,to hypnotize,hypnotize,https://pixabay.com/get/gc096a47d9c19fe6253d106a2c432a8362fcd30a79f8b5bf644d3b72ce2e49708d3a44b209a1b58eacaaa138fcfb60a2981331fce3d03719a1143b5322c3677d7_1280.jpg,https://pixabay.com/get/g1eef98df0fe125f14edebd2645d185eebd173f4d09d62166d1325d4a7fadd97b9ecfbd2901d44c3871f15eee3f1a5963beda4a37c6031c132cc1c585abb9f671_1280.png
METAMORPHOSIS,transformation,transformation,https://pixabay.com/get/gf69b373b5da4fbdf5ecfaa7e1de07e47e59ebf9ed00015e3b8f2f41fca3e0755940bda101b43badcb4d2ccbc3cb8aac6e67e8edc3bdb43677ddadaae1ffdc808_1280.jpg,https://pixabay.com/get/g7a8970da78718070a066a5f88ae703ebbb7f0cf2ae7f31083b523e2b707b6eaa88e39731cc4afe42fca8b86ac9dd5901878b8a4b01a3a8bd6d3a4cb5b9aa783e_1280.png
METAPHYSICS,philosophy of reality,philosophy reality,https://pixabay.com/get/g1936c8e800bb0b3c3c4c9f79ff938c473bdfae808eb9494ce6ba2bdd772db538458b0412a5b42bc8969221f3a6c0d6fb8b8a4bb9249a4e6f1884a6b47b4fee0b_1280.jpg,https://pixabay.com/get/g5edd4cdf12c23f972c09203a12f603e0dccbe3f104d85cc19e109c66130f6a3f6f6b8ae88741c44758894d5231394da693aec2a55dfe93434466dd077600cbbf_1280.png
METEOROLOGICAL,weather-related,weather-related,https://pixabay.com/get/g30f2e769fb2aa9f086d47777ec023dcf115aa20dec80ac2baa6f30072bb45d3619d04b860f1ebb064da2015b261924358ff4352d06ad4be14a89ba0a9a60f7c3_1280.jpg,https://pixabay.com/get/g1f864aaa587703a2a6c9baa96bd513ab8ae58a1c9df89dff13f62095c38d37c426447109ac8817ad920ec22c676e1d59341a3c74126bddf6d64561bafb6bdac4_1280.png
METICULOUS,careful,meticulous,https://images.pexels.com/photos/35841361/pexels-photo-35841361.jpeg,https://pixabay.com/get/g0515c209e7a89ffab52d7cd4510d0d2a176540533189b4945afda474bfac70130efaed7bc65617654dc2b58a6f6d4366667894e80b087e4303936599d979d921_1280.png
METTLE,courage,courage,https://pixabay.com/get/g7bd90cd16bf551f34245e12e4eb6d57fc18445534601ea885cb85f55dbb030050c7d35d5357661ebb2bcf963d3a96c142d69351023652fc944754c9675e8895a_1280.jpg,https://pixabay.com/get/g8c4526f4bd30f67dc0f833b97434b99c2156aa3744640860ec4b7dcc04c166a570598644e5064c19d7c154bda030562a87aa5c97807e1c1ab0f22f54d693139b_1280.png
METTLESOME,spirited,spirited,https://pixabay.com/get/g325f5e432d502c4abe4892bea1d1ff7c7a854ed4a6dd53712fa1aa97dc6a115a6b7d4f5b9598b83e2837af5bf9d620d328721297671deaaacf785ecdb8498581_1280.jpg,https://pixabay.com/get/g4de4a3862c891fabe395d3586f55f919a602475ee87b52007508c01537deadff38bcff830f0a2629efc66f577118196d46bdb8ad831aad24a8791fa9264dac7c_1280.png
MICROCOSM,small world,small world,https://pixabay.com/get/g0121a5c74d57543e4ac2963e6ce9b1615746d29404f5854b0f71acb2eb198a79edbca035ac73c3936a17b12004a6e4d9c102904ebe9ca2e963617440df54a7fd_1280.jpg,https://pixabay.com/get/gd8cce08b5cdc785dbc5e96732381b043ebc13ea157a35112997e86c326abdc9f4ff12253b06cffa371813ef116318c7d08bf617d517d7ea02be6661bfc833608_1280.png
MILITATE,to work against,work against,https://pixabay.com/get/g1a8936cdfdc50401c00260add7550f68b81dab853fc338b960ad49098d48f072fd8f40be2615f8194d78796aac8794668c9aaa8bf39d1ac58a45c484248e4f0c_1280.jpg,https://pixabay.com/get/g0f15469b65d27e6444b796ee8d345bd91fdc35b49bf5a8306d3a486afa88c663c12edd8193ae48a56b362a421bd71854f3cf6d35d3d1616a363b3370461790f3_1280.png
MINATORY,threatening,threatening,https://images.pexels.com/photos/32114787/pexels-photo-32114787.jpeg,https://pixabay.com/get/gfed4c9f5cbd94ed2e683ab1393e7e2bb3160563c631601ac810dc29a3ec8b43265f8fe9584d73c42cdab03a029e81c55cb903946aacbb00d7371c231c931e94a_1280.png
MINUSCULE,tiny,tiny,https://pixabay.com/get/g518f20cc3800a8d825c3b2a8e9576139a816f0e7a6d1a1ddc92663a609dc53e33147327a9a6dbeac55554f45cbf8b4671c05a6aa47f70cd9ddd9d8b829a9277f_1280.jpg,https://pixabay.com/get/gf5b501230d087866294532bb0392d75769785f7756c53dcc629806b0e3f97dbe5f7c981212548c99e199fad5f4cbbbc226dec0968c014014a4ccf51ca3c5ce99_1280.png
MINUTIA,small details,small details,https://pixabay.com/get/g5b9d6f58e0a09a5b5d9eb9aca2d370bdf830e4cdc1ec41311d083a2cee0ad5b1dfe096f21f6be6dc9c2ec3400fca287dfce2cb83400f39b74e8074e855b81704_1280.jpg,https://pixabay.com/get/g65597c47d4dd60aeddcfe90b699ca6f2b8e5b30429dc0b4fd4c1322d9d3c8cac1e3660156614d81715da6ebf4e2f6e6cbcf9c18b889233ce4224a17b2f6302d4_1280.png
MISANTHROPE,hater of people,loner hates people,https://pixabay.com/get/g615ab42a70561b50c103f572b9fe274424a9a131d91c3de28454ca359dedbc390fb1f72c07dca49a2721930afe5006ed3510818ed12dc0400dcb0a6ce95cae5a_1280.jpg,https://pixabay.com/get/gc4abe05ce92aaa2fbbb7dd8ce6492b8c91d043b45fcf4ea4fe4530c41f5f3a42bdbdbbcf02bd909e3b32347d636b84d10340ee62fd0c6fba95474737bf0a37e3_1280.png
MISCELLANY,mixture,mixture,https://images.pexels.com/photos/34270742/pexels-photo-34270742.jpeg,https://pixabay.com/get/gbcfa00da25cce10f698328fd32c3c90fce14e7f8ec38c79d8a428fe2f8003edaf785c271c8b4091a7784c7e4f6281331ddfaad4e506be12f80503197bb493cda_1280.png
MISCREANT,villain,miscreant,https://images.pexels.com/photos/21036318/pexels-photo-21036318.jpeg,https://pixabay.com/get/g2497fa2cb7fe2c8ab4dea7b43e25f0accb27572f2ac8098a74fdafcb8432651ce2c85d8aed1992124e6291f550f66f86b6a7464577b97c37cf396506e60c78c5_1280.png
MISOGYNIST,woman-hater,woman-hater,https://pixabay.com/get/g314f94a554cfb3c90d9b10906b38f33935cd21fd4b023add9bb549d0f54f4c7b381159a668b3bfbb63f61e91d6e668ace5dcebc951e4e533e5eabfbda5e3a380_1280.jpg,https://pixabay.com/get/g4ea67cf14e29915d1663629244f2198fc329ad7da0dbfa4584026babc341d96ea13717d91fb3472a1669db3fbd1bf97f604359f365689c9e1c245584af975ebf_1280.png
MITIGATE,to lessen,lessen,https://images.pexels.com/photos/8617769/pexels-photo-8617769.jpeg,https://pixabay.com/get/gebdb670600d9d71b55ec46e2414bb6f0bb860a1569a5e74e0e16b332c8127a33c43718e100b6ba474886203aafbc26ce179a274c6e5773130f1be5cb1ddd2b7a_1280.png
MNEMONIC,memory aid,memory aid,https://pixabay.com/get/g5f370b1679aa874de6cac56461f5639fac31a891a6ac91a3c0ac10a78ce16c67dbc782304878cbe8e158f0bce5d536b601938f11c23851a43a1ed5032c069c8a_1280.jpg,https://pixabay.com/get/g788618223b01734f5fdedd6a19fc8ddab133c14d1c41bf88723cb7f1b87ad4298a84196fa8df5db4ef596b4a0aac88948e5d5eb5a76596d54ccf8d2c6fd993c4_1280.png
MODICUM,small amount,small little tiny amount,https://pixabay.com/get/gbfd01fb0b7cc264c7fcdf1d02524d6e8aa946d181ac6645bcfbc1d865bc21504fea5218a6cfad2eff841797674974a40a017a5c1e4b240f29b002dd449a74124_1280.jpg,https://pixabay.com/get/g04662b3644d9700f42d2f664aad8180779b34f729fceb5321a6d3322151ac6554dacb9ba0322f8387e9ac80d5607cd342e332e9dc6601716afa150a62b730381_1280.png
MOLLIFY,to soothe,soothe,https://images.pexels.com/photos/3727117/pexels-photo-3727117.jpeg,https://pixabay.com/get/ga0f2d97c99c949564fba39fa10d6660fa4ffb20761d427c42c1dcf3c83c1e4a7a1b5a4219f05ee886d2cbb4a2cabe7ccf27b451524dbe16f07bdd14df9ad28b0_1280.png
MONOLITHIC,massive,massive,https://pixabay.com/get/g6231175d0bfb19744bee49702e58bfcddb451330972c1e208736c77ff79c74b370bfb70f44dbad2fd2ee688526f914c7666465f3ce934df6855f4e182be216db_1280.jpg,https://pixabay.com/get/gf4d975af107ff650533f38d91bb61290051c31a9ed57cab3a384375cacca7e9f77f37bfe1bc22033571b20cfab2ac90a5bcb27a72e8a9ceaacf74f7785918a4d_1280.png
MOROSE,gloomy,gloomy sad depressed,https://pixabay.com/get/g9dd6a22ef437661bfdb4448a5575a232544ac4c5f2f2b41e36795075fdb49e7df93af8371ed9d0a4f33286901f68aff10f448783a14ecf6b2592bdf0d971e637_1280.jpg,https://pixabay.com/get/g5b6603d0708336972d6d9f89189be4275f35cfb7285d381d91578b768e482e6d850cb5017d08b5d5bc4ee6638313d86b0716cad80fb907193bf7a7e5b5f876b8_1280.png
MOTLEY,varied,varied,https://pixabay.com/get/ge488c0a8d9488b9d2cf0e4f3ead963f5155439ea3c62de972b0a61568dd64e3a6fb5bc2c4aad139cf2be1b85ef8b72e151d0466b886f60c9b2e3b0aa6e881b45_1280.jpg,https://pixabay.com/get/gc289c19987400b3913c2e4ee74343b7784c387b214b085ee8510d4ed8ef76002acff9902529acf14790cdcc83efce9d86408048615fe87e327a203e968200dac_1280.png
MULTIFARIOUS,diverse,diverse,https://images.pexels.com/photos/8832726/pexels-photo-8832726.jpeg,https://pixabay.com/get/g918a28fa3346a5f1091172a39b567610311b682db4ea9e474ae87bf152d6f87277671b2462c25cfcf7bfd54ba95f7ca71731062d5c9b507d38a5ad63eb565c7d_1280.png
MUNDANE,ordinary,boring ordinary everyday,https://pixabay.com/get/ge2ff650c05a2cbe80514e64d088cbfd2aca1ecd4b00203f32b77c27b17dc2f9128fe54f2316527d86838586188d6e0bf014edd234800fa73bdc5219b75f77638_1280.jpg,https://pixabay.com/get/ga88d2b9f297e4ae246450a9ef5b84efa20623dcdc9f71b2f58d643dbac1169a6a12ca6293e1f1e40869eba7ac4378f2332342f059fe231c6c5cfcafaa490096b_1280.png
NECROMANCY,black magic,black magic,https://images.pexels.com/photos/18569531/pexels-photo-18569531.jpeg,https://pixabay.com/get/g5ff91d9a6791be969d6699864cb83a957bfb0ecf4d57d9abbbd3bf2543ef9bdfd7283de1a525b1f72f233e1114201647d1a07a8440eca6f40a58314ecce50943_1280.png
NEGATE,to cancel,cancel,https://pixabay.com/get/gaad6e8b13932a6a28745209121f6eadb3206b3ef95f7a8b3ca8a7b02549c37255cf4ffca24eccf90d3f01173bc2a1ca8cf01204c4be5c4ffbe0b2dea6e346e94_1280.jpg,https://pixabay.com/get/gd303053b32e9102ae3e01e796f85e1ebf805358f7cc5160f0a304fdbb80d359436a668d66b26f7d1bf1d5278369fd722_1280.png
NEOLOGISM,new word,new word,https://pixabay.com/get/gd4f33dd02e42f13a0b2e73347f6034bfc8424ba1d67d4c61714b0287a7b23802a309fd77ccc7878c0ade8239c14c738a243c32305f9ea2a9e86946b637b74d37_1280.jpg,https://pixabay.com/get/g4e3f1b29ce994622b122d595689053f368a2b43de65c5428390bf1b538c2ccf2daf6d49450e0248ae439e473151a6f368bafe1186aa354ba53bd9477a4398e09_1280.png
NEOPHYTE,beginner,beginner,https://pixabay.com/get/g517d78342e1ae4428b6db9fc2fd101d1d8c5ebca882f66f9b51ef59a032c704ac212d033f81c8e652a273155ba4fed48800693ae35ad9fc0d33410a41fc59425_1280.jpg,https://pixabay.com/get/gbaf61fd6d901676bfef68c39c6b9e149d7eaf72e7486ec5bb41bda40e0c0ce115ca0c756fec14acd9c0bff7312836b02d8939ec5842cd50453f36241477579d9_1280.png
NEXUS,connection,connection,https://pixabay.com/get/gbb0dc6cfd98c7f149e26b775ce429e87a97f9a051a9507285fca1ef82a5c15f130612ddd2f51c3dbbe572ae5e7d88cec9acfed9a90b0421f6eb888fc997e4d3f_1280.jpg,https://pixabay.com/get/g7065d8ac4cc631c9a6adff10aad9a687e5a5340cabdac9a9052f07f36f8ca89cb9ae212e8c4aeb043ce8872bf7dee1115e60fcd31bf4f6ab2f6f65738c813d35_1280.png
NONPLUSSED,perplexed,perplexed,https://images.pexels.com/photos/3823495/pexels-photo-3823495.jpeg,https://pixabay.com/get/g2346b896831288df1d4fabfe366779634e6352051bd36aa89a593cd81d4943ae16a42884e45a67a7293296393842fbab407319f7f0d388f2b3f8a4c3e3f077bc_1280.png
NOSTALGIA,longing for past,longing past,https://pixabay.com/get/g2efcb3c17985b7da950e15dc134bb7879cd31985ed77ee17da077c6adbd37d081a8b8a3b00d4386bbecdbe6e39ea52f073664b2907379fa74988f4541e035e6f_1280.jpg,https://pixabay.com/get/g54777ed41c418631a2b133c9a2c1e53d88381b2c08325725da60682e7ec5843dd01daaa12e5e068e8a29b27bb7cdd535748881193760785ddaae73c366da212d_1280.png
NOSTRUM,quack remedy,quack remedy,https://pixabay.com/get/g13a2ed22e4332a6fff4d98be1f640167497b4c27fcd165530cc534641bce3cce8e8116b15fb488ae637b92e2bd7fd482c3c84e12852d6df2651494c27109c3ee_1280.jpg,https://pixabay.com/get/gc59d46d2b552f453b9a3b3105c0bff4ae52147c8bb632d8f3a4c34c6bc31ca2d7887a1973cdd43c20df82eda7bd33d2558d37e7330401bcd9468233ef791258c_1280.png
NUGATORY,worthless,worthless,https://pixabay.com/get/g0e95b7d555871c5752fd9b918b1eabc5dabc649b01899050616b6d03470fa673a662f034201d3ffb4369e279b7c7e1d8c25dd8c5a55f4e4138d15f818e798082_1280.jpg,https://pixabay.com/get/g306ff4133fa4f5757f8dabe59abd3950c794931ce0847cf7455e6829da169c42d581064b19fe17bc1a06ebca8c16771dbd9404adb9b42fc1ac608f0f7652b0ab_1280.jpg
OBDURATE,stubborn,obdurate,https://images.pexels.com/photos/7707216/pexels-photo-7707216.jpeg,https://pixabay.com/get/g30bf986807c2d1c01d69999750bad87122cb63de6d543fd088584e79d83937556f2b345b7c4876e0a28e334496cf2d2630c8462c29eab83ad13125b02900cc62_1280.png
OBSEQUIOUS,fawning,fawning bootlicking servant,https://pixabay.com/get/g27142b901af90da131e660f21f2834b52d06db7811b507f13a900363d3f85378880961836b384bc97ee9d054fcad5a0c06c09a8c06965a1078b190e37d2546e2_1280.jpg,https://pixabay.com/get/g4ce963bd5bb3c61712db498661785a86da6220616b7ce4ec1ebed82ea4a21bdbee7a7de40fe34104cda1b195572c435dee09f77f06d40fe3e74ba75807f0f709_1280.png
OBSEQUY,funeral rite,funeral rite,https://pixabay.com/get/g58932345b2186b41f97b68c0877054379f128df4bd13af7a3a170b7e9be0758224102d2f05c0e827958ddbc858d0235baa517b48a6953b5a86e1218ee016fd17_1280.jpg,https://pixabay.com/get/g7f43e49e1999f3774be848d6fa521ec924209144211359a1543685391e117e0403af2d0bb5b0f3fbd94d208bb4ad428c392f19587efa872b4d8100798872c8f8_1280.png
OBVIATE,to prevent,prevent avoid eliminate,https://pixabay.com/get/g55b889c89dc76abc0049bbcb448fdbe1536b4d50d9b46edd227aa00bee7163c07ffa587bdf1d485715e6dc6a228af70219fd403ceb05ff27a1dbee4e70c251ff_1280.jpg,https://pixabay.com/get/gd3b766038201d9912b00b68d3e22374694854b50db0d43c8a10828ea361fd788c756931cceb4aa7b53bfe5dadf59c86c797d51cd36d82901cab54439f194e6e7_1280.png
OCCLUDE,to block,block,https://pixabay.com/get/gb8572fd9e2bbbcb0eff45b8d77f7a93518c0b7560242d0b815776c4367131cbd58406165810024a2e9752c505ce2748bb6152c1d0a1ea80b5fdc07167cd74161_1280.jpg,https://pixabay.com/get/gecb8e88e00ecae0658f233c783cd7cbccefe1292e074df9ce601073864cfff77c9e748c7ee92651b6f8b35d7589d3f17_1280.png
OCCULT,supernatural,occult,https://images.pexels.com/photos/30828555/pexels-photo-30828555.jpeg,https://pixabay.com/get/g6b31a158c9f8b96a0b5b7f9dec494524b6291ff494f0ef7fcddb144c982df8786f4eacf07943ed8efe0792103b63b73885e5c1f437786d479e1b6fdcc7982897_1280.png
ODYSSEY,long journey,long journey,https://pixabay.com/get/g38dbdbdb9b5608ad16e832a0f091e4810fdd41ab1c035a90c457c3368782a666586ecca1afe078973dc7996f076f7bdf36823b364e6cbf93d46f9f9ea58714a7_1280.jpg,https://pixabay.com/get/g5ddc2de65bb209270679018ce0ccde5869dbdb86c5270b36d6572b38f8cbe3c246feb9d255da57e6e470821b24750cb1c15bfeb88d7bd0cadb4d8005ca9f08d3_1280.png
OFFICIOUS,meddlesome,meddlesome intrusive bossy,https://pixabay.com/get/gfae94eb201d98c8ffbad5aa90c83176adc9882d7a571a34f9abb69e36801c7e2d2a85803e36dfec3cf7cb55cbcf221f0ce4052689d9b6c1bf55b44ed2aae3e4a_1280.jpg,https://pixabay.com/get/g677b90259964961e819467d1d8c0cecdc00d1bd68dfbf17e91a34a57b4cbff65dd162cb79d6bf3c8466f598a7ad024e4968daf1d2df7e13118065575d3d02142_1280.png
OLFACTORY,relating to smell,relating to smell,https://pixabay.com/get/g0f8e91b77c30501e315889ed763139df6647c94e03dd86f23bb447ee20b7263651a8cf0d2d1d8c6ba0746821d3311e4c12333aeff33fd89bce9577aba3b45109_1280.jpg,https://pixabay.com/get/gf55f959395c81aa35cdd06323b7d07c10a950b5d5277d073679acb24ff16972b37660408ece866c9c582074eaef99e81043a7cc323dabd5ff7c205dd7a842b6c_1280.png
OLIGARCHY,rule by few,rule few,https://pixabay.com/get/g50198e78ef7386d497a5c953b5202495f8211fa6bae88003f4f77d7708a9f72a0fc5e28055ed9fc1b59afa504ce922fc3ee14631aaf889d9cf3b355f929eb6e1_1280.jpg,https://pixabay.com/get/gf3a0a5750344606f5c91f56e11a61acdc90d6ba62e464f0292979b4643477486a1441712378c07c441e9c4f075084c97821da2be012b4a2ed3fbcc5497a71db2_1280.png
ONEROUS,burdensome,burdensome heavy load,https://images.pexels.com/photos/28124639/pexels-photo-28124639.jpeg,https://pixabay.com/get/gc0a6f4263e4b4c103904a149e6440b88dff3ea6cdbe1602e15954aaefbf22fc45fef0970e411b8ef5cb61da5d5becad85cdb8d4ca2e87a058b897fd40a4b6589_1280.png
ONOMATOPOEIA,sound words,sound words,https://pixabay.com/get/gd324a09698ecaef59ddd970da3d1f1568288963b71fa2f7c8bdbaacea061545c67222afe06904709207735b2743d7a6c18606dde73b744b92fcdbcab51c8950c_1280.jpg,https://pixabay.com/get/g4b01c29918b0ec9af72798cde9706e057d5a163204316c4ff9a3c280b5b39aac5e39049313228c330a84771d2acaa2b2b38796112ed1cbfc5e5256e1bccf6810_1280.png
OPPROBRIUM,disgrace,disgrace shame humiliation,https://pixabay.com/get/g71734a16a2340319bea0fa0ee38439be356f51430f5336ff5551f50d48644fea7e1a7c71fba7a963a50042e559685f7c63f0d863aba4f8a3a3f445fe23e6e013_1280.jpg,https://pixabay.com/get/ga070820c8b442b97d921ee78e25382bfedc802b083ff4a9e74bc14675d80f6b2e7f6303e1a56d062c88474aeab39ab2c18dca70357e5dacf9b42c531d9c34141_1280.png
ORNITHOLOGIST,bird expert,expert,https://images.pexels.com/photos/19601385/pexels-photo-19601385.jpeg,https://pixabay.com/get/gb643d0295f6be259eef0cfabf1e386c4a5d2c9899595d8eb5cd87c010326c9deace62f85c97f0898987dcbd653ef974f6f7c9d553e628153a98ae0de2933c87d_1280.png
OSCILLATE,to swing,swing,https://pixabay.com/get/g41fb68ce4f592f377cdacd8f96abc26651605450db087de518acf188e0bbcafc96bf985462e31e59014ee85cd5e4416fd8a7ce38b69c31ca6917c2451e59db0e_1280.jpg,https://pixabay.com/get/g166ac56389c498718fd4ae089239458044448cec59a8ae170f2fd3edc0a53c6cf9ac032427614d16fdacc398a379c726fe47572df671eae877943bcea0d77b70_1280.png
OSTENTATIOUS,showy,flashy showy loud,https://images.pexels.com/photos/12306437/pexels-photo-12306437.jpeg,https://pixabay.com/get/gd71e82e7c5ffb63687f8d94164055d40330648dd030c8e93646a59e0c634c7ea55a1262a6571d19ffef9fd2b5ebd82c9ff4e2f02bb9b31bf7becf5d429c138d0_1280.png
OVERWEENING,arrogant,arrogant,https://pixabay.com/get/gf02875e43ad1fb8e9639525cad0d3962b476741daa528a44a09475a3211860bc95673effadda8def9550ef6d43f020bce5c8bf5682ab324f133e44f00a5cf386_1280.jpg,https://pixabay.com/get/g466165559241f92a3987a098f61e814a3e8cb1a9e8830b40ab73e33542d92c95a2f53824861e974e9dbee85dcc199af9d3b3a40a823eee0a69049a60932bedee_1280.png
PAEAN,song of praise,song praise,https://pixabay.com/get/g788ba58c43c267b2592a9a49579860fecb9fc1e58116d305bb09b728a65ca244320a5a9168cd9648e7fc9c4b0824ac876303a12a4e6bfe3a16aec58202dbfc8a_1280.jpg,https://pixabay.com/get/gbd90dd9f409a51df1fcea981b5ca611dde355bb65e0617d957e22939ded2ace80894f489c2f476c862b6e1c0c716d86fa3cc86b33d2b05416aa4fd803d44e75f_1280.png
PALEONTOLOGY,study of fossils,study fossils,https://pixabay.com/get/ga6a21d6499d9fb9a2b061f7d36304b678157d5bd689b313229493d3536772a3b86610271d7d27bc32cf29865f916a5b7b0a7193e5e76f9f8d86388d99544c08d_1280.jpg,https://pixabay.com/get/g3b64cb8295e4a58fa2651e18c7b154b9d41e43519400de2fe0875869d92859b27b10e4ad4b9b38c2a245c42a020b9fd93d562e9a93cc05ec6bd59ce589e6a8f3_1280.png
PALLID,pale,pale,https://pixabay.com/get/g7b21dea66cbf4645a597fe57a71f22388a8f552aa0e2c7e288be1436bd77c850572ec03834aed23c08edb718ae7d048c4fa5231d9bf28a8542e201ea0d621cdd_1280.jpg,https://pixabay.com/get/g0110900032e95f4e1400b22245c9cf504e3870f4d5e3a11766d64f2c3441dc3c460766c0efaf607735bfa65aba8cc020126c9c3157858dbb882c62140187faf2_1280.png
PANEGYRIC,praise,praise,https://images.pexels.com/photos/8819266/pexels-photo-8819266.jpeg,https://pixabay.com/get/g55d656d24b486b45c0baf4a4cc5d25e836894dd79e5b3c01bed8e909b05abb14fe0f86660b91c86899c36910e5f080f5dfcedeeb1da711c8ad22857ac8ebd4ac_1280.png
PARAGON,ideal,ideal,https://pixabay.com/get/gc857085a7c4afb56f42abf657a1182ac44c586db6042e741d3d0957efd1349dbf27a4fafa06cc9104520d714799f12c233f01c2a1dab4e2081118ececf843662_1280.jpg,https://pixabay.com/get/g2645d6c50655b7d8137ac37369780c8443d328cb1729e26493694da6c9c0c44219756a5a26cb1a9e0dd2211a529760cf7a779c66be354e029c9e5e9b9c9bb93a_1280.png
PARTISAN,supporter,supporter,https://pixabay.com/get/g0c6674e6c200040f04f401dc77a11b5fb5562d0d3138e7c2bbcf45efee21d179376fe5385294ff879470a2e86a08114ce818b05a7509d57665784fbae3df538c_1280.jpg,https://pixabay.com/get/gd3b9d2cb4aa8ae105e70e586256022b696059802489d73ebb9a554764a82ed2b42fc29de69ba0faab18f1a79d3d923ac336b13219759b5516afbb286c96d06b1_1280.png
PATHOLOGICAL,diseased,diseased,https://pixabay.com/get/g650a3e349562f7a033a2e94fe19f00f234b3746cfc2bd694480495f14394d69d6aa710e6d2420f35953c356a3bc1ff41a3c8ae06d29e8988caa4f95a4d449d00_1280.jpg,https://pixabay.com/get/g6ab398c98da763730258ef3617b655832fc9548a07d0634ca386dacd77fe493cbe7fb2e950b6dfb58ca1cd473c4e8b3c_1280.png
PATHOS,emotion,emotion,https://pixabay.com/get/g5e65fc38ab22fb9176f2dceb83fd667a974d1eac48075bc448ce34ba287ca31911618a1cad66c7fe38cc2423836e4c1af51c82e252b9433c8d628a8b00c351de_1280.jpg,https://pixabay.com/get/g172261d52e9c44f595db361e2493b291f5d5e1fb4e2a6c8fe919dba156ecba1b740a89c24312849f944eda0a8ec90a7ed95b3f22f85c3714928b2a85ffc289fb_1280.png
PATOIS,dialect,dialect,https://pixabay.com/get/gfef530d06d6f7e00e316805f9884e5d8da960477ecb490f438bc53567cc95151634d2accae40d6238c43cca60fa50a7cd7a5ad5ee15692b1c18db449c70f1438_1280.jpg,https://pixabay.com/get/g5b283bca47bf251380d314553eb5802f3bd3738d380caced193c301baefe13aabe9d0f79cbd7926cb66f744bfed9f0bbdcd06c7a635b8c3b261271db1b15d6c2_1280.png
PAUCITY,scarcity,scarcity lack few,https://images.pexels.com/photos/6448483/pexels-photo-6448483.jpeg,https://pixabay.com/get/g3be613d4208dde44f6533256d507d3d4a95df30e3e52bc9bf32cb003c68b1a791b7882632ed516b096b40c14df514567ef799e5c1bc62b2c74d4ca829f7e12a0_1280.png
PEDANT,show-off,show-off,https://pixabay.com/get/gbd7a031db710e5f74f064d5733620c1f3f0921507bd8398d4494f0e38cff371752a454306fca55687c67eed251da3ce49abd9d9bf3f026fd2b9ee21357058d27_1280.jpg,https://pixabay.com/get/g0bf9a8c45ab189a988e7f54dcadcd7e04ee25486abe4169e0226db8043274b028f58bc787695f86f27b78ff54ec1fdaee1a898f03cba2bc61016c292ebcdb96e_1280.png
PEDANTIC,overly scholarly,nitpicking detail obsessed,https://pixabay.com/get/g64d8f56487b2af005c735da36bf05f7b420fd562229616d5f2c7212839fb5a510ebe2179dd53d74daf1fd5712a017e93f86683328ad2bca0a4e0fee47bcd2167_1280.jpg,https://pixabay.com/get/g908fc8cf4e566e1d23a7a1aa1f83e0853ea33db86baeba001a4b08b1fcea7d5a9e2b24c7bd252a992b7bcb82cfb9add829751a07731338ff5f4beb8411ffc046_1280.png
PELLUCID,clear,clear,https://images.pexels.com/photos/25014779/pexels-photo-25014779.jpeg,https://pixabay.com/get/g9d8cff72fa0674c589a567af2814a7057da71ddf439980cbc551965dbe61243b2c7d6b0bc9b2dde2ebd356dc5a8aea7315e5b7a8fb7d371a8bcba100a34c4a1d_1280.png
PENCHANT,liking,liking preference tendency,https://pixabay.com/get/ga3aa586c95be6009052aeb1aea22bf8d865a29e1e7ad12f329b0188e94806c28a80637c071acd0d9d4378e9ee0e3d14ec2aabcb008a6a2da60e849c57c069017_1280.jpg,https://pixabay.com/get/gfaa9cda50e86f8280e965d0fb55292d2ab3b24ca65b1e96b096eab705372fbd79c9913247cde39a98447305e7070c95cd960cbca8b0543f8bd1518aeac0ff950_1280.png
PENURTY,poverty,poverty,https://images.pexels.com/photos/13115817/pexels-photo-13115817.jpeg,https://pixabay.com/get/g5026d38fa3fe4ac8e0f8bcdf962f35d77140dfe2c5cc9d15dae38256eca4778cb351975d1a275cfdc2e50916ee49b39f009a82ea13643a8756e1db1556902281_1280.png
PEREGRINATION,journey,journey,https://images.pexels.com/photos/4786439/pexels-photo-4786439.jpeg,https://pixabay.com/get/gaecd56f2cf5c7951857e247be85d605a4f8d638f22a7f00ef5555a3220452b4f85c43283eddd7b976581a63eac23b5fae3e0444ab055079a1011794c8cd773c2_1280.png
PEREMPTORY,bossy,bossy,https://pixabay.com/get/g54b734f4e6dedefc282a16a09573b6eb39cf5a8a0a61ce641e59c6325196b179ea14ccd3d6b8d946496042c20be66ec3337c06e044a23ea7a82d275d364af516_1280.jpg,https://pixabay.com/get/g0ba1053016b1372e06292ec671151a73cff779b7b02ff6242241adcd5e078cca9e088f7ac48079771e4945843fdcf1a2de1c7acb18c10caa8640d1234952ad88_1280.png
PERENNIAL,everlasting,everlasting,https://pixabay.com/get/gb2f61ed1274bb84469e92f102337e658e9b76ada68e4b971baf97869f7dc6f7ff10dbec8251aa6c9e163f217b96f410f44a4e23bff16c01f29299aa125e78382_1280.jpg,https://pixabay.com/get/g8bd63e64026c0f13a0e304dcbd9d1869164a44013647ccb30576eb606c525376f08aa33ff66bd13780603c034b29cac37a2101ceb93d9b50e538366b6e7eafa5_1280.png
PERFIDIOUS,treacherous,treacherous betray disloyal,https://pixabay.com/get/gc3950a283cd2f9da13bd6ad9b7115b5fdd4aaca0693323d16acd5ce67a713b8cc4a20553603d2bb4ee1a3a60ffcc6537_1280.jpg,https://pixabay.com/get/g635cca9caaf8823c1508884bca63a6df6191b9a1508e388b7db74ff440d450a2021c3a351fa0f6f63fe2577083fe34fabab60a8b13ade9fb62e3ab853c0532be_1280.jpg
PERFUNCTORY,mechanical,careless automatic robotic,https://images.pexels.com/photos/13194386/pexels-photo-13194386.png,https://pixabay.com/get/g1e11a7debf2edbc329cabacf39054aabb671cd869060b4ec7bcbe7d350f875dcf097e27a02efebdd792319add8e09035_1280.png
PERIGEE,closest point to Earth,closest point to earth,https://pixabay.com/get/g47ac0f3ed29343aacbf2bb891c03128b0b05950a70ac13438e452792322ba7d76ce866a4418338ff744f440d81555f1c0404e61b8ac3616c0d72a1f5bf8c7bef_1280.jpg,https://pixabay.com/get/g6fd4413c7c34dde9cbbdd289f3840cc3da8428dd446a32a9cdae79869792db0c116204f49a91561a5dc68c9e4b227dabaeec01bfd50a4fac20f9f99a7f6c3f6d_1280.png
PERMEABLE,penetrable,penetrable,https://pixabay.com/get/g86ad9b8c332210be1cc73721b239137a8c10b518bad00feb8b587c9a449150818a0f9be1d41a3a50d3257309a11d107fb6083faa80653fc33ba883ac46e5b2de_1280.jpg,https://pixabay.com/get/g1c22327554960ecd8e7e78c6bfcf77bb0cf1764fda6fbafab585e5310b5d93cb7e418a814c1cca00622f402ba9b2fc6469d3af0b7940f57ecd096800b09b839e_1280.png
PERTURB,to disturb,disturb,https://pixabay.com/get/g9cf5f309f67cb307798fa479c82aced83e9efb8f223ca98c5868a1f0cc46005da137559e671faac806c7378cc0759424c02835cde427a056d4728bb5855813bb_1280.jpg,https://pixabay.com/get/g0eb8387f93b7308883779c3e86412032b9e0bfd3935e5c47fc5fc65d2a98153a7763d35e664e1e14995fb6b28d94753abd94c7ef1f1be48afd1bea1662cff4ba_1280.png
PERVASIVE,widespread,widespread,https://images.pexels.com/photos/12261422/pexels-photo-12261422.jpeg,https://pixabay.com/get/ge8858126c285c3a870ad84810843a89037510d9a04837e980d07e4c5c7671bb35a2f9ed6d04fa669d66968d7a7496eb848b0ddb8b6146832d17267962aa30ae3_1280.png
PETULANT,peevish,whiny child tantrum,https://pixabay.com/get/g4855ffd15fa91329f652dddaa05626ac31034bb4575193fe6b521b1f85b4202ed4f6cd5626db08b83a80e357f82caf5a76ec4c8019aa897011d6fe8a7af8455b_1280.jpg,https://pixabay.com/get/gedbd73b9ab5a57b5a9661e687e4adf1e44857a838b9fff0888ca4107b82b7d88a1b3c5b137ca0044823acf4fe5aa48ba0a4ae993e4b9e2bfec441c786957e5ef_1280.png
PHLEGMATIC,calm,calm unemotional stoic,https://images.pexels.com/photos/28438641/pexels-photo-28438641.jpeg,https://pixabay.com/get/g34627192cbab077f9ac860ee1f69c7b2b77e15e3c91949a4896230900eb96404ac5617e288b5b1c8a58fa774e9e0c5675d09de7721def95e703691a7a3257e5f_1280.png
PHOENIX,symbol of rebirth,symbol rebirth,https://pixabay.com/get/g804ebec5c0a292e7ce704acee5249b8028bf6a5993b83f9ebeb4e3efb5d12463b44fba3ec1da9e054f8c5a172051e105d847df0048ee029f1adb615630aeec4c_1280.jpg,https://pixabay.com/get/g7ce9cf756e59c0ae6dc1993b4688b1c893375a737876862f974ae68f549f24863118e4afe08115e5b6b44b1e271c05eb169642796880207832148703781ea4c2_1280.png
PHYSIOGNOMY,facial features,facial features,https://pixabay.com/get/g29905509a900fedeaf473be87a6874c925dbb1ad5a3252f20e6b81fb40ab026a1ef4c4345c66f81dfb987eb71dd92b66_1280.jpg,https://pixabay.com/get/g6a8b0fcac7c571f89b91b1f3b043b7ae468010ba00f092f6f0cdbe70520c3df9ef71e70504d0e5300ddfe2ff506ac07ac29a170d77420f6cba6ddcc779ef33f4_1280.png
PIETY,devoutness,devoutness,https://pixabay.com/get/gf37ed51f98223dedc7f53ac09d3f2f509db813e0eaa76de76825deb10d33d5c6aa2b9e49b27e96fef5da4814c52fe97e581fea7dcbe48bd5d7acfe0dba74789d_1280.jpg,https://pixabay.com/get/g69a616612c71b63d3447aab5118d46cd9f94f66e498a76350797ba647f4de7cb369dadd377137f02d93a1784504acb972c92c42e50853a17289ce97b01c6c411_1280.png
PIQUANT,spicy,spicy tangy flavorful,https://images.pexels.com/photos/30203312/pexels-photo-30203312.jpeg,https://pixabay.com/get/g5af5f7923a167fff6c92b1e846494574300662b7ce0c6951a5bc7a50a518e72e2acf693960e397d5361ec41c390b4fac_1280.png
PIQUE,to provoke,provoke,https://pixabay.com/get/g707c73fcad62f06ba035db257b9be84c23bf7edb6f0223dde292385d6c8385d4cd2d990ba28e881b417dcd7aee3d2caf48a1edee8cef93fb38a4baabf08d0dc1_1280.jpg,https://pixabay.com/get/g85a387f3d576d6329ffaba3ce986501daa9729f1b50383ce9c0485c65f667ebe79194cfa2c6580df4f089cac1a3ede7c9c8d03c53839062843f77f25835cc230_1280.png
PLACATE,to appease,appease calm angry,https://pixabay.com/get/g922e0f9305357f82bf0cb02796f2e8ca9fd82586e1683ac84518d08414b16e82243d2c83323065634372e4b776eb7372efd7a33ebf44378af7b1f074b559e710_1280.jpg,https://pixabay.com/get/g9ed4722ac14142dd60489061b6d3e68f67d0798513dc7eacec12ddcaf25d92d45b447171a3f4ca27f53a7b5993e7a1db_1280.png
PLACID,calm,calm,https://pixabay.com/get/gadbc35e0f705f805e1ff58fa68e0747983b7b411810360486f1869b836a389e1160c405f8f94477551ae23aacd7ca91ae56a9cfbd11040d0c28226df3d3e3d46_1280.jpg,https://pixabay.com/get/g87572dcf504e5b9b7a57fc9b5ed89f575682a3b2d4e12129739e2564ce302a9ad8edc246b093f32e3684e753dcdc1dee7cce133d01c7a65b0216d1079a12b2e3_1280.png
PLAINTIVE,mournful,mournful,https://pixabay.com/get/gdba17c4340a6482961fdc102692539805812c6a6d39c651ebd7021693f2a8bc579b1c52fcdb597ba48563ca9a07fb15043efedfcff6c667d05925343c2d45e03_1280.jpg,https://pixabay.com/get/g081bf8aa4ec41cda662db5612a12f6a1f03de85b57eccb5394d43e4552770cd07463365de02f481a03198b6491194a528e01e35e9fff48e6981ecccd991a6063_1280.png
PLASTICITY,malleability,malleability,https://images.pexels.com/photos/15644196/pexels-photo-15644196.jpeg,https://pixabay.com/get/g1794aeda84f737d14e4cf91ae622726d9b8fd0228188d22068abf184b5294357a1157bfbf8a97bd3d7ddc20f33347f748d0356c9e93fba372a3667ab4450c4f9_1280.png
PLATITUDE,cliché,cliche overused saying,https://pixabay.com/get/g94b383a3949189d30e0782d4d325c32642514e8d3d8a4e9ecd99360fe72be2620c9585d90e71d2e430d3534b742aed041826f6e4f78c81b11e0a61637d9b8820_1280.jpg,https://pixabay.com/get/gbc9b4939e2329de61df4ae18cf2ac7aa4e83a61d44d4a03a0e446a27b3e14f4dbe57528c5a4ca08b6cbb1eb6eea9829a5830ec48be8b3e9912285976fced7140_1280.png
PLATONIC,non-sexual,non-sexual,https://pixabay.com/get/gfffd2955cc06b5207a495192c5c3744871bbb9ee2b900ed10793cf5e93f09f32e541b14336c2d9c7a4d91f15766a57cdaa5db2438f431b3023c1754e41d02765_1280.jpg,https://pixabay.com/get/g9ae9a4687f729d963aaa7e6a8006bdf56d7e045b42272965f819b2bea13b9d2e8f18257cde57e240c76b014df370bccde104b0a36cfbb3990ecae702c09a1ef3_1280.png
PLETHORA,excess,excess too many abundance,https://pixabay.com/get/g01fb29156143be2e9356ccbfc5935b607503231f5e28ccdb9d464a983201d5ffc9b579b7a1f5249b7c58f358e7f7b145612d7754f17c5d72949ac7d5de20e01d_1280.jpg,https://pixabay.com/get/g16a7160c19156a7bfa5eed1460ca413ced4a13026a4f46489c07e3ad541c422d45c836efbbf226561b3951d24b7aa6e88ecb38e691326349bb81f2b9306d4400_1280.png
PLUMB,to measure,measure,https://pixabay.com/get/gf8319bf87b73cda6ee4cf5fea6f4011ac15c15beb24b3a538847b6953ebc6a476844e49322630664b3ac95cbdfebb320f5e568bdb40212129cfaddd0e5947016_1280.jpg,https://pixabay.com/get/gbc2f963a5d40b1adc5ad345a6d0c1671126e2c044c9b1f6b049e189b0c6e5f41e31dda18182965d743059544cfdda8adbbe90196c7a48a0b804a07e655a3cb51_1280.png
PLUME,feather,feather,https://images.pexels.com/photos/17826908/pexels-photo-17826908.jpeg,https://pixabay.com/get/gd63b54bc7eaeddd0b77457cab5358513308cb24dff903ac254b329adf63a85d8f67f6c3f3bcc9e33cbc5af2ff358eb96b517bb8b16422dde522af7cb4d3ce98b_1280.png
PLUMMET,to drop,drop fall crash down,https://pixabay.com/get/g2265f3066633476726cf96cb2132bc213e141e8ee32b2d16896419db1fce01fc20e94ddccbad604d16928905b96e58753c83e09fe73302f04d5db4fcc1297ec4_1280.jpg,https://pixabay.com/get/gbb1421a5f9d5b1bccae992f9ed3a87c129cbf26e27730107f131af5ee7ef057020da98be632786f080cdf1fe55b33b65_1280.png
PLUTOCRACY,rule by wealthy,rule wealthy,https://pixabay.com/get/g1280bb5f0ea9cc82bbf8bfb285feaadc0c80fd136d1b87a8e104c8387398402c986ec1c2ec2b9c829893cc7945b3af2f99c6e8759d6d7e47a7edb3e7b6b04647_1280.png,https://pixabay.com/get/g418123cf50f1705b5c0ee8f4f9093c09f820343eb6d0494e87d5c70935d1de322886531babf2df490119212365b52a17c12895383c78f1fa6998bed376b92c6d_1280.png
POROUS,permeable,permeable,https://pixabay.com/get/g851369d26b9cc7e5fff9161b89609422ef69b72e966946104130a0887c2f67a8eaa59b6ef841708936e3855806a42ad2_1280.jpg,https://pixabay.com/get/g6686dad647b5a4cec41cd499c68a269aa50cecc1def025855530ddbd57dc8539398dbcfd34e6d077936693a85359bc18b2a16bda3d5972007c8c46d8499c380a_1280.png
POSEUR,pretender,pretender,https://pixabay.com/get/g41c63c330a5d0ac482d655b8b328280f04917c282efb860335aa11b128b676b0eb763754e779548a8656fb03318838508b6bcc5f81e25f096095b9c5bed98749_1280.jpg,https://pixabay.com/get/gdb96b6f04fae2232f3e79c679d5760dafa73b28932a224a3ebc930bfd83d0b0312db27c42c7a272b648136e37facbd375edb0b17a92ba7076914fac2abb10f1a_1280.png
PRAGMATIC,practical,practical realistic sensible,https://images.pexels.com/photos/6121918/pexels-photo-6121918.jpeg,https://pixabay.com/get/g1f7af7e671be5e526310643d0d444a568418554d36f93972e5c912b4054286e1d89810dd4b8c26c43d2b156a7b67f86b4ef29fe7be2b0982015fcf48f1940ace_1280.png
PRATE,to chatter,chatter,https://pixabay.com/get/g81c6ef9c7e610653c43bc6ca078d4d9e9130828de1568f02a01ddfcf6fc3ee23362a141dcf522a203c04684b823e426851872e18e9a242d02bce1b9ddd1d10d5_1280.jpg,https://pixabay.com/get/g51c5eb27251d2bcc69c4398285751a29b5432c36b4680d94acc14fe0b4a6f837075b687b51b6cad25acc1574928634eb0c9a9a055267ce3a920ce97d1fed9215_1280.png
PRATTLE,babble,babble,https://pixabay.com/get/g5ec06d548ca50f6089b4928794921c1ef6d4fa8ccd1d1c5e5471512e95b6d7c234f93cce24f9ea650cfb9b8e5d13929eaa19b42f77a2fc81fb23a66dfef18976_1280.jpg,https://pixabay.com/get/g11d5ccffc8dfd5b51a8d6101ec81bed7376b84e05cc101bf417dedfbd6d92b639da977f90e9144c950bb37884e85fb1d00a46c13c7a590c8709595eed554814b_1280.png
PREAMBLE,introduction,introduction,https://pixabay.com/get/g0cfc46cf83d8b6cba768f4bd4d80bf5807e08b04608e0ccbf61161b0e2661591ac821178fd7125a9351ddd0faf1cd52425d4bcb9183af9ce7e0f6af698c5fdb5_1280.jpg,https://pixabay.com/get/ga11e2d4b3f38b870bbdd86e688d05f036b5c709058db420f3fca0afa35fd9cfb6f941c968543d7648a6d8c001722fcb58b661117fc5d63ab3f3fae8db6f39be7_1280.png
PRECARIOUS,unstable,unstable,https://pixabay.com/get/gfc43587adb508d3ea13fe2cced96763434e73fc2e534b03bd9b4cee0c5d9efb1c65a9b219dc0b3499bcf54df632ad520306573292119f47e0a1bbd894575a6da_1280.jpg,https://pixabay.com/get/g67a8245facb9999c81349ee004124929e8db74d4b7f4f545236bb8087c472b9dbce533e5b042cdae0cb17a879742bd5870da65bb1742ef3540227eb6c15d9a73_1280.png
PRECEPT,rule,rule,https://images.pexels.com/photos/47040/meter-tape-measure-measure-gage-47040.jpeg,https://pixabay.com/get/gc9509272b19270dd3b60d6c96205ca0a68c5e80a83d44168a77d8f3180183fe6d43dbbc4b8986e8895d3c38cd1bf69716852c88ac8fbb6acc9322b84145a8d26_1280.png
PRECIPITATE,to hasten,hasty sudden rushed,https://pixabay.com/get/ga58852cb5b1679fa517d8cee9e524e6b4cc5249176325f97869e862f6e622fc4cccee5b2140ac55b460d9e4a143d2bf6a6462e7687c10f9108414337c1447d5f_1280.jpg,https://pixabay.com/get/gb86d1fc0aa8623199eec16affeb3e976ae7657d997491e5476eb939c3c1982d56a8c853138a4ba0a9ea8218f7afc34fc_1280.png
PRECURSOR,forerunner,forerunner sign warning,https://pixabay.com/get/g6d3eb7774a78414123de0ea9108fca47c253fe870534e936690e58350788d17fe626e051132f8cdf0e79ad72fdb9ecd4eec9441535d05f40c7599283f4785acb_1280.jpg,https://pixabay.com/get/g6322a5c7e0f075bfffc6af06cd655c069621c8dc88e6bcdb4c0b917bad3ee7873d33e97c313a7626375f1298a6bb04f3e67d66e6db118510da822b3aced926c4_1280.png
PREEMPT,to forestall,forestall,https://pixabay.com/get/g9894d4d5ffc9d30e8b01a15032a93b6bf0b54a3984306231654d6c0360a3b7acc966a8d8392e903c8c5b0a56250031acdba045a2181fee39f47bed6917c25d84_1280.jpg,https://pixabay.com/get/g145797013ab46dd29ad95eb154f66ce8b0bc16908f1da8cbaa501016d1d9c2a82eb473077cbe4e1092eb5165eaaa95e3a9d9879df9f0a957b07c1a73ec493ba5_1280.png
PREHENSILE,grasping,grasping,https://pixabay.com/get/g45cfd454092a928328072bf18b7d56fd34e68e244ae26fc306db35f23362f6293061890bfe9cfd5ff50526fa38c1c2024ae1e6bfad94d71e9ec1c0910128bce3_1280.jpg,https://pixabay.com/get/g21c8873952b1ef388470e6501b894f14af5df5a7d0ce98bc20a0583d77dc60b75d00fa9b6eb34acc7ce74b9a22606aec9fb60d407c2c6e0a125cdf983ef9899b_1280.png
PREMONITION,forewarning,forewarning,https://images.pexels.com/photos/35885512/pexels-photo-35885512.jpeg,https://pixabay.com/get/gb03ed1f2d81ca7ac459f3cdfb572061c768f157f8224bd9bc1544b385653e6dafab475fa387a5d659a8a9d27e1589ffa21c73a6f95f36a931d35d591f9cf86a8_1280.png
PRESAGE,to predict,predict,https://pixabay.com/get/g1164e8af979fb2d1034e488405ce4a6cbb6695d8da6acb3498f11519571dfd12dedac4daa6eb7ee79115bf3e0e7af1d93c00c08491a2afad0cd9044473db9324_1280.jpg,https://pixabay.com/get/g8360836aa4287d0f44c8e8d5eb52db813ba41a7015012c47627991b9f7b30456fd088da02855d985a3e8915e64f4ff38a563f2e6587ba7b16d6db61242609e0e_1280.png
PRESUMPTUOUS,overconfident,,,
PRETERNATURAL,supernatural,supernatural,https://images.pexels.com/photos/31057725/pexels-photo-31057725.jpeg,https://pixabay.com/get/g9b2683ec6ef1d5b7881f00ae73bfcfbe94ba5d81f9190e7388ac5b8b1230996e32ab4d6b3400e826d47c7f99b753aa84a78a83a0fef1587741bbb53b31501d3e_1280.png
PREVARICATE,to lie,lie deceive avoid truth,https://pixabay.com/get/g6b2788e0dc3936d9d5f39fd9f5bbba6ee1ef18039623c44dd6e61506bbc4428389151dd32b02666f726beeff665bd0168b0642ec3de7c8c97f1ade6999aa361a_1280.jpg,https://pixabay.com/get/g4e9a37ce92dc6c014120d5fec2766be3bed844b370248ad567250c399eb0fa1e3da244fa14bcb720a143c24daff2d8506269ffe51fa1834d05c1e3e4b168a1b6_1280.png
PRIMORDIAL,ancient,ancient,https://pixabay.com/get/g4eab5e8c605bc205a8c5a3b4b4fa3726a9d29c9c734ed9944f355bb36e187a6fc1bad9abae1c674376b83f49bda3a0257d934386f50fd25d4679acf1bd1f5bcf_1280.jpg,https://pixabay.com/get/g8867b884c59c539935167c0101f4c81dc32fc8f0a08ee9346eb333737d2e990154e5d1434c02abc50b85170b1c9b0776_1280.png
PRISTINE,unspoiled,pure untouched clean,https://pixabay.com/get/g2f180f152be08a05baaf01014bf1915b49112318c7550581ccd2b67ac97592d1d406f90dee91d8e6308b43ef8006dd443840cf09f7a91ce2832ac86c2118163f_1280.jpg,https://pixabay.com/get/g5bf0ab1425feec210ee11044d0b678c36463b32abd04c1300bd33c1ed75a5fe75ef9bd75f6a122ce747ffe9d109575c4d645cbc565eb38e9e2517f00a628b6a8_1280.png
PROBITY,honesty,honest integrity moral,https://pixabay.com/get/gaf8b799f993d67b1b6501d727a12f3d978d7eb63847e659b5b4987bbf6aed16ba6b81dc97243bc282d1907b813e11a72bd1e8737c44f88e4d18059eb0ca1fb15_1280.jpg,https://pixabay.com/get/g9ed4c22828074fb85ccdc4b180b0aca2eb567d1991429c4ac3ec894ad37cd4b1a04a23200824d01b74075e5571420452eb7996111f980cedec619ca5b5e9989c_1280.png
PROBLEMATIC,questionable,questionable,https://images.pexels.com/photos/33921250/pexels-photo-33921250.jpeg,https://pixabay.com/get/gb7bca6ef638f0620d5c96be2a11740f039affa69d99e92a4c158f24683934f58e758def57dd0499bdeee1229327a418f_1280.png
PRODIGAL,wasteful,wasteful spends too much,https://pixabay.com/get/gace83c2e9d50d88f3b590ef889e2be7018a84c6905e123213a402520d075b19f4879abca78d071e3b77bd0afe9aea1abaf17271521f8dadf4ac3a4f5fd379e46_1280.jpg,https://pixabay.com/get/g1883965237ee993417ad5c672ad0a491371e66664fa02d745f31023698b2c64c6a237298ed30282503a9b1618249d7c43ca3cfc30e0a107c75afcc788cc3938f_1280.png
PROFOUND,deep,deep,https://pixabay.com/get/g8bdf02bbfa1258713048374c9f84175aadd4cdd478f7c0254e008d2cf6398d78230a8ec4d66a6ed4d66426aac8983cf02021000ba0418073ff55320b4fd8b95b_1280.jpg,https://pixabay.com/get/g79729bb22fd63109fa16818c0b30f3327cc8d1422f9b608a9069cb227b65831ed4e7da8e1bf82bf20009abfcfe389b7a5f23be1854c04e8425a7acb94a5adfee_1280.png
PROHIBITIVE,forbidding,forbidding,https://pixabay.com/get/g877506a00c7591f35d9f840944902ae8f8fa7917ac98f142bb6df0e5ce37d6ac00d9174bad3bf2f6b21c885f9c8c173e032d1df89c9b4ab163b781f8e9ccef15_1280.jpg,https://pixabay.com/get/g6001a9e5233d23402288a59932746d6a28e20aac2e861e68750df25a10591492620473d2ccf6d97ea9634636df146cec0963ecfd4aa1b1014b79b0a358be4d3a_1280.png
PROLIFERATE,to multiply,multiply spread quickly,https://pixabay.com/get/gd48b63279bb903db8edbfb5508914027e1ae74fcd0dd2820dc03446161bb45c28309adbbd969d82afb703f6cc34c4b985194d443875cd137add14a789423aed8_1280.jpg,https://pixabay.com/get/g4eed188dcfd89509789eb7e6604e1b49e65003a4d783454b09bfd0ff898f327ec83af30bee09388372154a8dc2f445a401230198c3de472282742033de552563_1280.png
PROPENSITY,tendency,tendency inclination likely,https://images.pexels.com/photos/9841364/pexels-photo-9841364.jpeg,https://pixabay.com/get/gb0bd0b315d8e9e27bbf00b8f49768a510c70964e9ef87e527ebd6a3c3fbccd4da25e669913625f309143f60bfe96cc375e3b1430ae62036152fb5811a76d13d2_1280.png
PROPITIATE,to appease,appease,https://pixabay.com/get/g6c16de590bc668d3d03f775d6ca976b9e48a65e719de8fa2ca65a53ae2f697873573dac6b1601226bbae2a4eb93d917fc89f0f81c626d0cd02c50f0950d5b25f_1280.jpg,https://pixabay.com/get/geede86376345367f81d8e99ed58c75be12665ff4922fc4fd8bd81fb46cd35d0bd8c0f33631f1efa59fe2334b6e0f99a320fd35399862643a115d6e49414e1a44_1280.png
PROPRIETY,properness,propriety,https://images.pexels.com/photos/26837382/pexels-photo-26837382.jpeg,https://pixabay.com/get/gd0c4eb739a185487424167578ba9a368e4b50adb84de5697d4a7ccc6d0948eeaf7afea3773a9586244ea89130015503a639a8c8808c6b83a96c9d82e7126a74c_1280.png
PROSCRIBE,to forbid,forbid ban illegal,https://pixabay.com/get/g683639774893b6b1ce5f64d5b1f1bf2852637c9ead62ac12909dc35be095db80914e3efc7cc64a8ca9bd6eb5d7663a04_1280.jpg,https://pixabay.com/get/gfe6d1e4be2848264fd7f4eccf42e5cd82f564c20b38933da7c51ef57a6732d39e498f5ea0e5c1507699989cc8c691a43_1280.png
PROVIDENT,thrifty,thrifty,https://pixabay.com/get/g2d773f0bdb0cf7edfb400f7eafb1e0cf5cfad6582e9dc7f063ca745c3cb8c489ad92888a013bb0d32fb097d626b09aedb70ab19a09246b3f1d3e686ea27a33ab_1280.jpg,https://pixabay.com/get/g57fecad004db47a5fafa64216aa993f83e8c20a8f0ef1a3f5cc8456381954eb99078baa65c0a1c65e8949501cdc36d7127fdff95a3b130f1a3fb901eb107661c_1280.png
PUISSANT,powerful,puissant,https://images.pexels.com/photos/35879664/pexels-photo-35879664.jpeg,https://pixabay.com/get/g737f454ca9f26de361cf09343b7391dd5cc2ef22fa6641e99639199e8bf135689af0e9434d7fc86661e5bd18beff4434_1280.png
PUNCTILIOUS,meticulous,meticulous,https://images.pexels.com/photos/35841361/pexels-photo-35841361.jpeg,https://pixabay.com/get/g507191aee5f727058f600afab02eb1736a82983a33ebd9d8c57913a27fd77548da91dd75fae8f573ae79ad4670eed6030cbfbb47aba4ddd68813d6066382fc42_1280.png
PUNGENT,sharp,sharp strong smell,https://pixabay.com/get/g2d5bf94cd1839472f4c41d4246afb7f6d975c7a71f6833bd06e415335b326e0f47110edbc370913ae4946e94cdfab6017ff8928c9c2af8efeb8a3b48acb78458_1280.jpg,https://pixabay.com/get/g065e4bb629bbf5f8db4b550aac1bfb22215e8cf65d2c6e451282c38a62384b8dbd62bce7adca0b32c203d5db03b7c1ef075d97d88693e383fcf9f794e56671df_1280.png
PURPORT,to claim,claim,https://pixabay.com/get/g097acddf64bcd5f0fd2bf11d232a432ce73de2bc9535873cacb390b53232230b68a274c1d6c3abcd7f8b12d76ebf3906c0eec68e10ba1f72af4e2c5fdf2236b1_1280.jpg,https://pixabay.com/get/g5885155158c615f1c90433e4cec1fd208753ac8dddf0c29e8f0dc5a7a8af0e76d50011b2fc4330f4dba31a52ea3aab16_1280.png
PUSILLANIMOUS,cowardly,cowardly fearful timid,https://pixabay.com/get/g4054f305446c6c250c4211f76ba792c17702d06bb3128f2db7a2cc725447c1e181f73d924277768b398ae5c029176044595fdff3fa1abe5cf5ebb774340a88c8_1280.jpg,https://pixabay.com/get/gb2b904d80419491fb3d36c8efca2cae7095521c3f6a96cfdcd5ad97edad3550b8cb3aec17435ed4b98cea61e4d877291d9c4098c0d98caab70871d6c9b0d98e8_1280.png
QUAGMIRE,swamp,swamp,https://images.pexels.com/photos/129566/pexels-photo-129566.jpeg,https://pixabay.com/get/g291febccedd954ebf808dc076737d2ce24478e91a2599206c331d5d21d7bb2facf44e9d4c2e209094c232e7625f5b827ca7ab3230da27db624d2f1710e17f016_1280.png
QUAIL,to cower,cower,https://pixabay.com/get/g4454bd72404287aace4bd6c9309ffc8a57f2c81a9e40aac7f71474459ec47283d4eb13533a58ebe2a5ea6897c537e5e4dfc1ba442f06c13c29b88c33e4bf5c3e_1280.jpg,https://pixabay.com/get/g9b755eb00895d3937dcfb4c8ac7f27be163584aa890cef0907dacc8da5c630864e68b8cfe4d59644f4fb690e3759dfb6_1280.png
QUALIFIED,limited,limited,https://pixabay.com/get/g8595f3d9af2424ae4db8b88a69311634eb03ed9e05f6a3e273ce9a92605370a4c34b0002def13b4b29c64b7ae4df7bb79fd6f56ec00d250cb97bf23413981936_1280.jpg,https://pixabay.com/get/g6204f4b286dbcc31802e3fcb6dd1cae0e886715df9bb21737af41c9cb9c8004d448cb2a42e7d2dc60525a078b11f1868325b4e806f78240c1f252ec0c93e6e9f_1280.png
QUALM,doubt,doubt,https://pixabay.com/get/g445aa9f9d92a10c30866afb3bb72d1034d716518c89f89d0e890be65c403b0cd33ddcdb5252c5ffaf09ee8a83cfaa6a884b64b225c87f5185b2e90e3a5726f2e_1280.jpg,https://pixabay.com/get/g2bfcf6d7bf2bbfd35e1c12923e56b68986fc557baf88f0833207cea0be0f27c32501fb6ab005cb44d4f7aa17f4b269071441bf2c3f6518967874323dd6d349ac_1280.png
QUERY,question,question,https://pixabay.com/get/g96217e7943930183ca5fb6937866da230b5d9f42c7df21efe136df3f8bbdd40ac277139e452eca0e17b5370ee0e40c57ff25bc333ff1d924810aa73c8cbf31e1_1280.jpg,https://pixabay.com/get/g3c5c028ce73debe494bc27ea17459727a537c473f83a1c5bfff67331184beeceaabe8275e952e30dd5d2a5711763c9fcc0b7cb17ce47825e63fcde1b06cdc676_1280.png
QUIBBLE,to argue,quibble,https://images.pexels.com/photos/5967959/pexels-photo-5967959.jpeg,https://pixabay.com/get/g6facf747352740f80860ff954404142e4de6dde5f1128f2e19830cb96d8e0605bdf0cac5200e47c7793e4219e4509101c4235a413c6baa8d81a1022cf48c2604_1280.png
QUIESCENT,inactive,inactive,https://images.pexels.com/photos/13779102/pexels-photo-13779102.jpeg,https://pixabay.com/get/g8690935950ff50a19363c6f5d96f4043e51312e0a11141036e97100825824247780cbb269eef5ce30378b8b233687cd24fb9bc7b5ceb377e6420b3fe68614881_1280.png
QUORUM,minimum number,minimum number,https://pixabay.com/get/g5d1ea95467b13b71a52427ad5a9259f0095b2211272572af4f3acb917ff0700dc17729a016fce1a3cbe2f9dad2028e4579fc59814c2adaad98188d9af5165490_1280.jpg,https://pixabay.com/get/gd44f91c1998e6560b64d569926aa0241be411e4a66650996f24c2a7f79625608466badc66d753c15d66adca7b548f2c14e96220517d056e625734235222a8793_1280.png
RACONTEUR,storyteller,storyteller,https://pixabay.com/get/g6f832b20c901e18b615a3aaa0aacce2232110cfc167e42779882e347bd70ceadafd78be9e14f93d3ab1ad433ff65f3165693a7bcba880be3175ba6d8408fe02f_1280.jpg,https://pixabay.com/get/g3482e8062ac14317fe22ac382a93b9429c8a3685a9c938e55f79464565e60f9cd7a67dca6664f0d947fe926073863c3f963fe38814958032be4f618d73dfa307_1280.png
RAIL,to complain,complain,https://images.pexels.com/photos/7640805/pexels-photo-7640805.jpeg,https://pixabay.com/get/g7c5cee951d877ebda175b39a5281d06dd4a5fab448306762bb94b3498841e9c52fe6ff0164064821764e2ab65c2482bff66d468ca8dd1b8ecbce2ec829e31e3b_1280.png
RAIMENT,clothing,clothing,https://pixabay.com/get/gdf41fd103d7fbe7c62366dd286c05cf7378168b5dba498288afa5bd36efaeb7c1cb5db6acc12ccef1d4aef0bf4b527195efc3b973f526d528c8fc5d49a4d16dd_1280.jpg,https://pixabay.com/get/g13e1af9ef422c59b58a0d1a4271494681c406aea8e699a78d54a6d5613b85c5c36121e72336e6aaff2e7d56c26f5fb707eec0f21d62873d19296fdfa03801b12_1280.png
RAMIFICATION,consequence,consequence,https://pixabay.com/get/ge01c319ba3d3532421104f8b2894e485ec06dcf3afacaa46b70f932d19cffe4cde6863967e1bbf804bd95bae7366c9a81f99aaea97878b8195bad20e69da0658_1280.jpg,https://pixabay.com/get/gc1863ca79964b831eea9722882b1a067b030499d97ad0cc45f61e04aae1efbd1f2122b6c537078afac230913c17082750e0897a778ed45644eee0acb56b1b806_1280.jpg
RAREFIED,refined,exclusive elite refined,https://images.pexels.com/photos/14776724/pexels-photo-14776724.jpeg,https://pixabay.com/get/gb89fdc32c55e6d035477a3eb77e2e981006bc0473e9272e81c8f580f78acffeea1ba0cab115ef34cc2dbb2bb78b08e5eae03119128e5317b687f9af6ff415438_1280.png
RATIONALE,reason,reason,https://pixabay.com/get/gaee04c2b401c1312596110e731f69948bddef4f7edf1a376e4e4616ebd4d8f7926aba6be97ad187188fd9d82e05692aa866c50a71c8e539c634f64f5dbbf2d4d_1280.jpg,https://pixabay.com/get/gf14c53d00c50355971487ec983c6ed143879839516f10b2845af06ac556de455a6e1ddab4833e3c80b4b920c7b8b7fcd738e5f566dd5fb3623c0fef658d285a2_1280.png
REBUS,puzzle,puzzle,https://images.pexels.com/photos/4309153/pexels-photo-4309153.jpeg,https://pixabay.com/get/g61935c2eb74ee1895d57161f186bc02ac1e84a72910ee577e59465a23da5fa4f338d20a84dfcef75b8f37d87672841341512f628fc45fcb7399782f8fee26480_1280.png
RECALCITRANT,stubborn,stubborn defiant resist,https://pixabay.com/get/g90d11d923149487e7008b8c55130eaec6e97f843335a448e34186c1c3e29d1e5eb05d4d562ba00934772ffccb53a0ecadeded69a932c9a222177fa3cd55db2ed_1280.jpg,https://pixabay.com/get/gbc0ffaa7d377e9ad53baccdbcbf9a2a1d1a3ee494894356c2648be2828019fb70c428cd1c4972da0e783cd145d98ab7bb1e3cae560f16f799a6908cad722127e_1280.png
RECANT,to retract,recant,https://images.pexels.com/photos/26988384/pexels-photo-26988384.jpeg,https://pixabay.com/get/g9d446a0cec69721c46cac0db3c2fe63b60abc109335e6de3415331143f66dbacf047c3572b82079d89eb859a1015e13bc243d02de986d33da8b1ff26063952e6_1280.png
RECLUSE,hermit,hermit,https://pixabay.com/get/ge70475faadbfbba34603c7fd8009794ad0126f69babce8855857ba0c3a9dbc4a9e06dd324ce4d6c934d111ba9118e2145e67d4993eee350ed3ca357d3030d4de_1280.jpg,https://pixabay.com/get/g779729e97e2d22138540741c2bcb58426ce0372c89b1261cf4e0e4a379c718b12e6080977a6d2e4b04afb49e98046becec2ad3d66a7726e12529d6e29669c8c1_1280.png
RECONDITE,obscure,obscure mysterious hidden,https://pixabay.com/get/g767bea0798c25a8f65625e1da2246c4d44f3ea12a4f69db19f05b8867845a1fac2e17753449f6c119abc7b8d68cb1cc4291cffd16dfe6b6a11674109fe3aaefd_1280.jpg,https://pixabay.com/get/g69d553d905c758f207ac3d75e711e7417e2a69339e1611972b0a3315658242cfaaa53780f71b02c9e2fd0b47da3da7b980777b9980b268662fd3c902e6bb3abf_1280.png
REDOUBTABLE,formidable,formidable,https://pixabay.com/get/gf8426333cdba769029b3a54b301efd809a75fb8f69929535589725e45bce742afb62e48021fe19c52dd7a8bbda97b9c0361d618ee67e6c34b90c759bbe81d4aa_1280.jpg,https://pixabay.com/get/g8ca9c55e9f46602eeb98eafa56e4e71e47418ad8a6891fc4ab3e61e55f9183f38fe2b23c6d77fc3e87007df3e1ddaf9c70920a1d7e136c6ae3eed4624a0387be_1280.png
REDUCTIONISTIC,oversimplifying,,,
REFRACT,to bend light,bend light,https://images.pexels.com/photos/112811/pexels-photo-112811.jpeg,https://pixabay.com/get/g3e71e095c6f9196e6b3882d29cba11651710d692f4a6e4533d37d91dc855a5893d575f14d9e007af74df83d417edee00_1280.png
REFRACTORY,stubborn,stubborn unruly difficult,https://pixabay.com/get/gb2b888fc0c64d7d2c625e00535dbb74e1160ab87551126df6c91111c75f09e0451717c05bdf46d21880eafe361d174fcb3d3514f7a78186ce6cc029147682896_1280.jpg,https://pixabay.com/get/g4fb1518fe88f0e7cc3a0baa5b373a36881404558b7016a92182b232c19a850e2ec3f144cf00e2361f8b3c79e2a57a3f506f688638e320ac08b676172821d6360_1280.png
REFULGENT,shining,shining bright radiant,https://pixabay.com/get/g4119ce18536d3b5ff1d310c3adc9decae07eb52bf4bdd62ab89a7820842efeb54d4b711a7b1c33b0f991e50dbe31571043fc99513b1f8b88cf019b605ed03838_1280.jpg,https://pixabay.com/get/g0b6827fa1748680bdf32a51b231a97a9b29ee235f7eaa481987d05c7a65dc5f6a6f1ae716851b513d44e692e9b6a4a9ed15894f9e3fe40188e5f5ae03e336b95_1280.png
REFUTE,to disprove,refute,https://pixabay.com/get/g56c61cd380d66bdec1a79019a2d2163133d59f38dcd3cf5caf3e2ce4e230eebeeaf91771746adc0a92c21961da1778ce8b4a93fe07f15b8f7ee058a3a836e3dd_1280.jpg,https://pixabay.com/get/g4fc7605c04a53f3bb59c20c864550a4a7bb72effa0a725c79b2eef2b8c24280920b731d88f0efa5cbda8eb66f8f15caf31291ea96bb44632f7440a40e32dad52_1280.jpg
REGALE,to entertain,entertain,https://images.pexels.com/photos/9069278/pexels-photo-9069278.jpeg,https://pixabay.com/get/g152c5294e059239d128a2345201ab3c1d2357eaabe092c5ccac69e8c21f49f133354f52ce4342a8ffc861a7b3425b4104dfbd6a875f963b2a386ae5415de21db_1280.png
RELEGATE,to banish,demote downgrade lower,https://pixabay.com/get/g9597e1c340b068126acf0917f8349c9790036e492e4d06272b7a32f94b3776dcc7da9e6639c2c0e705edad2647bd856af85c8d24ba12bc0841f1e00c2be209b7_1280.jpg,https://pixabay.com/get/g913bd21250b1ec743ecc4b0b0b168ed9b620596b0e632f115d0ad79b1433c3b80ac4f38921ebebd22b293b63cf697a5d_1280.png
REMONSTRATE,to protest,protest argue complain,https://pixabay.com/get/g24c5ff5b0238799aa0579f9cb985de7c1ac0bcaf356acec5f510302c061b180cb398332b853d9703bca6836894ea0e1e2a3f8e13562b929849c69964259c5934_1280.jpg,https://pixabay.com/get/g5fee6b40143e55fe10c0057b7a266d835bfe2abe1cac8de93c2de8c2008f6be3365f524bf9cde5c3b8344d7ff0d3c524da1227d7dcd6c0d3003ab2d12efd1f93_1280.png
RENEGE,to break a promise,break promise,https://images.pexels.com/photos/31743604/pexels-photo-31743604.jpeg,https://pixabay.com/get/gbafa2c19572f71cb3171bb565ab515047d0f88b73ee4a914cc63e1a203f0d0b1e1be2844feec9dd3a2ffeeacb75d65e831dd4a838f1419d15d972d6049ca56dc_1280.png
REPARATION,compensation,compensation,https://pixabay.com/get/g4347c577afd4f8ddad24780acf54c4704930a77078ecc7da1e18f36206e29f5c19d4312a4abbed8b97d2443d33a073d3244811134fdd88892b02419958da4e9e_1280.jpg,https://pixabay.com/get/g739621fcbf9a0f05e086b50e440fd7c5db1fcbeae11e002a9526eb4eb23f36a509546baef1d0aa1127833192773a3ebc_1280.png
REPINE,to complain,complain,https://images.pexels.com/photos/7640805/pexels-photo-7640805.jpeg,https://pixabay.com/get/g86e54dfcf7a7be5e42c248797a61a736f88a0bf5267d2ed84cdba83bf624edb005821ec20bc9055acaa6db7a3b72f42ea1607045d28a7e3d546209cbfb749348_1280.png
REPRISE,repetition,repetition,https://pixabay.com/get/g1ce1bc29ca70494e4dafce1a45e1cdae6acac814208906881021f4032b3dcfc6b93d8a6437e91ddec7f5b80ee7a78d8db8b6cf54b879e1c05db32825beb450b0_1280.jpg,https://pixabay.com/get/g96aa8f69b6302a2a3c1f9da75c96ac9dc8d1e77d951e7a61c22f41ad2a7499cd0860f9167eb8f8734af79c19ff145765fff813b416ffcce703b4f3e37120783a_1280.png
REPROACH,to blame,blame,https://images.pexels.com/photos/7640788/pexels-photo-7640788.jpeg,https://pixabay.com/get/gffa727dfafd9188f6790a88c5c76815cc55610939f52ea01aa25ba772eceea631fb75579026feb48abb858bb81f1c44cafa2fc2efd7498fe4e9ce62acdaf04f2_1280.png
REPROBATE,wicked person,immoral wicked corrupt,https://pixabay.com/get/g75e3c049c50839bffb4a9bd9fb4339011c43d82c0e3f1fc6ca5421d5ace61f8cac9eb70271cb9439e075bd014bc124206a66bf9e2309cef1695d5fb4886faa6b_1280.jpg,https://pixabay.com/get/g3dbcc9062cca9c0589e49c0c2a62e7a42823df865dc66dbe32a28db35f55962cf60667ba8b176419c327a974963791fff42f0e87f5d6bccae91ffa0034ce555c_1280.png
REPUDIATE,to reject,reject deny refuse,https://images.pexels.com/photos/23008/pexels-photo.jpg,https://pixabay.com/get/gd13659aa8b85105ccb575c8863dc68d1a05ba5ede5386d14d5280b3c22fb59a7de3cc71d97b5d526c47c3b125c32d676c070a2df5351cfa663d55a784c71290f_1280.png
RESCIND,to cancel,cancel revoke withdraw,https://pixabay.com/get/ga073e5461d32c48c5e2466d84398a7dfc5409f5038b6c116608427a156a804a39e7862eeeec0b3b7506268db15282be548583e3b2cc0b403ce067101a4150b04_1280.jpg,https://pixabay.com/get/gf113083acd8351960ae14ee5b062da99c3eb4e9218e2b7bc75e1288ee007269c2e2e903d96bf93a97fa66a4d2d4f449e_1280.png
RESOLUTION,determination,resolution,https://images.pexels.com/photos/7640831/pexels-photo-7640831.jpeg,https://pixabay.com/get/g7df7880619c5e9b906e3bf4b6281054bbc323c220518e2d7f07f090d5d9bfa21024042238801af06268092346ae5d32f76b6ba1538c064f68a50da8d91b3f415_1280.png
RESOLVE,to decide,decide,https://pixabay.com/get/gca3ce22def357a73a1d8040cd4db58cddaa036e06c170ae17c4e6c86a2b56936c6b73471df777ad4a2299276060cce573452972d13c2b38cf1aa7fd53681317c_1280.jpg,https://pixabay.com/get/g5c9a44994813d293d0081f1e3096e205b944bbca9f7cce1e41e0363c237ea0118dbb53ec7800be944627537653d283b3fb5b4d11a30de408a39d7502652f7695_1280.png
RETICENT,silent,quiet reserved silent,https://pixabay.com/get/gfba8466032b4b69aad26e45d7fe6f7d2f763d3e230f3759911d1f2fe2a72b6947147e1b614609889f0cf05f226c193c060cf84e0b74b6db208f8f619e2531b7e_1280.jpg,https://pixabay.com/get/g9bfc62f68fcc12c233e0fa5c7b060880fb51f595aab01ea64c2422961437ccbe278d6b49df4bbea119bc7bd3914aed1baac0630435f9ffcc457bcd1cdfcc9dfd_1280.png
REVERENT,respectful,respectful admiring worship,https://images.pexels.com/photos/36211999/pexels-photo-36211999.jpeg,https://pixabay.com/get/geb7bb517012630d2b1dc042271b4744c3d0824434260032f8fecb608e5dfbe195c4b24738cf53accf1b32c5a872af72ae5c745d601e38c9128ec65c6cdc48f11_1280.png
RIPOSTE,quick reply,quick reply,https://pixabay.com/get/gd01e560b498258d68f9d6ca4f523c1349307b9d68f94c20da5bbac3a8edf9a6a2190a61583b3e66f9ce64a18877cd0882a566c4f983de6e9e26a4193f3a09269_1280.jpg,https://pixabay.com/get/gd73227d66e7d5d1bff564e481c3b5d78e6d1014be6b1d75d9f3c4254bf670958bb432b0585cf1fe57336463fef8bb07d_1280.png
ROCOCO,ornate,ornate,https://pixabay.com/get/g6eb3553036b50fbee1b93873e51bcaa656d12cc21b7ac4bc14cc0b61285f9a2d68e7c15ec31e8553f13636e59c46a44a0f8d37891c57c4493928509f38f64b84_1280.jpg,https://pixabay.com/get/gb348cd08f2e6acd9a90401edfbaa7adcc23b0d72e50f0829eecb9f4bad98c8de1c67573b679498f63f2602ac8c2ac71d5ca78f45297eb301c68c40d0e30d0276_1280.png
RUBRIC,heading,heading,https://pixabay.com/get/g5be25872fb59374934c6d141cd24ecf0f47faffea5e29766e2fc7407ac8608d6e98ca476536d3f6a5ae545632a47224bad929cce601a1bf4f042901a490070ad_1280.jpg,https://pixabay.com/get/g9fb6ba74be666719314f35eacd1633ebfb9b190fe357adde1619d944721240a720a1b829350c7ad16201b7b128bfe30b78b8b0d60bd758bac0dcc4a0e58846ab_1280.png
RUE,to regret,regret,https://pixabay.com/get/ge8b8ea8062cab39ca1e4e9fd99bcfd9cb723d9070c71865ae619a7d6f481883d69f0bccc220c890704aa74726ee1970434c4b4f855e9031ac79208e08b3b3311_1280.jpg,https://pixabay.com/get/g9c7519eb3d99577df90c52f68af42a221e6b07dd1adeb3afdd4620fde96aae860d5505dfb0387cc1ea378de3bc661f240b4cf79735747f33ff09dd3bafa84345_1280.png
RUSE,trick,ruse,https://images.pexels.com/photos/2811476/pexels-photo-2811476.jpeg,https://pixabay.com/get/gb21282388c9159d918aab883efd32cf5aa01d2ee3a0a4dac7510f0a69c25af38df6890d43e24cdd27183e999ee5e3b47523c625c0d9de813a6123edb01219265_1280.png
SAGE,wise person,wise person,https://pixabay.com/get/g873bb2e48c3ec22db8c22ac000be56ca2486c1c1ddccb756dbf9dabe1c61943c59b45ecce42c3a895e797ac8d14077fb527d7c831b24fe2efc8128ebbd3bdd7b_1280.jpg,https://pixabay.com/get/g72c0ad9b94ae951d6e2300c4a191f8f45607e9eb462717ca4c75ca73a3a82b46eab69c683ae9c60ed15acd2100b980120aa3e5529ce67583437e7be48d253bb0_1280.png
SALACIOUS,lustful,lustful,https://pixabay.com/get/g8a3ba2f711fb262aa84b699ce3247b4a96b92fb41fb48d0e9faf41388e1599d2f7f199ef9bde50466ae3737bc1e90da679979cb48d6b48e7ba25795c84ed0473_1280.jpg,https://pixabay.com/get/g6a325340928d14ff0bcf550c2c27016c00704911284d3ad298d3a4a8f878426f900e08929284202646a5afe1f77103d6a32e57d2db7f28e55abe3238da7f3124_1280.png
SALUBRIOUS,healthful,healthy clean beneficial,https://pixabay.com/get/g0b2025559b4782978e7a42e6541c3c17c540b938b69d8158c7219c52fa145dc9c7e01ecd608c39718b10a08dc6303f0073ee658bd0a04bb8a1a60df4a146a092_1280.jpg,https://pixabay.com/get/g6afb132c903b8102ce46c70289c9158503d928e1403329cba531ca381367a417bf63b1c232778b8408edd448a68bb0d3a476f5752220a76abf9e11031b0f964f_1280.png
SALUTARY,beneficial,beneficial,https://pixabay.com/get/g567c84c9cf5ea8a86e9f649b593cfa8ec4c2a9f3bc737475e8d00abefac48358a1efd6f5010c2fc2cdfcb297dd3eae6b766c85d07f15383608b7f8ffd2b71acb_1280.jpg,https://pixabay.com/get/ga3372a350bd663e6bd9701ed360339b312511235aa1b36bf235ed590ca8e5876020a6da5873ebb4191c584c94395f82b39cea6abfa15b6e46961b2bbaef94214_1280.png
SANCTION,to approve,approve,https://images.pexels.com/photos/8831809/pexels-photo-8831809.jpeg,https://pixabay.com/get/g033af540e4519b9d3221f4dc8ef1323352e5f2a545d13d822e5db5ff0327170fd6ae81c15fddcc53f0b9d4e8fb4f7461aa17b8a4fc690ec8de889cbdd969e26b_1280.png
SARDONIC,scornful,mocking cynical sarcastic,https://pixabay.com/get/g37b29cbf6f8ca3909a51334fed41d0222737da2205342603bc4892722abfca29a10ce66ce540c31070579db337526ecf76520746c2b748d12ce96cc2e7def2d2_1280.jpg,https://pixabay.com/get/gd03c1ab3f7b4ac49bc16f08f642c9365fb005e1d852ad8c28c594f394b1517eec15bbf86f0760c7ebc7a483e0c8d03612e6f9ac491a6317a7355f0bb7298a7f8_1280.png
SARTORIAL,relating to clothing,relating to clothing,https://pixabay.com/get/g983992e3c5a641e298040c4b377b468f98f3e4b676241fa6a95d4f755ffb64b20edc67ff9cdccbf3ae6feae59d6016e02e9003ecf55282aaf187e4148b4787ae_1280.jpg,https://pixabay.com/get/ga145ed8915d4be3975e16aa9c33ae67bdce82568b678c67015458807afc9a06d4ba70e73d92abd115a657c922ec77000bded725b70c9e5373bbdb9b5218ee4f4_1280.png
SATIATE,to satisfy,satisfy full enough,https://pixabay.com/get/gc987425bfdad719ea51d9f13ee1e523a69da653e088aafc9c93e0298d4bfc9bf5b1dc2f0f453a87c177849014dcf3db2c2ccbe8f7693497b49bc82a660a95e4e_1280.jpg,https://pixabay.com/get/ga076140ea445e2350b9170d0c14e405af3b44873e9711f4f55f765a7297660b137909151d8e4d5d18d5b853ff0903024a57727b0dd675eb799264711f95dc41f_1280.png
SATURATE,to soak,soak,https://pixabay.com/get/g19e3fc246b152c43ba76e93b5fcc5959a1fc00081edc7a745c4a8d2c74b6815d262352dfc3dc1b69b23ef4c09ed92588757115c6bcc2fc170ccc08fd66b3d463_1280.jpg,https://pixabay.com/get/g20605306b36c4a082328c74e77f5f49fbc8e49b313714957e162f2f180dc55bc9b3dc131fa83c15ca92a21e15438c342_1280.png
SATURNINE,gloomy,gloomy,https://images.pexels.com/photos/5982829/pexels-photo-5982829.jpeg,https://pixabay.com/get/ged1d80f7a972a07de8e8c1d9600a073363d7708e49bf00144e5f09d90dc7f48da11c4e2b954be97552e0b62082953731971c272c3e177a82cb34f24503c6b9cc_1280.png
SATYR,lecherous man,lecherous man,https://pixabay.com/get/g3b401a03c005094d0a1d19cfab8ed9ba3f68d4ffe3f970deda50a90291b9086e73d0f2300bb79bbd1fc9537478b083eb0a521bda5df649f2f8e0ea22f3016176_1280.jpg,https://pixabay.com/get/g215876335ebc80d83bd0a8ab39479e42af11c332acbcbae77a054fc2335d928818cd20fa64487461d263a28a1bab270aa664a59ee6f93ab549bfa2d476678fde_1280.png
SAVOR,to enjoy,enjoy,https://pixabay.com/get/gc31477e28370086dc58b234a8d684ad11c1185aec278f07dcb3939b2a1feb64faea0a40bc17090ff832ad67b9ae8c95600d11b2b9bf481244c7b764bc1440065_1280.jpg,https://pixabay.com/get/gf1ba741f5aed37d500c1c7d9a45f991ba2dff31a43b8464112a7100d31c043d397bfafd21e4368b3255f70a63f0a88a5917060346f371d7d4c53cd6a5dd9e974_1280.png
SCHEMATIC,diagrammatic,schematic,https://pixabay.com/get/g2bd4fe721fa89a56a781b03f6e9f14160399fdba0bf2221848de4921b1b734962d550d4d303c096bee2b29101e045a51bbaa6ee0313029dcd30cc8a19fa4b254_1280.jpg,https://pixabay.com/get/gb1ea49d6b27447dca9461cd2347a3bbd99408139d95cc2ed8507962994e2714777f0bda387a6ded481597bd2321c3d61_1280.png
SECRETE,to hide; discharge,hide; discharge,https://pixabay.com/get/gc3ecc7f64899771c20099ebc6ea75334bb101607c2eb6b65b6521fc19293f0f9191e938a1ea2dcfcfe41965ed19a4813de741e01e3275131d824aae2e50f949d_1280.jpg,https://pixabay.com/get/g58a45c28d3080bf98a2be678a49e6e672d2e8a890de8f944aa9fbef3475acb5ccc271ccda25094030d747d0c0164a31e9a8c92adc77274dbfd895697fcd07cf2_1280.png
SEDITION,rebellion,rebellion,https://images.pexels.com/photos/5092809/pexels-photo-5092809.jpeg,https://pixabay.com/get/g9e0e57a33f64fbf9333fa961cc5c2ce9b4820bc3ac14967eb2fd9ee8250d6a89afccada19068317806ce89c67dd61335726fb582cd2d00d6ca8d2d08c658ff63_1280.png
SEDULOUS,diligent,diligent,https://images.pexels.com/photos/7752790/pexels-photo-7752790.jpeg,https://pixabay.com/get/gafe337bfd320607d1ddb51ec9fc3d15ade73394783364a6fd6979cb96dabbdcdcacce3cd13bf7fcd49fdce8413c5eb74b78f00bbb3077dfa5656fd1981545531_1280.png
SEISMIC,earthquake-related,earthquake-related,https://pixabay.com/get/gacebc528c4d6b9a553182062e83f2731fa4216cf5a48d2e48c88e571e42d5674843051d363c4fb88f1283975d8cca510015a79d80f3c1ec694fd2ae73a01d422_1280.jpg,https://pixabay.com/get/g363529f63a0a8ba90ba7066d3da36a08e96882d679c232fcfc01242695faa3ce394ad0225bcd2ba10e0e34686fc2e7dd195b599b09112b6b15eb423aca75fe76_1280.png
SENSUAL,physical,physical,https://pixabay.com/get/g667af3e5d782215d5a0968d4503ea46d997b51019256ed0679499f25c7af8280eca64fa6c5e3662f549f6c11f4f9d32e6e54d637009d8de719480581e4a31023_1280.jpg,https://pixabay.com/get/g1296179b7513678bfe97837acf162982b12e557478acfe3bfc3e68838bf1454f42388930fca6a81a7932ff06ad49042464051a1524a13c456d6953d2149f2942_1280.png
SENSUOUS,pleasing to senses,pleasing to senses,https://pixabay.com/get/ge8891eabd117efc81b51bbfe1942a7b7fb1025f5a0ba25c2ffc8c731771ac69f00956ea75954fa3742071b0c8de612821fbe37beb457247dd34940d7c989e55f_1280.jpg,https://pixabay.com/get/g593120f9e7141957bf0a0797bf92b784ba50528bec655ea8f4b220bb6f5c24e33f3d48767700f664131414a99b30c8f6015c3de369b123ea712b33b2b1ad0aea_1280.png
SENTIENT,conscious,conscious,https://pixabay.com/get/ga689d85d430cda1a71a48be4bc060528cd0d253012e14c253c5b80b5963560a9343865f2b844ff9ca43c746127a8018d53f1c9aa25f62b1ec5abb87d645b11ef_1280.jpg,https://pixabay.com/get/g54912a05681eb4495961665c76fb154ca51b2cdc9a35dd3a42567dd6d77fc2979f32594d087397ce7a5fc665249514b0149f0306c907db1968263266771d34b8_1280.png
SERVILE,submissive,submissive,https://images.pexels.com/photos/6756378/pexels-photo-6756378.jpeg,https://pixabay.com/get/g4fca116335a85955c06e5042c1179ad79548a78336fd4a1ca7af83cd7827cc9af2b03f4dd3a99a1a48499e2dac4b612a01b0159c375c873e9d5b78740bfd4b3e_1280.png
SEXTANT,navigation tool,navigation tool,https://pixabay.com/get/g0a47c1c62928cdf313c82d0b9e9b3ffa0a6c92e672e739e4200a006cbe2b14d259c7a96c58711c6944798e0379ebe79a956f7ebdf2dbd1eb38a9401612f04ca4_1280.jpg,https://pixabay.com/get/g0cb31996a6b3bec9d88b129f0651120218a0e507986f3bab68a3fdb4978f530489736cf23dd681234bda4028e90879c82e55a492eacbce43f121fe73dcf394a5_1280.png
SHARD,fragment,fragment,https://pixabay.com/get/g6df91894383edd9169044797c68f4e4150e56ce2d15875b4e5e43c13ef19b62a768c7920db6786867513de1b7692c63cba3b44d268bd9f44d83c9a92c7f96fed_1280.jpg,https://pixabay.com/get/g0a58c36e5d28ea6684c6560710eb3422433d08ee3b668c3642a60c533057a1434e775f7d1d53875b456a0244d33dcc9b9f9a681be18e151099904e347a68a66a_1280.png
SIDEREAL,star-related,star-related,https://pixabay.com/get/g9b75a2c35046a3bdcc3f1f0e6909fe1cc408e8f94670cdbcc4f3594077a19ec687ff658da13bdf7dedd08ffef3280b099b3e9a848ca909864217722246e30582_1280.jpg,https://pixabay.com/get/g698d410d4cc9c4a4302b74337e38d372e1f6657fd2325ec96c2fb216e8b8c6d0c16512e44b13543ef2ded6c0f7a6a626135e7e09be300c28e684dac69d66c525_1280.png
SIMIAN,monkey-like,monkey-like,https://pixabay.com/get/g2b37c98dfd0fb9059d336bc7dd6ded4399fca6b284ef0b2c01379dff4f674349197ec51d45fd537cfaf8e9f68e9c54eeca2aca356324b7a9758624f2b71d2cbd_1280.jpg,https://pixabay.com/get/g358a6eb2b224ea33771afcd7e464e6eebe7d315d882a6e9e913f80765d7f03d78f27c8cf6923da2ce705437e2aefc80906c57661c2c76917edcddc619e3efdfc_1280.png
SIMILE,comparison,comparison,https://images.pexels.com/photos/36680544/pexels-photo-36680544.jpeg,https://pixabay.com/get/gbd3af930a124fdc6d73738719c0eb1c4d25026b72c1153ab660eb5d40f82325cbbe4d7d059787a689aa78f7f2ab21a66e9c71aba5355975213f213f713898209_1280.png
SINECURE,easy job,easy job,https://pixabay.com/get/ge9f2f7676ffbc9fccd9fad0af524142619eed7c675ad34519522f1d3de30a21c58c3699e01ba96a6920a3f27f4f4077dbfd3045f61ec1fbce287fbae1586a4e0_1280.jpg,https://pixabay.com/get/gc2d03a4f1eff1ac3e261ad56c7bc7039037ad95c42869f747f7fab5b9095b4aa6fbf9f6431360f37317acd0c35158583908b2399fe3b4de0bee3a2f51eedcff3_1280.png
SINGULAR,unique,unique,https://pixabay.com/get/g406aff823667581abf6029d183450526fc4d2d46ae4f8f870624942a8b426db12e95f6feef22eb5f9dad011782b1b09d7a8370dd41b9dc84077dc585be58eee2_1280.jpg,https://pixabay.com/get/g82edd570d4e6dfec9877aa75879c7844159bb204574ee8396327c1941084d8d04bd94695e48d9cb3df02ded2882c7de938d4e76290a462db6865d1c11dae2d1e_1280.png
SINUOUS,winding,winding,https://pixabay.com/get/g73e09604d11fe688e12af0a01d95720498d898ed2cae12cac10e73f384ba6f20109c1cba5b7f0532695ebf21abe3be15d586025006b6cd9909904b88158ffd35_1280.jpg,https://pixabay.com/get/g5de424c4dd2632971be6a38e40b135120e7ffd1826e5f3a738271efc0b7c38a640d2aaccf6b2de1bbb18b45e115d27e45f8e0cec96b90372e7652e020a31f9cd_1280.png
SKEPTIC,doubter,skeptic,https://pixabay.com/get/g0a9d5dab3f982a8ebc789ed97fd384240e32120ddba0455ab299388b93429600dd18e3665ea6b295a26bb58b695e2e0f26c7c743cedfcdc12e4422f38a8bdcc1_1280.jpg,https://pixabay.com/get/g42ecd4367aed74dbf687d9d3588387367239e1d7127e38753a2226788d3713defb0f08625aabc0be363441fdfab8843ec33eab8e74b317842d86fe065667ff78_1280.png
SOBRIETY,seriousness,seriousness,https://images.pexels.com/photos/1689709/pexels-photo-1689709.jpeg,https://pixabay.com/get/g2af02c1c4da861f002f1f01e81ec8abc6ee8f7d56c5e4c8b395743ad148e1e7d5a03df41afc8095a816a63be07c70b0e1012566db42c3e73450bf0d9195c3dec_1280.png
SODDEN,soaked,soaked,https://pixabay.com/get/gcfd14ab1e5deda51746f709852a6817c3d26bbf82d0b76987fdd1ae9c42ba54ba86a3464c0037353b58176d90244ed262dbb2d2b1b1987017ba51e8273c48219_1280.jpg,https://pixabay.com/get/g78c39a56af53230a6e30da0729746fd62b6fd9f3aa018dff8510bdf60caaa182ab00e8483745563a955f3903aaa2e3a08674079b56d6e81bf1682dbade2637ef_1280.png
SOLICITOUS,concerned,concerned,https://pixabay.com/get/ge8ea6a78f5516d5db5d4964ffcc3c88cff6e6c37e39c030626274f5593ef259f1109b9bff3a31e34a02f06c6230448ec8a67f01789806f5db2d3afe368164588_1280.jpg,https://pixabay.com/get/g4d84b161a7ad16206c408e9d474855a73f9957a46991c1c9ecffeaeeffa05230d3debf5944125f8402353304eea89f53166399fd1d709c9fab9aec3af1d5a993_1280.png
SOLILOQUY,monologue,monologue,https://pixabay.com/get/g6f4bc7f5b9d8cddb7278dbeab2e05c8be8f310e1fb2c274670d8f697d9bf3f007bbd22e613a0cffee183ddf0b3843def7db11331c695ab6127b150a5b6978472_1280.jpg,https://pixabay.com/get/gf3ed37c4a0176ca0dee4fc0ab0eccdc8b007cfa21773a24979d140342c55940a3a6c0f663f28ad83d894b63c744f96e8f7fe0b7bb777b9ddde44c26c862fe4ca_1280.jpg
SOLVENT,able to pay,able to pay,https://pixabay.com/get/gcee2b8539d4c9ddd9018e6af945b021196175c0718f3c2785ff95c73a888391243ae19f20ee4c4c2e7f7af4c3986b112d4b85b6731409a381c1844d2a3b48c61_1280.jpg,https://pixabay.com/get/g35853ee18d0c018d6fb90c36bb13bda001f5073420c3cffbbaba0f499eb318dc4302d117214e2c22964c4c19c8ff21e9dafb957fa3202ab80fa155effaf70426_1280.png
SOMATIC,physical,physical,https://pixabay.com/get/g42e558a450d47bacc186f2d9ca2206fb5bddbf629e27212a59a41fb4e6dc6b87619eb4087a8ad21eb29c0cff03746e5f2a0dd33c759a730aa46aec5192df4d1e_1280.jpg,https://pixabay.com/get/g50840c6242ae17d1a57a3cab9d63ef84aaeea1cadf77ff8a766d4ff7866be144672b28d34a48926f48ac71aef59f80060197fd810e38797b46dc66fe595e5832_1280.png
SOPORIFIC,sleep-inducing,sleep-inducing,https://images.pexels.com/photos/9226780/pexels-photo-9226780.jpeg,https://pixabay.com/get/g21f09b8ca2140e284b4229a2fbeeca548d12e5021c9e6b2d0e3bb5da7e10e4378ff1bbf9c30a4d10fb1b1d90fa4de702ca0467a6565a6a0cc885bcb07cf14154_1280.png
SORDID,filthy,filthy,https://pixabay.com/get/g825742e1ee80be803e6af6c1432019eac944cc63fa4849f00b6e7b1a48a8fdab2cc55039683f45c084c1d48697b59b0502f93b7c4ddab8615e2f5c944f74dcdf_1280.jpg,https://pixabay.com/get/g22514b9d1fc1077ffd4b8b12c131bedbad096ae0c31c78db67be86e2ecef8797d658c4c9d1b8bcc8487ec7afac081d6931f9f9c922eba304acb7c9dee68ffd84_1280.jpg
SPECIOUS,misleading,misleading,https://images.pexels.com/photos/33224135/pexels-photo-33224135.jpeg,https://pixabay.com/get/gca65ba7619ff4c43b1a6b3b55f2589c8e4b8238add5799f9c978ba7bcffec0e1dd363d05436abc25112afe8c82563e2d2dcb4607ff8e0577d0b375fc86cee693_1280.png
SPECTRUM,range,range,https://pixabay.com/get/gdd66673a249c21b3854188cc9dfacab98ce31c29517ed34a3d5d0e8c66872957e33db4712dcd196815e279115f9fdbdb31c8412f3bef4a08e6784d12ba8e6bd4_1280.jpg,https://pixabay.com/get/gb13a6681d21416f4f5792b650811980561cec1b45cf23a0a3d0ec082d4a9ba146b9237dd71ea1637cbe6fbb87ddf01dd2999ef26379182ffd4a0611ac44970a7_1280.png
SPENDTHRIFT,waster,waster,https://pixabay.com/get/g45c14440f8fdc179c7350195c7562d9dd38e9116a42af8e2e48ded93e31f87f84d2b144885bd51639349752541271f9186d7d950cea39e36d4d1504f396648a1_1280.jpg,https://pixabay.com/get/gba7097d40758d82390f183679a1963813e1f2ed0d2f2ed2f99ac849c113b8183c513e755ae2cd2daa7151a20e4c6adb834e5c530b8d1356d5a116e8918280c6e_1280.jpg
SPORADIC,occasional,occasional,https://images.pexels.com/photos/30440152/pexels-photo-30440152.jpeg,https://pixabay.com/get/g2dc646712b4bdd266d4ba6802fe7b854ea77421ea1678b8b07834ccc4070b5e5afa7e40e845d2f417f4da922c5113daa8a5bf1d3ee74eb9ad387beb529309bd2_1280.jpg
SQUALOR,filth,filth,https://pixabay.com/get/ga0a4de6593c396a2c63231885b6c64df32fd6f9f87c2cdbb99be099c5b6346557dcd955153701c11aed168ca464f527e3fd839da1a47d379d493e388ded85879_1280.jpg,https://pixabay.com/get/gb9d5ea659f500e25e6dac89055c5536fd4a6d3e6b14ddbe00e489477bbfac4810d622cf8573c15562f659dfdbf62ec39b55223289ab74a7d5ed9b56d7ff94edc_1280.jpg
STACCATO,disconnected,disconnected,https://images.pexels.com/photos/1004343/pexels-photo-1004343.jpeg,https://pixabay.com/get/g62ed7ad780d8eb0ba72134d8e342b9d4055f25918494d6685367dea278e30691cca35173df912048289f4e41e9f4c1564cb7fff26a2c9409ab6ceddee87d8cb6_1280.png
STANCH,to stop flow,stop flow,https://pixabay.com/get/gc282eee3a0c4575fdd2875b5c4aa559bd5fd2c504783d8847a5e68a889635c7b80c0085c6f8538eeafd3843972e1f51704062789aef2c63385d359623114aab5_1280.jpg,https://pixabay.com/get/g33065017517c66061a83bb827fdb1c50742ee0a93f736e2bfce34e8a147bc2c1a6716484f011b38a3d310fddd6c8178eedf810aff1cd19912935a8d387d91d1b_1280.png
STENTORIAN,loud,loud,https://images.pexels.com/photos/12306437/pexels-photo-12306437.jpeg,https://pixabay.com/get/g05bbb7c2ea7f061676c08248752345e891b4fd36c1c2244092c9a059327721e29797d660710bce758ea27a60dcb7aa3912366c96f1d7b50cec7d5a00c9ac4609_1280.png
STIGMA,disgrace,disgrace,https://pixabay.com/get/g1471f861a3ab217979468ae5fa494e387b5d367fca5dc5d28068dd0a2dc56a6fa06bcf7388cf2402b1479336830133b265edab677799d36c40b9ef8e4e3d472d_1280.jpg,https://pixabay.com/get/g66a7b3bde10a9d2a8d71c2546bf6b72b9f4e4037e3a4f6c2f4feb9a861f427bf81ceaa2c6a20f153f8a89b18a95151a1d276cd5a4a4eacca96ecf3695062485e_1280.png
STINT,to restrict,restrict,https://pixabay.com/get/ge97be4e3df29922b2cb37c5fc419073b685d707b31cec1b02df658bfea465afb475d630a87faf0ca21e1afb1d220d44ae993d72ddc8f5fbb79c04829a3e460bb_1280.jpg,https://pixabay.com/get/g8de89a5eed630633836eda76a57f600c7a7489e884faa7d6efe31dd15286561c2a67efe2380cf3a98d8ab26a6d38b805a0715399b713872a2039ab01929d3456_1280.png
STIPULATE,to specify,specify,https://pixabay.com/get/g03e0f76df3bed06263d1a04e586d2f9ae90b3bf34e0f90404c86ceca7837c8c7c8601a2d23872ba7c3cfdad91806dd19a0790c9a348ec209127aa092401a3fa7_1280.jpg,https://pixabay.com/get/gcccdd6c40fcc19308414f769b265b1e536c013209c9dff5099ffb1f927b8beb201980b8fe88949c2b047fe91e77ca8d0cd7767033bff777e782d272340b22664_1280.jpg
STOLID,unemotional,stolid,https://images.pexels.com/photos/34955116/pexels-photo-34955116.jpeg,https://pixabay.com/get/g3d776984ddf727d3bcc451bc8c820de6078475b1bf586346c9f6a9321404ca7886b808742ace8752ac751e55114aded0ebae0a8adeab628be20b6a7e0b2fcbd7_1280.png
STRATIFIED,layered,layered,https://pixabay.com/get/g1f8231859525002ebc50e82d3beb06f92e24677e95c59612e51c93d942a3440caa368ac127cd7e9081cf7a3331036199b16afb173c79dfc07b2a165d86e09f84_1280.jpg,https://pixabay.com/get/gb6fe5ed563e1f0fe69a94ca4daa3162de4553963faf4acea11e87db5181dbf5a7cb3c9fdd525493b8acff5f62431697eec5e15d9c9b54a1edd90503c569159d7_1280.png
STRIATED,striped,striped,https://pixabay.com/get/g7bd8a4cd92e8b9aa801a3475788e249689be2417c47b7546ad99323a8242e45faba4d1a7ba9da05f6296a61c560c6f63455868e6a5bd182412c57695dbdb5621_1280.jpg,https://pixabay.com/get/g69d4249fda2f20273d6a00b16c0990ba17fd406b1a8067b4c553d1e9b9e70e675ba2f96b64b7482aa5c4ea1f5fbdc80de13d285b43fbe53ff73d16cda15c5013_1280.png
STRICTURE,restriction,restriction,https://pixabay.com/get/g0696b23a7086762600cdd1093bcc1e251cd5bf69840c7b3d3bb95be59b66fc4e1a0f6cd26cc83ba1aadf0fd946299abfc692a278383679e490da0f7b05435107_1280.jpg,https://pixabay.com/get/g05fe7ddb2b96fd150e9c7ff1c438b22a0cd59f87b29c7f49beee71c299f5f38167abf8a9a4cbd34760cc5a9a2d468f41fe962f4b92bfad492ba84f5d20c5d986_1280.png
STRIDENT,harsh,harsh,https://pixabay.com/get/g6f3fd2455008fd83776db63e6c26755e5cedbb2927119b22f6ddbddd1c69157c876b5ffcf47bb1a2e8d6d5092c520fc848568add90c9e47dd93c8cec6ededa56_1280.jpg,https://pixabay.com/get/g0997e1f755e7070949af9b2d6116211d867b738e0df93277d725d70dee15f630d6492eab6bbb34caded78ab68c48502b3a96694b5467343d8b57eef7181b5744_1280.png
STRUT,to swagger,strut,https://images.pexels.com/photos/27298414/pexels-photo-27298414.jpeg,https://pixabay.com/get/gf54278ab569d30994e5c3a38330694f88ba22f273c5115d6c751e31c26e1cd861afa546ba5a7b43d28c7da0221b7d59fdec96e8b5ff62ee146bd4ba64d19a004_1280.png
STULTIFY,to make useless,make useless,https://pixabay.com/get/ga78bd5e4dceee2b828649f5478cb5456039364180d56d907a592bd2e79fcfcb393b13bae8d2a43337bb540b7f06e221df594cb34b2c9fec9f5f7b8d556a20d8e_1280.jpg,https://pixabay.com/get/gaf6561782d006b9dc31e10b2965d0068cdfdde930ff0a35617106b0d7afdbee744701758374d41c4691ce1ae0b4ee9bfb54c1d22b78c2179eb55acf269d697af_1280.png
STUPEFY,to amaze,amaze,https://pixabay.com/get/g4d49fb953c11f531292ad9efd74fd1b1c034caecdda5bbd7f7d4a804bdc8517e132ecc26edd2a947acfe8f5b0e4cb67fb4e2e7026677712182bb816a0fafe5f7_1280.jpg,https://pixabay.com/get/g7a490db00217fdd436a6773a11d900f9a98ea76ec833105c19fe541313fbc518b56957c97a9fec0893c6f5ec5683a27340ad47806049a45c94e991828ae99252_1280.png
STYGIAN,dark,dark,https://pixabay.com/get/ge9efeb4ffd52fe570972b14c78a88070830f54cc2290b00c62a2e64a9720d60efea25dc3f6d73ee22d77934f48037dd63a664369c03c16347210fe66a109f111_1280.jpg,https://pixabay.com/get/g406cdd853854468de693de11db7881d925a2c865141056ca8891160e6f1803811ea90e491a44402c7053cec9b47dd35191b17c3a54f98c48a8a436a908059d33_1280.png
SUBPOENA,court order,court order,https://pixabay.com/get/gbab7b755bab4fc80368725b65fb76dcb4087d2b1bd2adb6c5df90a8b2c48b824d1ef0e6b2a9d273c98e2f66147cf3349698f0dd20144c99f2f32bf278395ba4b_1280.jpg,https://pixabay.com/get/g965a4cddd53744b95509f770757eda1afb93bd63b22ebfb28f5b092b268a49daf76e29d1f8b9c6c3ded931ce88bdbfba84fb8f8cfb3362ba1cb40b9d8c7ce01b_1280.png
SUBSIDE,to diminish,diminish,https://images.pexels.com/photos/2480397/pexels-photo-2480397.jpeg,https://pixabay.com/get/g219c5ef7310bfdb20cf5e72d6534c8b2d05fff7c3bfe7c5fd0d72eb57cdf7cd1e5ae25b0602d1d8b717993bd7402a4a8a56bc8ad12bf3c5c0c44126e599fcea9_1280.png
SUBSTANTIATE,to prove,prove,https://pixabay.com/get/g23c367388740debeeb59745f192b97af09b54844d9e1381f7b0f2e30ec800be36999b300e0b14a3882acc5a883b618814c14b9d4028f93e8df0e0763e851ae62_1280.jpg,https://pixabay.com/get/g1f603c38e3e29d25212ec3c41928d743617f5ae354156d3da86780f0241bcd66cef547ce76587018dfb4c0dec93ca2f71f388c9e71e40f83ea25ebf23cd17bc9_1280.png
SUBSTANTIVE,meaningful,meaningful,https://pixabay.com/get/g1aaf61ea171639ab7d20a41fbcdfdaf7d378d5526a60c1ea4385c27811e2d14dc719fd04aa045fab06f9ff4fa7805ed2eee4cc9bea62c987be4014c22110b1df_1280.jpg,https://pixabay.com/get/gbfe899a69fa0642ca8f37ad9744acf93d7731973315bdfd89746bf8a3a5ba2874ecef9ee69bf2a9f2747da9601393084117d5a4f1474f609672fdb81995f0cf5_1280.png
SUBSUME,to include,include,https://pixabay.com/get/ga09f5628b0389a33b847e4f08aead76539e8bdc616f3c6b1a98f8161d879bd2669256714d6d6711127b020e28f7a0129404d4b58b65ffcdde1fcf42932eef26b_1280.jpg,https://pixabay.com/get/ga8760e9dc6f365b70e9bfd5c07b5e37795be0604ccb43036d689058aa91310c3269dced414b77590ce100da1f98e632ccd53433fd93bd7e6a9fb3d894a62b33d_1280.png
SUBVERSIVE,rebellious,rebellious,https://images.pexels.com/photos/7045185/pexels-photo-7045185.jpeg,https://pixabay.com/get/g7f9bdb64abe864e498b15e26608cefeecaf1f301401fba116ca63494689fd28b0936e98ca35b5697949e157c989846f07b2c0f8a06c73057c906406b079f577f_1280.png
SUCCOR,aid,succor,https://images.pexels.com/photos/9817392/pexels-photo-9817392.jpeg,
SUFFRAGE,right to vote,right to vote,https://pixabay.com/get/g3cffbf19fa7610d42fdba6ddfeecff2a42c301fee096389237c2ca5b8c742b5bfd7c440834ef3e4210a56b55fb4e578f90d1a70c6c63a4aff3b50d87df6f11be_1280.jpg,https://pixabay.com/get/g7908c0d2f6c2e44d1322e0f617b06d71464e038e4bd8f10cf0bf10bc63e4c222e644ed392a142330bafbc7ddf30e8f051544752d9e890f7f751de0d2cf1c1d87_1280.png
SUNDRY,various,various,https://pixabay.com/get/g260f7e4ee5d7b3feee502f8f6134b032a53f1873c42f87ebf8cec39914deba1c70e82b1c1f9a9134c8afbc05998e737e00c82349e973d2c70a2fe0d57e6ba4b8_1280.jpg,https://pixabay.com/get/gd8d5461d6f89a12aeaee5fba8dea21c2cf7f5b6de58e2dc28cc8300ce431aeb1acb2e18a2d80702485590cf62ee7d48e028e62d66077ddd2b79027f726a693e5_1280.png
SUPERSEDE,to replace,supersede,https://images.pexels.com/photos/32116006/pexels-photo-32116006.jpeg,https://pixabay.com/get/g4c96ddfee1a2fa0307d2e44aa928bb7bb3803a6105bc16edd7d5792a31427ec82e41dc503f09a1878f4ba4b4f643bdc83a197526b0aa9e808c7a1a997e4b4fd6_1280.png
SUPINE,lying down,lying down,https://pixabay.com/get/gbbce62afdbfb312aaffcc1c352d402cb767b2c80c4b9429f6f3222f8c24544d7c02fff92c3101bbe4fbc229c936d0ccf11452f6ffadcdfc2c903f0d99cf56be5_1280.jpg,https://pixabay.com/get/g519fcd5798f9e6abf2d2ee78463f8fa877ec54ba242b22e08c833944e0dabab7e48562eb7e1dd353fb3e650dcd459d7b_1280.png
SUPPLANT,to replace,replace,https://pixabay.com/get/g92959ae6e59fd005104713d4f9bdeea7e59dce8bc6e361a4f5c5b5f7425df91b3f39e9a974f990b0315c67a463045dc87cb3b5d967e3126a16078b908e8fe345_1280.jpg,https://pixabay.com/get/g0ef1b8f7577f2bbedb747dec13a8fa5d22a992e13888d5367e605e9bf00086d0c37385ae32ada5e0b830407fe5c6e872f44ff7854f1441383a9fbd5fc1bb1ab4_1280.png
SUPPLIANT,beggar,beggar,https://pixabay.com/get/g6be4d217d7877cacca4cc6a54211965692646c94fc13cd97cee145f0a8d511d440ce2b451cf9dcf8fe42e57ec197694b16e0fc107b6dc2df97723ff72bb4e98a_1280.jpg,https://pixabay.com/get/gb5cb30a20336b2a6e0ce83e8ff978432f2bcc023ade62e46ed18a9fe5aca39451b68763935a6b020dd8a066ebfc3312ddd4a61e45c52190c9906c2dd8090eff5_1280.png
SUPPLICANT,beggar,beggar,https://pixabay.com/get/gb3a20fe6ca1a6ebe81f026e65672c7f70b147af4f531d6495b05e57211053bdd412475292ec7485d215a67ea41a3f3e531b6bc5ea2e1cd2cc8ffe64438c3b326_1280.jpg,https://pixabay.com/get/g8da6616ce450cb4b89638d2aa736a7ae50dfd22593c253452d6a65fbcc3cc1fcc5bf532b78c7244f0144eb5f4d95d09a08894564b01007808f0aa3c05edcbb80_1280.png
SUPPOSITION,assumption,assumption,https://pixabay.com/get/gee25bd28010d59f0b40d62402f5c8238014bdfc7cba7d48735de5f31c0d8cd0d9a6568861c9188fb1a74aae3e3ccf3e21dade4f98fc2e1e952c329ba06fc0b06_1280.jpg,https://pixabay.com/get/g4d6ed6492502cadc50060e476ff01ea216bf2b5b08a833826fd31cabb4d5457872df7f613ea6bc0dad5f81c9264fd61b7fcee632597adbd2097d3f96301d732e_1280.png
SYLLOGISM,logical argument,logical argument,https://images.pexels.com/photos/7640831/pexels-photo-7640831.jpeg,https://pixabay.com/get/g816571f3378913dfd83dd2b948cb86026c8ad980e4da8a5c37a55b4295d328f77e89b3f4c72667625fff17dc5079e2add8a98953b1788c3046c57a1da2c62c0e_1280.png
SYLVAN,forest-like,forest-like,https://pixabay.com/get/g39e3e2142365383e60a502202e336b51184ac6bad6600923e099f883127dec9cc5571b4f0d7d27518ba47e3892a826434a2445f36ca580d21ebf2e394cea0eb4_1280.jpg,https://pixabay.com/get/g4aed5d1a809cc910d0676e33a1b6a62dd4530d668de491342702872cecc38c909e2b2f5369fe73612e4b0700042ac3c6e2786ad670687dd1e9d660ceeb39be23_1280.png
TACIT,unspoken,unspoken implied silent,https://pixabay.com/get/gd2466104416b4d67593da711cb9fdff88c63a2d11d89232ca94aaab8d350058f02657582f0c16d8e64bf43fc5f743da022621b808c9625456958a367113e6fe2_1280.jpg,https://pixabay.com/get/g0d349ee8254790c7a04af09e0fc3c8509ce2d39a46f3b4efff875100d4706c4fc2ecd0a8a9e1fc9d7e50f14e94a208dec8d7427c2a3483472a573c6484915a8f_1280.png
TALISMAN,charm,charm,https://images.pexels.com/photos/29193427/pexels-photo-29193427.jpeg,https://pixabay.com/get/gc2ce9749315935d78b163ee3716159baaa0be86bf4bf1c536b071342cff9831f3f94662aace61d5120c9957a1449fe54d4017fbfc5ea502176005a1bb03bc2af_1280.png
TANGENTIAL,digressive,digressive off topic unrelated,https://pixabay.com/get/g2e13336ce377dd078e1d456ef6aa1277ee1f13cc7ee6766ffe5e536ffbc9d92175750bc6338e25dc5e6c09aab55ef944_1280.jpg,https://pixabay.com/get/g33d4747635991a837f375a3524dbe23d96acb3375a2fb395b0eaa39bc0165b5460b3fa7610813395b57d9d5e3f6337ea78ed8593c939285ca7380a74f2a035e8_1280.png
TAUTOLOGY,needless repetition,repetition,https://images.pexels.com/photos/33672292/pexels-photo-33672292.jpeg,https://pixabay.com/get/g4a87d57bcebda4a1b672a5d3b341d93b5b2468e95fcc500bee9995826133502e118a0468ef3522f4ad76a61f4000072ae433c04a44e6cebb97bf72eb94f81110_1280.png
TAXONOMY,classification,classification,https://pixabay.com/get/ga605028dffdbd2762c83c07a5a2c7bc7c48163af5ddd201eb21764a492276e0a790e2936870d68f0ac67d3f83e88088bad6147d886ced057e9099da670af3246_1280.jpg,https://pixabay.com/get/g39411ee5e795fc2fe8bf9bb3a493e97040b150b95c786b8c007bdecbda3c3636828a9e1f325d969360554e68de430582094142ff3621513afb09d44b8d95fbfd_1280.png
TENET,belief,belief,https://images.pexels.com/photos/6756378/pexels-photo-6756378.jpeg,https://pixabay.com/get/g5c861475d586c7f7e1c7d902e64785bd552d3f4471fd7a77a5bdeb990fbe2816a39075af4a8170c5774fedf9ebc4e259d23c5db13e740d0a333c20c992be2611_1280.png
TENUOUS,weak,weak flimsy fragile,https://pixabay.com/get/ge422f0b02701b3dace4d7196debc201566d1b38ab208c26e3d4fc500efa0d00952fd60ffa4c2737495621d1a2ecc6a550e8462a248b0c9ce92bd20d271d4e935_1280.jpg,https://pixabay.com/get/gcaec73990998667e46fe897a58099c468350dbf6ffb52545a0d6f72311871ba84f47b450af009b5f55f4a203534b283664be3a6bb743dc04fb3330712048f8ad_1280.png
TERRESTRIAL,earthly,earthly,https://pixabay.com/get/gcdff65013dc9bd40ccb1377058ca86ef02bd977f6152640c539cb1ee751ddbd821d576a332e7b8b5906df51f12349560dc9504c05a870de8ce9695e3d3a4c533_1280.jpg,https://pixabay.com/get/gdea6680d358fb889a83902e7233066a18a2032ecf4779fd581bd16dcce541b5b49a63a6f3dbd9fff407d58dcdb7346a58f882d5fed4d8beac8b5715aa8ba9779_1280.png
THEOCRACY,religious rule,rule,https://images.pexels.com/photos/47040/meter-tape-measure-measure-gage-47040.jpeg,https://pixabay.com/get/g13075f6519d80f884a5195fc3016db3a7ab5f352ade142be6ca75005e86e7e99c0a4bcc409d99f86431358904b0d0453f59d001bbb54a3c42da5b1f4c741182e_1280.png
THESPIAN,actor,actor,https://images.pexels.com/photos/5308640/pexels-photo-5308640.jpeg,https://pixabay.com/get/gd0a6b7a10ec373511556216fe768afaca53ab9f57d71b344df8930fe62c71e8912c99064e70fae1a9c463d039f62e523260dc1b3ed782e4cfb4046ef945b46ca_1280.png
TIMBRE,tone quality,tone quality,https://pixabay.com/get/gbce401f442f38be444701d8de74aa59737df8b7cf18d9aa432833de7dcca428be5a2edc4d1bb2b65cc8b551c7cb7dfe9d7ef1d89cf40b66370fea4a42ce30cb7_1280.jpg,https://pixabay.com/get/g8fbe9de5b204628dd7ec8cf9cd7f6931a4d9493a51e79333aa9a67a7998d9719db42de30700d1bfb1eabda10d4aad1e61cb4401f732dc072e651d894f2cef586_1280.png
TIRADE,rant,rant angry outburst,https://pixabay.com/get/g2fa7c488a54350fa331c42a8aa4edae0e556418325c145e99147c5bfb0baf34dbbf4eeae5c779cab369ae4e8da28b39040cbb192e7f24431f124121dc6d64784_1280.jpg,https://pixabay.com/get/gf135e5a580259097b169bc1a8ea74b89ec8439da8b5139726e5f411b6c9ecbbb2dfee2fea3347ca25ca3ad59ecd5be46e051e1505314bd121b801736fc4200eb_1280.png
TOADY,flatterer,flatterer,https://pixabay.com/get/gb572bfdeacf1cff522b0cc5effb93de018bef8de99a6420f628b9eceed84ba50c8a7c4e341b8c8315a6d06979261a27ec2fb71927e788834fcfac428d3b8142d_1280.jpg,https://pixabay.com/get/g55cdb14ae6e2de71c79c1ebd1877ab2335b85193a7bd60b1bf1ff44aa73a1219839d8aad524ef3a71f29aaa7830f0edadb7afd3e99e05a9559230890e43281e9_1280.jpg
TOME,large book,large book,https://images.pexels.com/photos/8091191/pexels-photo-8091191.jpeg,https://pixabay.com/get/ga306632ea74eac2ac83da9d2287e6fee0f0018b6095bedb6a0b965e577afce6fe7a57dd7a8b3f6dd6b0b94a404585a96_1280.png
TORPOR,lethargy,lethargy,https://pixabay.com/get/g298defd5910e36c9eadf36fd54d94cb5f2d4b8951580f232f34467def3a34cc3ca2b7a3125e4984f628aab3948f5e8b95af112fb50f8b2126c36e9815b1459a0_1280.jpg,https://pixabay.com/get/g3146bc4d9dbce956c028ba4d7e6cd08e9bda7e38279361683617e2d6b377a510993d4eef566ca512d7e8c2ec61d0ea2d32385f1a05264857a457ca677b0bcd31_1280.png
TORQUE,twisting force,twisting force,https://pixabay.com/get/g59cb241bdb115986d34b90cdb96b261ee92de87e3cabf87f7d52702e7c115fe4a8e9da0a7d9dad5c4015681258c76d6d_1280.jpg,https://pixabay.com/get/gdca5c02b4d982432d97cce86c9a0b3f56a3939c0e6586d3063d2e9602a645fbb63d89bfa41c9842b1b5e49f8f3110c5ffc59295c45d86c9d0255fe543756f741_1280.png
TORTUOUS,winding,twisting winding complicated,https://pixabay.com/get/gd49d027407f3d3e4122edb2f3914c19412cb6d9471a982075d30d183d892c149b26ef817bb9ffb8727871d32ccaf0389e8cb5c3e75c2cceb4d2479c76d6edeae_1280.jpg,https://pixabay.com/get/g5206f61cbb56291a142049c8af162aa5753b34e820ea832d80353fcd28be5f565b1abb6c581689d88cfbc9d7c0878a44f8766780616368554358207eb120032c_1280.png
TOUT,to promote,promote,https://images.pexels.com/photos/11690682/pexels-photo-11690682.jpeg,https://pixabay.com/get/gb28da408a4a23f337ffc6e707be850dfa25908d3d8ec385ffcfced8331722ff62a1f63b9fd512a4e3a38b6afd2dcd48915aa017bb47e1c9c6fe238e54b7ec851_1280.png
TRACTABLE,manageable,manageable obedient cooperative,https://pixabay.com/get/g616267f4fa0d787239874ece2e70a692636bd8f5171036be25e04ca919b530c58161e434a6ee22e4d5458e8f1f5c4a00f49b99f81775eeaecca67cbc32a2cf3e_1280.jpg,https://pixabay.com/get/gef6b8801236da0949e1f8f35ac21eabc4998beb3527644d4eebec536f5a5dfe798d3de416530e559d3e163c6782774eb_1280.png
TRANSGRESSION,sin,transgression,https://pixabay.com/get/g205d1601956e6442c98cbbf2e8993b2f559aaffbe80731316031660fc9a75d75e281d6bad14b4fea6a096b9fbca817ce278261177e4b10cc45499c13dad8eaca_1280.jpg,https://pixabay.com/get/gab209826b64b7933a4ac2c8b5cb5761f8f176ef651a50c5a629d20bb53f15d0b5f5f8122f8db49a139acf17c6c1964639e8bd6ae3a7cc20a9ffd0ff5d1605a9d_1280.jpg
TRANSIENT,temporary,temporary,https://pixabay.com/get/g837812ff801e099229914eaa86e51e0de74ab3a0b7f2ccf34eedd9bd6e4cb61a9482aec0596b11eaa166a1b5c059f5dbf2e833a71e723fa049aa5632eaa58b34_1280.jpg,https://pixabay.com/get/gab8425bf8779edbcd13d7f79336c5918751914d372dde06dd07938b6ab9672f16a735e8c02b1178d7f8c1eff54308a93_1280.png
TRANSLUCENT,semi-transparent,translucent,https://images.pexels.com/photos/33926882/pexels-photo-33926882.jpeg,https://pixabay.com/get/gb47d615d7464950a169bb01afd501419b4733462f8ee1feaaaead1d209041bf79b622ccf4434cbc8a70ab9c7840f4f6c108771ceecd9a737b8c918da251c3e88_1280.png
TRAVAIL,hard work,hard work,https://images.pexels.com/photos/16552843/pexels-photo-16552843.jpeg,https://pixabay.com/get/g6183d8ef2a6b7c32e5aecdbd2e890237de25d6ce48945778c00f1ce7e0b1f0e5225108334eab4faa05cd20976c6415f7a28c1681bf63a2c0fd5a27befc76bb6b_1280.png
TRAVESTY,mockery,mockery,https://pixabay.com/get/gffdbd33c3d46e23d97c31559c746eea6f8f94461a769ad89df4c453ba0326a9720faa34ea20ef7b9a1277664bbb677c960f5b3ab5e831d73cb4af1a2b41aced9_1280.jpg,https://pixabay.com/get/g7a2961d2c83fd9540bb698bdf1326f44163162993f34a834b846d9d200f861291ea8a73391c150ce065a0d88e0b01321d199312d55087468395d5d249f973149_1280.png
TREATISE,essay,essay,https://pixabay.com/get/g11cc782b91f78f5d680a4180b7abdc14f8ec750817aa9f9174a8befee3e1de2e0d7a2666b901254c60fa92def17c8e6a66c7ed2a26a1b9b5648a9ba82ae58da2_1280.jpg,https://pixabay.com/get/g31bffd411fcc1f51e038572f2aad154be33537873371c7a07f279f5f3dd4d2d6864e8f85a148af4f1108febbce0887049e50fd7756d8c96b14dcbedf2e587c9c_1280.png
TREMULOUS,trembling,trembling,https://pixabay.com/get/g6c0c86907faa7cd5be81a2cad0042c77f75376f9e19075abbd51a306b387d8dcea48d576596548aa7b68369bfd8aca169650f1bf84693f09a43213c378843a97_1280.jpg,https://pixabay.com/get/g92130732dfacb94d4c6cdf0cc93321f3558a5b2ca1ccbf09d1e70c4a4672d6fb5570d58eac4958f29b702f7f440f45a02773d88be96b50c12746827eb216e165_1280.png
TREPIDATION,fear,fear,https://pixabay.com/get/g285ff27a5aa5a03695f3444a86f180d58e1b6e8a3c6463150cb5fc2aab6223d224edc49a552c780fefcac6f10d6288a9b6b6be432f3e0e6d886bfece60f0d9a1_1280.jpg,https://pixabay.com/get/g0fd25849b73a7a4797a74523e610fe95f4064e468b1b8b69d294a960cdd54c789d9bd511260bf750176d6c14b5ba42dc3f1734594b6cab72c501d03a41fe15bf_1280.png
TRUCULENCE,aggressiveness,aggressiveness,https://pixabay.com/get/ge225b1ee64289dd63be8865bd828f88f9f1dd8b0709c978a2dc282cd14fbdf98c5bb45d3efb67e7e361f646fb67cd9c6f044a5694e010368676f60dd282d0c68_1280.jpg,https://pixabay.com/get/gba51c4f24d29edc916fee76458226da3ad3972820d92254bc28b6521644240b59a099f91d4d5eb3536ded87c2692fa2f_1280.png
TRYST,romantic meeting,romantic meeting,https://images.pexels.com/photos/33820658/pexels-photo-33820658.jpeg,https://pixabay.com/get/g8ccfefbca814d99089e46d2b92d960f0572e15a7a51fed6718dbabd4e0f45daed285ffbec52d90c05ac97a03c67bef35307ba059b9d4066d11ea96227a39e8bc_1280.png
TUMID,swollen,swollen,https://pixabay.com/get/g41cd3ce40eb5b6fe7f13ae21310c793474bb6041778980acc9d4d07cd056fc876f9b3f2ef39a2889b00e07e8206111cd4dee1d82c3fb356da56496f75183290f_1280.jpg,https://pixabay.com/get/g90214055d92bf2e1a74313c5793437292cf9d9aa73d6815b47d971deff14cd666fff7785bee21b5a0238cece4551bbd3d5a994a12ab0ab6a22a191eaa034ab98_1280.png
TURBID,muddy,muddy,https://pixabay.com/get/g6d35cf8f51e8b8165909a207cff8859cf39afc6cb1dcd5457a616f890facaf104de22be0989570328e190296200ea5cce2ace50b2cd8a14e86d11b298b2c6a7b_1280.jpg,https://pixabay.com/get/gea99d7d996965718d4a3622bd4e101fb08c25e1e862f4866a0a3b524b697feb44f0ed626ddbbe1e2de3e3893daa1e189ef25f40b3963e0d15ff432c1f7669b8c_1280.png
TURGID,swollen,swollen,https://pixabay.com/get/g190004f0c97df95c267a4f363032032d04e99811ef2980b41d2b59c70334cf555098e3843277a5cf43666fbe6f3db5fb69c449edf6a089b7d7d2e49bab11794f_1280.jpg,https://pixabay.com/get/g221665c617d7c884961c2808f7c54188290f5c332ddfad3ac86f7cbb5525d7627ab9643ccbb45d7505fd49d6081baa24932dec29b13802294feb4c8b117e0377_1280.png
TUTELARY,guardian,guardian,https://pixabay.com/get/gd4a10c5c58dae1cdceccb92d2c531c18eed84dbf921c6d4116bd2fc40c68e69dd2501fd11c0a6d18180b8ef0c899a53c4121773cef4d21fdbeb51aa992f2cf38_1280.jpg,https://pixabay.com/get/gc37a8e18f6c08cd966747a71f7640c1e7afa1ac7ec7a713a8529f78809f656e1775c47a88f3daa98754cfe79cbae04d0cc6263e085ebe78cafaa71e4a2f1871d_1280.png
UNCANNY,strange,strange,https://pixabay.com/get/gc9fee5c18c4f3b44d55e26a533721c4d8ae1ee522c3720dfe5541a8a9f27fc9da52e91eb1de83636c271b4f4307a9a3178a798399b73b62dcfaa5f01d8739a91_1280.jpg,https://pixabay.com/get/g3cb54a2feaf2b23d513f533c3569aba1f8caaa167a72e4e795f8b19732f8a5bd97df33f75bd27b60fd52e701c8226cad_1280.png
UNDULATING,wavy,wavy,https://images.pexels.com/photos/4603451/pexels-photo-4603451.jpeg,https://pixabay.com/get/g996e7cad90af0dfdde044c6a20b1e9443c03942a162d6bd1ec0a89dcabf6d1c440e92a28bce3548c32c49a58f88025cfea6c9bdbddf21b9f2e85978101cc13c1_1280.png
UNFEIGNED,genuine,genuine,https://pixabay.com/get/g0704ec7f4c200baed111c292e039cccbf7b0193590cf657e8fe054577fcb8982888033f67f796eb9dceb9f65502ed0f12f501802906923a269fb18e7138dc948_1280.jpg,https://pixabay.com/get/g66c6b06bd80b03dceefd0fb6a2e4679f9f01e128e1b1a450dca938ae5abe7fdf08165aded284adc00a2f7d8a1920c91c7413b9d8fb9178aed4acc1d73ddda114_1280.png
UNTENABLE,indefensible,indefensible weak flawed,https://pixabay.com/get/g9a3b339e22edc6fbcc273d41b98b8bfffff9f574ecc7cc5ac1f553b56a4fcd98b929bf54939479543d22ed7d5868e7be1256d67420c789d7bbff794239069f1a_1280.jpg,https://pixabay.com/get/gd371e72e7a32709c522ec41c97328a7216fe0f9a3f0d834dccfddd737889a29edfd298e8994952df3b4fdd22284c93f63f88a13fd697540363a55f567fe8ba24_1280.png
UNTOWARD,inappropriate,inappropriate,https://pixabay.com/get/ga2753fb923ddc8d71a127c38648630b64aeea3b951e2933c5ee482f44568c6b2cc9f10953e2a1c91071cf54cae5ba262dd77f027b69555b853ce74e66ee27b78_1280.jpg,https://pixabay.com/get/g62bb9bbec1c1f28cdc30538126f69c5d7cc32094ab0f5c2d9606a6f8bff5a750adeea3911edf9a175b3df415fb855643_1280.png
USURY,high interest,high interest,https://pixabay.com/get/gf962dab1be1ea9cf589a11b78f2b4c784e8ac22048a75d6769f53acca0ac5ab052aecf33eadc04a6bc4f201dc36ff818e8e917a88a41e7aa329170770bdce78f_1280.jpg,https://pixabay.com/get/g1b1e563a677f43946824753aa055633796e96794bae9cff20f7fb7b70722867924c0e1313b8144cf8725ac3e75b82c7660e96f9d97a0fd960d26c276bc4f2e77_1280.png
VACILLATE,to waver,waver hesitate undecided,https://images.pexels.com/photos/22882048/pexels-photo-22882048.jpeg,https://pixabay.com/get/g55499c201d3bcc47b3242de4657ed53daf93c8a468eeff30937dab196381ea6e9b231a2b4d566d4a7accc51735d702082a52429352feffac495aa5c412d84791_1280.png
VACUOUS,empty,empty,https://pixabay.com/get/g7bee9072805c6aeffa03a3fec7a0ba94e61a880f730c14652ab353aeced803a41d3b2b3908c19023aa9d2342d3e02814214b585ef684f567e73fa2ff0e8bc712_1280.jpg,https://pixabay.com/get/ged9c38e67d3b40e6ae2b71e490974ffb136f9704da0711feeb0c93e2ae3aeba41d9f0ea6d964cd24a42930703ac18bf3814fdbc139197beea38aedcc6d9cd678_1280.png
VALEDICTORY,farewell,farewell,https://pixabay.com/get/g2b43f1412034d2459e20e40f9e4cac793d4cf595a450fa0f2ca2fa21a0f548d906bc5db51ee86ae8b3dc9e6ab94ded220548416555da86b67f85eab5f93e5ef1_1280.jpg,https://pixabay.com/get/g558badc7b925aadbd8c7e01d5780fda26d48783d4c2070565fced51e2de026e71b99a2a33a8b7f4c06c348702db572dee2545e067ce6ed45226d3bc5f84d6dd6_1280.png
VAPID,dull,boring dull empty,https://pixabay.com/get/gc4510313410eb5fd9a750fe6fa0e3da1813acc7ec363371c018ac9bf03bdc14d8c279f8db57b1fe39d8cc6627fa19b070123756ae0394138b43f6caa5fab9b79_1280.jpg,https://pixabay.com/get/g595754157dc0bd706d7c4e02640ccf7745ccf1bba7955ff8c479b1274c73ed7e60d04bd53baefee0e5b84c45a251e40974f6fdc4e225b2d843977c94e719d982_1280.png
VARIEGATED,multicolored,multicolored varied diverse,https://pixabay.com/get/g15c939bcace3cb0097a19cbbddb5bc3e89ed83b83b8057f4e02efc48e07a6563982c515f5e54ab87130cf85f4272a9917bd06fa9c56a45c8e5e7e00ecf65969a_1280.jpg,https://pixabay.com/get/g8c920588f2f5bfbab24c951796db31cd002122c70d72eed409c2085c1189955e6dce5562b4d523022480468d003897788de4f9c0bae44d9de86d130009a49b9b_1280.png
VAUNT,to boast,boast,https://images.pexels.com/photos/18846179/pexels-photo-18846179.jpeg,https://pixabay.com/get/g24f74cb4c4769d558139bf04353a95e8433628b98fd1599d5dc5f65820f5c3df25ed1d05dac0874ff6ccaa71c2343784b52c1a2f93654702a8571e705aa6f55b_1280.png
VENAL,corrupt,corrupt bribable dishonest,https://pixabay.com/get/g99ad1fd9b029789beec745fd6ccc61f66589242a3bfa138245324bce272297933cf58255635421cee7bd1ebee37cd83a29c2027a14d3d5e771514a6e3f54b7c7_1280.jpg,https://pixabay.com/get/g1ffefe4a9700b64d75004b0976c9163ed3a728c17130be759f7f0f29bd5e0a52d3f27cf8dbda9e582b17b8e59405649a2a3ea493f54d5b0062d713fc84aba4c3_1280.png
VENDETTA,feud,feud,https://pixabay.com/get/g5863c74b99da785f142879fb22035d6501b9f182106df953b33e10da88e01f931f6ecdd8acb2dbd328e9838708d7bf8b821fff0d1c07582599f3714d76cc8bdf_1280.jpg,https://pixabay.com/get/geafa235d0c41144d3bf068a65d655e400dbb96355292d0944afbdd625045705911fec8fb3ee31fdcc2dd38ca4989e7a545861502fe2698a13d2c6d819c2bcfa0_1280.png
VENERATE,to respect,respect,https://images.pexels.com/photos/8830978/pexels-photo-8830978.jpeg,https://pixabay.com/get/g7a39890765e75d3a17f180d14c7aeae3a34c2590f09c2f53276d5e90a0b5d7c3fc28bdf39cf2bee89c914fc33b036d529e68349f498afdda2a30e33022e0afea_1280.png
VERACIOUS,truthful,truthful,https://pixabay.com/get/g1c7e045bd91368eaf79d40a2d659571fa48f79d2f6472f3e4abfcdd9fe10d79c2f40866fe8526ad2f94cd01c0057805cab4cd489ddf70d1593348d66dab638d5_1280.jpg,https://pixabay.com/get/g0f7831af3094348db6ca4f768c3314421247eff90e23125a2d79df2afc2363992578067a62754a06106773fe687e8daa5a58d49fd30d35738584d72ecab3c506_1280.png
VERBOSE,wordy,wordy longwinded rambling,https://images.pexels.com/photos/26588739/pexels-photo-26588739.jpeg,https://pixabay.com/get/ga9614bc2c9520b65dc724f9c87d7afb41e0ce821286e97f48f07d981d5c0e921c93a18e7c79b1e8fead846cd5f905da5_1280.png
VERTIGO,dizziness,dizziness,https://pixabay.com/get/ga22340733af5c044d789e02b36c3be5cdd7ced08ceeb73aa633e31717eb542f1e102f3a4a6c134e10b970cd1277f5b7ee4ee6b1b1c886eedd3826c7de0c14dad_1280.jpg,https://pixabay.com/get/g13ffc037f14b86b005eb4c0a6b462f23a6e56401a957a1879d3d6e5526f2f4f9e0847f4eabfdc31cece74f75396ec83dd1939bc7f1377f0c72d9bc0246d5477d_1280.png
VEXATION,annoyance,annoyance,https://pixabay.com/get/g3a2e256e14aaaeb3fa128bef1dc4fb984c43eaba323e8ebdd2b7e36184972851239f368b5532d47c1b0949ac90d5d9d362949a44ec2d02936f76053294bc57ff_1280.jpg,https://pixabay.com/get/g4dd1a38f93f8166b790387ce9a423a367c0b902fbad461c256f5095b5c947958b02409aa2c5644bee31b788ee7f96d100a3193eed04abfff502792831189ec03_1280.png
VIABLE,workable,workable feasible possible,https://pixabay.com/get/gbcfff69171530e7f6e59655224d18bd0f2d2134cffb0f149ef692b010b3da1c672eeb10275fd4eeadb2bc2361cad228387112420fdbf0e708b797b9a3f042f07_1280.jpg,https://pixabay.com/get/gc0a548683187b62f69801620b4e2b3323ade6984df2213403cd3614d36ace4d928052798e9f2df5485d3756a18fd68d82620adbbd0e99a92a5865543d4160109_1280.png
VINDICTIVE,vengeful,vengeful,https://pixabay.com/get/ge52d0125a17b61193933ad2339e7a78de1d08ea95a694005ffc7176c8c6910026e0cb0583b45e0df3a36a95c9d7419acbece50a45fa71a5d6734136df6cacd61_1280.jpg,https://pixabay.com/get/gac546bfa1344d7370b05356c2234a9a0961a0fbadf75f63240364b2940a597e44d0a7a539ae18ca66dae0ccb88361417efef07b666660c42d0a1b7f8c3ef5013_1280.png
VIRTUOSO,expert,expert skilled master,https://images.pexels.com/photos/29038452/pexels-photo-29038452.jpeg,https://pixabay.com/get/g4e47bc3c15069b0ec3ee08d4eac57c69ed5486193625dbe02553bedcddc6f2210efb28aebd719bd8b92b6febcd64d5693e699ea649281813eb3256f17fe6e494_1280.png
VISAGE,face,face,https://pixabay.com/get/g1955bb4e1a3b03c53094426768f624a7178aebff600980f4fc08c14219e795f2eadfd0b3fb89c7d54acce2b7ad1daa11fac5cc942f09a406bd58f6044f722c76_1280.jpg,https://pixabay.com/get/g4090c470c202189574a9f904009d2f841c6a541d620e5260040c14c4ac4dc5683bb20966cf886e0270f111ea6dbfed50bcb77cf53d4e442733c909b41d520d4d_1280.png
VISCOUS,thick,thick sticky gooey,https://pixabay.com/get/g5bbdb8b6a80dafca3ec9ed342ca4ad13c77df28eb67452479c019c68d961ce65fea95eca46d28e8ceeb8624a302fd16b55b203a5d58c81fd847f08093646f665_1280.jpg,https://pixabay.com/get/gb079b084a3f015dff144185163011142bd67063ddc439f43477ccfbedaa858ab87ef79ff5785f6cf952f89859e266302385b0461e78a02d2d2eed4e5790f8fd5_1280.png
VITIATE,to spoil,spoil corrupt ruin,https://pixabay.com/get/g03ef204432dafbdc1dd7501e091caefee235fc7f9ca09990e3dd3ecee4272e0ef93e52f20efbe15b0478b75f516a2909e6944980b6440c32fcbc4bde4a9b27d0_1280.jpg,https://pixabay.com/get/g31057f54d1fa6ba4741d3c92bf715c1ecccb0a05c8db7db288c36ad424cd06396446f5ffe82d7ebc4e293395beea12d930c3a760ea4d00a0cb4c4132c7b647c7_1280.png
VITUPERATIVE,abusive,abusive critical harsh,https://pixabay.com/get/ge2b02db207b273396b73278b9eb842eb4e95f24e2414b0a34eefda8638d3cd7919566057b9cb33ca081a3bc628a3780ff2ae0326bde489d86bb31f40676bb5b8_1280.jpg,https://pixabay.com/get/gc6d98bcb58713f8c690152cf3a7ea31549ddbc1e3c9a0105a2690caa41c09e88263b4db2f2b4f38bcc20cca6c318eed1b0f0a747ad4bbe2cfdda025a771f570f_1280.png
VIVISECTION,animal surgery,animal surgery,https://images.pexels.com/photos/19814026/pexels-photo-19814026.jpeg,https://pixabay.com/get/gc2fb6c3791079dda2c2c0602c4443a1bce6bb5450c72d70d3b86258d45986c5d1c2b8b167036719483e2cb832197ac81ed7bd9629da157b933a4bd5fe8446c95_1280.png
VOGUE,fashion,fashion,https://pixabay.com/get/gdefb03f369626de862d9bb317e7b33673b48301e2166e36873ed041a4158b1599cd447a73deaf50b597030b965221e6b7e0016ab4f83adbc147f1d0dada1a86b_1280.jpg,https://pixabay.com/get/g97fb2dcfdc178923ce684f758eda39c0b678e8d58e34ccb30d78d1e4c4b50b0d12f82fdd482a78c3c38a0c10ce31a5f9494a434fd6feb528bcf178bf790f9c3d_1280.png
VOLATILE,unstable,unstable explosive dangerous,https://pixabay.com/get/g16e8fe5ce57182b16a03086bfbe7d8173f9e6ea351663b6014bf5e036d6472dab303d9d3eaf7ec163214a7841c9727fe_1280.jpg,https://pixabay.com/get/g0ec4246b4fa85e0fa393af4d5715cd0b6e42efbb2b2e6690d684231a69c90d123115470d35f01ecc0f7b90eb22d68289580d1da7b0b18ee835bcece1f3f5b030_1280.png
VORTEX,whirlpool,whirlpool,https://images.pexels.com/photos/8236055/pexels-photo-8236055.jpeg,https://pixabay.com/get/gd97fde956085946d2011001f0a5bb158c2a8909453e1ba8dd2d383917f0f5a652f6552d5bbf49daedcc4078d59e284c8c8820a1d3c0b2a267a958cc9b4f26f68_1280.png
WARRANTED,justified,justified,https://pixabay.com/get/gbb4e1bb5f7af6222c18a774833a8b9303d342be75a01740112499475f7678b1d378fc98796db0cc21e39eb1efebe27b85c68ad9b8f4c8745da0e892961b3edf4_1280.jpg,https://pixabay.com/get/g8362b56c648cd5ff8c10a80c653f9332f7c037669a6e26aa8452cfaa91740648c97e1250c1341c47669b466af7f86ec6_1280.png
WARY,cautious,cautious,https://pixabay.com/get/g283ce6dd3f8afbf2e09664be29f02984b246a2b428fdab70dfe68ce42ae9bd7184839a8a1701e7df2fdc3d7f80485382_1280.jpg,https://pixabay.com/get/gc886533f7c9a019217a56f585f81367f945df44bdc26cf0b97d779cbccea199ef7e12b91d3e677bfcd5c67f754f9afb2_1280.png
WELTER,turmoil,turmoil,https://images.pexels.com/photos/2158562/pexels-photo-2158562.jpeg,https://pixabay.com/get/gdc8c51b0c247e1ab1b9c575b903d9731823b70357ba4ffaf445a45492b596c61586598a98767402820b07d1e3ed4a5b916dc2173dc1663bbb1ff0229aa769dff_1280.png
WHIMSICAL,fanciful,fanciful,https://pixabay.com/get/g58e7ae10d040afe21a9a5e043b6e8749c55bb48a709bad2409f1f06552c4f01ee9eeab05ab65606dc46383f7d830ab30990343e7781dc8aa2148e4699c50b12b_1280.jpg,https://pixabay.com/get/gee947daa11b3a25a7c38c4e6cd6d3031cf596877d42458f77ace6635b13d568a933fec0d9981e4fa542eb1d983cada7f50d0b52682657d814dcd1e78bcfb461e_1280.png
WHIMSY,fancy,fancy,https://pixabay.com/get/gaa45a3e31f4586d4131580cf59459810f03ae3932e8118929dfb7e85afae5e7a1f0c877f09f9b4bfce313a39c13d77cce5fdfcfb034579bbf3f06a841655fe03_1280.jpg,https://pixabay.com/get/g2650c9d3062bea850814b90d5cd2a01f22608883d240da0f1435db0d20d2ae2fd167cbb71f3d19fc63cee845715873dec83f874486dc5df736a356f0f95e80ce_1280.png
WISTFUL,longing,longing sad nostalgic,https://pixabay.com/get/gbd871a3ebf2aa5b74e7c6f683efbebf38d64ff2967ab6bdcfd440ace7fa5682cfd543a0edb222f4e3e8f71e29b4f5ebeac9499378e179e8946ff37cae3446675_1280.jpg,https://pixabay.com/get/g9286621bf16879b5d2dd5e874c36e11dda5544a55dc12082702a228092767f03a72720f6b1e57d8bb6c81de0cf69b53b47cd72b274816b632605c26beb820c56_1280.png
ZEALOT,fanatic,fanatic,https://pixabay.com/get/ge1e5441172d1194295ca948e16dd5d4cae0110ac6e06b3e3b4680a8bf4b181da83448e7789189a08ea70457e9c864ccb7b75d623f49fb1447b5d73b1a85d668d_1280.jpg,https://pixabay.com/get/g71c17be0deb6c11b7143a7c8716ab26bd1d39c2892d4ad6ca003884a7b6b78863dd33100d69383237b940f28df3f00fe539ac3bb4fc94a28027b7d82488df5da_1280.png
ZEALOTRY,fanaticism,fanaticism,https://images.pexels.com/photos/25525598/pexels-photo-25525598.jpeg,https://pixabay.com/get/gc7d39ebcb04f6e2f36252dd57a39543a2af457e20748ca47c0a0afb14fb5358621c2089ca71d374948e989790d808ff691f0ea22ad9ee478af8859471c107cf0_1280.jpg
