Word,Definition,Image_Search_Term,Image_Link,Sketch_Link
ABASE,to humble,humble,https://images.pexels.com/photos/12045722/pexels-photo-12045722.jpeg,https://pixabay.com/get/g3984acec6703acbe881900352d9763a7fd0f88d0efdbef5ce16e0d6d729edcb2902267d8fbd19cf6c392f2636895e7958c7f9b0c312ae2faabca027d3a83679d_1280.png
ABATE,to lessen,storm calming weather,https://images.pexels.com/photos/9012395/pexels-photo-9012395.jpeg,https://pixabay.com/get/g3b15622a96011f22a4911c620ddfeea57dce1a1d9a1f996596c8c9de1dbd2ae07e375ca9bb94bfc8acbe0744e09596804c38ec0492ed40f1159dacd7b8ee2607_1280.png
ABDICATE,to give up power,king crown leaving throne,https://images.pexels.com/photos/16010575/pexels-photo-16010575.jpeg,https://pixabay.com/get/g8bd670e2b70add4c25b273c12c7d9b31e1c00e38de95467d5c6307996b39737c65f278e5c1c4798f2d8dbd934291b282b2809320fb28cf5eb43a35987f9eb268_1280.png
ABERRATION,deviation,unusual flower different,https://images.pexels.com/photos/36756220/pexels-photo-36756220.jpeg,https://pixabay.com/get/g0f9122ccf9c3681b02ba16d5468b3c918c15df842223fb1e266a1d03a660118128cce6f1c989af901eff5b9b212e85330ace8787242f257a2c6790dac5da789a_1280.png
ABET,to encourage,friends helping each other,https://images.pexels.com/photos/27616792/pexels-photo-27616792.jpeg,https://pixabay.com/get/g0de8bf47b708b6dc9b8c84bd2bd3932e47d5929473051a899b04e0c46a67a8b7dfd80bbf09b5cd0c94ae9fb637092e4b9861775ae624bbdc51231d6350a647ea_1280.png
ABEYANCE,suspension,pause button waiting,https://images.pexels.com/photos/18665837/pexels-photo-18665837.jpeg,https://pixabay.com/get/g8d12f709f34857d37c6ace564566ea0d09ca0c1f60609c7111f0d023a04b2a7329c8f1a996deb96404a53c1ec5a6c1e6b923ea391db7c9a7665c1fb07386fed2_1280.png
ABJECT,wretched,person needing help,https://images.pexels.com/photos/27616792/pexels-photo-27616792.jpeg,https://pixabay.com/get/ga5ef1f7e97f7be29f82c22ba304e37bf10e9e89f7ee7e26a671ed11677f3a2d76313a79d68c6f6dc06af5efcd7c0e11d757f5419da8b83b3993f6f64a0c5d3f3_1280.png
ABRADE,to wear away,sandpaper smoothing surface,https://images.pexels.com/photos/20818886/pexels-photo-20818886.jpeg,https://pixabay.com/get/ga2b4f7ded196b80feb7b20e16e5bff2b80b3aaff471f61e2cd4a23b9a12508e519d8cf87c72b22cd310248516874cb302d2cbfb1f9546909c2dd6fd54499b446_1280.png
ABSCOND,to leave secretly,person leaving quietly,https://images.pexels.com/photos/18647362/pexels-photo-18647362.jpeg,https://pixabay.com/get/g1cdb6859633cf0df737f857ee659294362c00445d55c99e8c69da849588893df0665b48706851eac20dbe165e0391f9bfbd0b111adc52dee5a1eced94fee0062_1280.png
ABSOLUTE,complete,complete perfect circle,https://images.pexels.com/photos/12336825/pexels-photo-12336825.jpeg,https://pixabay.com/get/g6b1f9287031c2ff7a9ce2783b4de375df155d09157fb0e86011f8b89396a50294b6b240b1f7f999589084cbb064d72075a7907c35fabc47aacd2b4212ed1072b_1280.png
ABSOLVE,to forgive,judge forgiving person,https://images.pexels.com/photos/20830475/pexels-photo-20830475.jpeg,https://pixabay.com/get/g0176117f102d49d1173dcd95ea15818f0aecf7d23d4e339b950ea83fe8638a3be998ec1ea5d35f43a0113a55aed3d840_1280.png
ABSTAIN,to refrain,person saying no thank you,https://images.pexels.com/photos/3762802/pexels-photo-3762802.jpeg,https://pixabay.com/get/gb3fd990183d0efe970d5acd87f9386c7d943d60cd134c3a6495d48a1cead567fb84c2d67bc61175828150708cb94adfbc030d290308ed17f55b3cb7875b29b2a_1280.png
ABSTRACT,theoretical,modern art discomfortting,https://images.pexels.com/photos/13371111/pexels-photo-13371111.jpeg,https://pixabay.com/get/gcc86721df1377594badcae2915f55442e5f4de2e765deef125445430f1a6cf1a6a630ab7da99ba1b4185f7f605b7d58b897d67918c0ddcc8c5dd97cbe50af243_1280.png
ABSTRUSE,hard to understand,puzzle difficult to solve,https://images.pexels.com/photos/18069241/pexels-photo-18069241.png,https://pixabay.com/get/g15c714c3f044e679432e3f5bfc7a25ae013eb4f448c1c23148aebcfb001d0e6e4026a26006376b6e6cac3d9212c9f3f79831722142c8b8cfb2c3859eb105aabc_1280.png
ACCELERATE,to speed up,car speeding up,https://images.pexels.com/photos/4714841/pexels-photo-4714841.jpeg,https://pixabay.com/get/g2dfbf67e933d8ab39faccd8369da724ac522eee4f6b450573471116e17467d00ef8eb26b67a8f3b5dc656b535dd89b8f785d1715cd490965ffa8f0b9c0c8f334_1280.png
ACCESSIBLE,easy to reach,wheelchair ramp entrance,https://images.pexels.com/photos/20884217/pexels-photo-20884217.jpeg,https://pixabay.com/get/g275ba0e1e4c22bd3bef9ed5422535e3035fd5d6e96564955585140ba5b9a1794cb28e5e7d04d5452f25c4165fb60f741b0dae943136c33cda6688616030f66d4_1280.png
ACCESSORY,extra item,handbag and shoes,https://images.pexels.com/photos/9230441/pexels-photo-9230441.jpeg,https://pixabay.com/get/ga5001fae2e644ad57ec53109827db1b5b14d23e5e221d81d0e84be33acc8735ecdaa952a6c64e10ee7ba1d065103c3ede79f92bef7c90999fa66c742306b7169_1280.png
ACCLAIM,praise,audience clapping cheering,https://images.pexels.com/photos/17264309/pexels-photo-17264309.jpeg,https://pixabay.com/get/g627927d32023a1b9fa20839d645594c3d7348276771bc24f742513f6670dc89d277dc94edabbb85abe6e939ce80a2265ed7cd59ff8478935742360eb0acad7e0_1280.png
ACCOLADE,honor,trophy award ceremony,https://images.pexels.com/photos/10972233/pexels-photo-10972233.jpeg,https://pixabay.com/get/g77bf37672f552ffe99b283c5e9870dee51f86c28dc80d57b43b94b4452e50810503ad1f824fd733916f14e675709fe7b60078078b048e771e461ebed37a72c4e_1280.png
ACCOMODATE,to provide,provide,https://images.pexels.com/photos/15597767/pexels-photo-15597767.jpeg,https://pixabay.com/get/geba2f57cf2362562638c564087d5f29c668a1aff9cd76e6afc7db126e694d46cec5b464e18bf92bb3cec8d38cdb019288ba64a09a4ba834a244f1ab37839a091_1280.png
ACCOMPLICE,partner in crime,two people planning together,https://images.pexels.com/photos/14904695/pexels-photo-14904695.jpeg,https://pixabay.com/get/g3febc8ef56b9237bd83b38d41e01e120981e7042b983b55d37defe0699b15e065c870789b0c7a865505af0576db63acaeed3c1a7d45c95f8e12f4377a90d8035_1280.png
ACKNOWLEDGE,to admit,person nodding waving,https://images.pexels.com/photos/3762802/pexels-photo-3762802.jpeg,https://pixabay.com/get/gd23578f77dd83d23fd9c6465c56e8f086ccfb10bcd71acf934ccb4c4b40a082c24e49fca0083f9f3094b53106b48298390cfa17e100b872e4180688c6b2af262_1280.png
ACQUITTAL,release from charge,judge freeing person,https://images.pexels.com/photos/3762802/pexels-photo-3762802.jpeg,https://pixabay.com/get/gb165b209a4f3604f098576f169dc786a4bc171296ce6d49aeaa53f658cd999e9fe27a47f5f12e41515bfc27ed4dc8c2c_1280.png
ACRIMONY,bitterness,people arguing disagreeing,https://images.pexels.com/photos/19568315/pexels-photo-19568315.jpeg,https://pixabay.com/get/gf2c054ba3d5f1cc2ea406f13f017f925aee455eb85e461576c731b39cd2af81108934fa5f95f60582a55ee987ad8fdaafeee3df8e92cf3ff8e621d15f9a1b702_1280.png
ACUMEN,sharp insight,business person thinking,https://images.pexels.com/photos/6071512/pexels-photo-6071512.jpeg,https://pixabay.com/get/gbc7694dd30cde31cd331c5e03fd78845322edbd9e3518026516df4cdf14e6fd912374229eaece56497870c9670b5c0e8e501f8a4b67509bd6d3ebc5f421bc304_1280.png
ADAMANT,unyielding,person standing firm,https://images.pexels.com/photos/6399679/pexels-photo-6399679.jpeg,https://pixabay.com/get/gcd0d1b312323bf981248e31e2ac9a286e4eadc9357cb528b71278b0c8466eaf4eb05d1af893dc2d9c58c61fd5db2a5653358c8aa48df6971babccb60e6ca122f_1280.png
ADAPT,to adjust,chameleon changing color,https://images.pexels.com/photos/15826655/pexels-photo-15826655.jpeg,https://pixabay.com/get/g0b00c36ff1ac77ac20d05f2dc6e43e144b6911118ac2ba4aca7591d712c776802150c9804135bb5ea397a18437462b4e_1280.png
ADDICTION,dependence,person using phone too much,https://images.pexels.com/photos/36718238/pexels-photo-36718238.jpeg,https://pixabay.com/get/g53805ab2318ad41b864576a2affb68f39dbdecc16566f713eaacdd9f49c52a8c73ef910c66fb4586cb8d658986c94110eccaa3f10c0a65c7dee3382df57b0813_1280.png
ADHERE,to stick,glue sticking paper,https://images.pexels.com/photos/19582307/pexels-photo-19582307.jpeg,https://pixabay.com/get/g88eda40e857241cde3da93911488fde6856935307105df22f1301de630e5b23ae05744abed457ed65f0a4fcdcc349f0316ba6b1543a79a62de814bcefafa7a11_1280.png
ADJACENT,next to,two houses next to each other,https://images.pexels.com/photos/35221620/pexels-photo-35221620.jpeg,https://pixabay.com/get/ga36191f77df5d2fd10470e5c9c90c27332536ccd9781518643afe1304e679002094f6cda9aa10cddf8d824d0bccc90fcbd22c3b0bffd158bd2f85a9101a0ce10_1280.png
ADJUDICATE,to judge,judge in courtroom,https://images.pexels.com/photos/37109655/pexels-photo-37109655.jpeg,https://pixabay.com/get/gc256636870901e098545dc401e3509b622613370ce1eb4f9fec8757c354361493128a8cade86cb2c00073ce35da5481567200df16f22b91242826d5220cafffb_1280.png
ADMONISH,to warn,teacher pointing finger,https://images.pexels.com/photos/9291134/pexels-photo-9291134.jpeg,https://pixabay.com/get/g84aeae8229d9235ec953e9c9a5d18b04120c18829f2d884f34509f16773e4407b5faf1ee4e724b9536fba2c345029687759c074f61ec51fccf6f5bc359510ee3_1280.png
ADROIT,skillful,juggler with balls,https://images.pexels.com/photos/20640500/pexels-photo-20640500.jpeg,https://pixabay.com/get/g24b03f22600f873455ba04a5b3bf1c6091babe816b604a37364a60f73b1400bb52fedaea78d7039b04264040947d9d325c9597c2c22cb1acde47aa32bb38ba5a_1280.png
ADULATION,excessive flattery,fans screaming for star,https://images.pexels.com/photos/16308806/pexels-photo-16308806.jpeg,https://pixabay.com/get/gf3387492c85cb716c88ab92978c7a1bcc5e704794a63bbef4d7c20c7e8ac53f9d22d97e382de53423a4b1105e165e07e306374a586e0efd243a62e6a48e9ae7d_1280.png
ADULTERATE,to corrupt,mixing pure water with dirt,https://images.pexels.com/photos/5973784/pexels-photo-5973784.jpeg,https://pixabay.com/get/g1da22af2191ef234b29b27b53d71da38783fafbf9e339264c9f2ef8b6342a4846116c91e791914d942d7294cfaafdc50f3095d053dfce98ee359c699f57d1fe1_1280.png
ADVERSARY,opponent,two chess players competing,https://images.pexels.com/photos/37109655/pexels-photo-37109655.jpeg,https://pixabay.com/get/g31572606cce50fc513e94b51f8498f4800d323e963018f3569605d9bd5e1c8af7de3c80b3eb2d99e2c825bd195facee678cf2d18da95860bf9a3add64863282f_1280.png
ADVERSE,unfavorable,storm clouds approaching,https://images.pexels.com/photos/36768656/pexels-photo-36768656.jpeg,https://pixabay.com/get/ga541bb6a97e103cc3a0d9970fa813f3029916ed96adb69479639952f9a19ba6eb74b6c9bc0e1c13d2597fdf0c0b8b3019ffaf6ca58ec12091bf6e32877965cfd_1280.png
ADVERSITY,hardship,climber scaling mountain,https://images.pexels.com/photos/12261422/pexels-photo-12261422.jpeg,https://pixabay.com/get/gb4bfbefb0fee40cb7b09a425038c5b8344e32136f2d7e75f70cc1e1e4f0b9c3b024a7104ba226fce166191eae339b132da593f8b274475fd1a2adfd95ea0ba1d_1280.png
ADVOCATE,to support,support,https://images.pexels.com/photos/17382268/pexels-photo-17382268.jpeg,https://pixabay.com/get/g6d005e6da65911850f0b1491b97d94a49736cde3178209a6bf95647bc19b4ce854f29d2b25d6dcad16661c97e9c4e53b2998fecf10fa73b5467dd49f2dd89fdf_1280.png
AESTHETIC,artistic,beautiful garden design,https://images.pexels.com/photos/33747713/pexels-photo-33747713.png,https://pixabay.com/get/ge75f71f512273def8db24c28a16a84617ab2865d96e66324978f7f3954e269b92dff6dc6edf40944761a0e2c9e11787f66abdd510b43e008d87b8913c21fdd20_1280.png
AFFABLE,friendly,smiling friendly person,https://images.pexels.com/photos/6102841/pexels-photo-6102841.jpeg,https://pixabay.com/get/g7d9e41fb1d5e8c6df3addc684294bfa6cc2e035ea323189fc4b207ecc7b4abee671d63dfbf510777a5ab7e214c4528b636b264c3f28d4e6920fd5ba01f664d88_1280.png
AFFECTED,pretentious,person acting fancy fake,https://images.pexels.com/photos/20858525/pexels-photo-20858525.jpeg,https://pixabay.com/get/gdd0e0ea66ef2a0dbd4bb59f3f04266698aacf2a3e921dd1dd94c4b2a6d721791fb7156d6185e99c5a02af7a5019e4e957aa885f64261bc4307da82b0e25655a3_1280.png
AFFINITY,natural liking,two magnets attracting,https://images.pexels.com/photos/34791005/pexels-photo-34791005.jpeg,https://pixabay.com/get/g7bd63e03d0b7f142dc34717a740302b785a5daeec17fbd5123e5d8ff2801939642797ba3165a11749bcfbaf0da6f7210fe4a94d5cfdf79c1a0aafb19e50980cc_1280.png
AFFIRMATION,positive statement,person saying yes confident,https://images.pexels.com/photos/3762802/pexels-photo-3762802.jpeg,https://pixabay.com/get/gae21bdbda0e84f6aa67614bd28d7bfe81a3fe3896b5411a21f21b1f5ec79033906905a5bb3704b769f6d14667fbeac1deb1507c64ecdf7c483d9f4b9b88b1182_1280.png
AFFIX,to attach,stamp on envelope,https://images.pexels.com/photos/5754097/pexels-photo-5754097.jpeg,https://pixabay.com/get/g5ee50f2c1cbaa06c3025a4c03f4a501b4fae43652e9963e9f05b4fb1651971bc57250de52b18da4fda146e5ae8d80840277697777d0c4f73549bfc480b190a51_1280.png
AFFLUENCE,wealth,nice house neighborhood,https://images.pexels.com/photos/35221620/pexels-photo-35221620.jpeg,https://pixabay.com/get/g3c2451306fd3ab7f19ce5eefce890663cbde2ac51892fec595677c5b157ac282f5d67f9ffa0e8f75f46f5cf94c972e5c33fdc067c5a9f7d3ceff85fd5af012c0_1280.png
AFFRONT,insult,person looking insulted,https://images.pexels.com/photos/20858525/pexels-photo-20858525.jpeg,https://pixabay.com/get/g78e6fba08d66cf58baeb252ecb7dd644fdda421bdb97eeab1e4a87ce8207391f30d060a52e484a43dc3c59f7960732892151a6fb48b18d9f5dec8163933cf20e_1280.png
AGGREGATE,total,pile of coins,https://images.pexels.com/photos/28552621/pexels-photo-28552621.jpeg,https://pixabay.com/get/g2a18490d3393dae1eaa9b3722e9928c44a3f52abc82aef2b9aa4ddb81380e5d6a7bbf9d36c40a1e06a0af65b23a7a47a939e3014bc689d980b4b4ddb9f73c8bb_1280.png
AGILITY,nimbleness,gymnast flipping,https://images.pexels.com/photos/33328237/pexels-photo-33328237.jpeg,https://pixabay.com/get/g9c1c4cf2a48e78b9b51ff9821aa33f2b0b153c97b0b96bbfb10f37dc38c4e6706c59ea44bdd9b0af0feb71bb50b7cfbe_1280.png
AGITATE,to stir up,person shaking bottle,https://images.pexels.com/photos/31251024/pexels-photo-31251024.jpeg,https://pixabay.com/get/g4bbfe0be8f23d078e48e76d77bd8662013238549db167c7c77b396dbeffcad04f5242ecf03d3ac2716fffa4593e43b691baa9b6b5d89c5706ab6cc83639374fd_1280.png
ALACRITY,eagerness,person jumping with joy,https://images.pexels.com/photos/28578479/pexels-photo-28578479.jpeg,https://pixabay.com/get/gafc4ca0359c13e70169d711e1e5510a6c28bfa4fa8a9e3e7fe6a65f1cbff64b03b23251f1c1e09968a96b2bbb60c953341b7120d6507d58c8005eb30def4c035_1280.png
ALIAS,false name,actor with stage name,https://images.pexels.com/photos/35211638/pexels-photo-35211638.jpeg,https://pixabay.com/get/gc21f2dd832eb5bd9a88e30a8b983cad337a7a2d3c684b5ae9aba8e2ccbf16c5ac35af95b2ef6005950ab16da9137c0683683e3e10088d6e77bad03ab7276c757_1280.png
ALIENATE,to isolate,person sitting alone,https://images.pexels.com/photos/18380398/pexels-photo-18380398.jpeg,https://pixabay.com/get/g4e822502a3600cf5f36869897ac01f8773628fdaa449d2222a654b27e23ea44fff10cfa8240cfe174e7d8db1f9b5b66a62617bbad825953afedeb3e17ee35087_1280.png
ALLEVIATE,to ease,ice pack on sore knee,https://images.pexels.com/photos/18791119/pexels-photo-18791119.jpeg,https://pixabay.com/get/g60cec9ad77f07a462ff59dabcc79573c16859aee3a30fb9dc25ad843ab38736048bfa66007cde5541d65a8c595b1ae7fbb934c087c157a9e21cdefb3bf00249c_1280.png
ALLOY,mixture,mixing metals together,https://images.pexels.com/photos/9102653/pexels-photo-9102653.jpeg,https://pixabay.com/get/g70e1da3df1ee795a4ddf695808788e8d9abd84f88305a43d6187f9c74ed41b36f166c465db7fb0c863edf79dbcaee7e10af35d5dcf0da960d5dda14d95411c9d_1280.png
ALLUDE,to hint,person winking hinting,https://images.pexels.com/photos/21838607/pexels-photo-21838607.jpeg,https://pixabay.com/get/g4a5931441b942fc80c4b0bcf6ba068f84bad9b3d5b7a1a760f6394e06fef4a66d09ed41b588ebfda277aace7bfddca31696b72d347c99b61617958adfa638574_1280.png
ALLURE,attractiveness,beautiful sunset beach,https://images.pexels.com/photos/11130621/pexels-photo-11130621.jpeg,https://pixabay.com/get/g8cebc59afa1d21714a630ff501749dbb799d84a2857c2e1204c77931eb17d93d9e0267eb4480705023aeb9fcd1b626882d9ebe84cfd543699a0bbba3c91ee069_1280.png
ALLUSION,indirect reference,book referencing another story,https://images.pexels.com/photos/4170628/pexels-photo-4170628.jpeg,https://pixabay.com/get/g2df7f9a154a759435fdb45f97f1c5d35a589dc9e2607de4249c7f67c42461dc289a69416d5e5effb43907ed9f61e7f78b96e679fbc2c2ca8895c7a637f93cf7e_1280.png
ALOFT,high up,balloon floating in sky,https://images.pexels.com/photos/21830657/pexels-photo-21830657.jpeg,https://pixabay.com/get/g9098519058695c8772d5bf25ab11ed26475b6b9d8a83c245b9b7ffdf05fed0b9ea1ee4fdde9cb69b45575c551db7b551_1280.png
ALOOF,distant,cat sitting apart from dogs,https://images.pexels.com/photos/31965431/pexels-photo-31965431.jpeg,https://pixabay.com/get/g8c32a8ec91e8c57f8abe204194cbb831af40cfb1e0d00ea4edcbdc09d0d7ceaebf5e60a0607cb556442c9a478d1296b10089958d7534c15f1f380ba086fd45ec_1280.png
ALTERCATION,quarrel,two people arguing,https://images.pexels.com/photos/19568315/pexels-photo-19568315.jpeg,https://pixabay.com/get/gc0edaa336dbd4c63cd5cc7b1ca5902f134cfd42a808d825bb9c7a21aed1637e488967b286a0db95ba395b94b88d5d8d966f471c49ecd40052824ee53f3c95fa6_1280.png
ALTRUISTIC,selfless,person donating food,https://images.pexels.com/photos/15597767/pexels-photo-15597767.jpeg,https://pixabay.com/get/g61ba1e21864a888f2b22b71e1409276c1aa80faf8670e4892e196a8e9da479aefbd420d35ec2275769f79527faf367a38b4b652dbb00ec53e95984f954e533f1_1280.png
AMALGAM,mixture,different colors mixing,https://images.pexels.com/photos/6167808/pexels-photo-6167808.jpeg,https://pixabay.com/get/gc6e52962d86ddb3fff2ba2254dd2fde7c0c33c2b9ac553e42755b3d9f9726a809b1f7ea8e5651eb47ba703e8e0d9de6c8b37c0f03d30f29c15a1738fe663dc67_1280.png
AMBIGUOUS,unclear,drawing that can be two things,https://images.pexels.com/photos/36170709/pexels-photo-36170709.jpeg,https://pixabay.com/get/gba275ba033d7dda7aac01365915880e8756ed8f5966d3f56159b5b58abcbdeb6364cb766868e5fdbd136ccb2954474f0_1280.png
AMBIVALENCE,mixed feelings,person undecided between two paths,https://images.pexels.com/photos/6451423/pexels-photo-6451423.jpeg,https://pixabay.com/get/gc6b1bd4c9a2d0e96565d481a35906ac81bd36f16d4308320de6044d0b275bd54fb9f6070b8a983aa29f30addaca4e4b8b09b22bf614f9307c864ea510ce94ad6_1280.png
AMBULATORY,able to walk,person walking with crutches,https://images.pexels.com/photos/18647362/pexels-photo-18647362.jpeg,https://pixabay.com/get/g315f54d77f495f1ecb735d8fe4f81ac8e4a235be42c934086212ef02570bb4b23655d68f84720ba0fb7360bc326c35343d564a0a8e405b4b6b7d528db81cc36f_1280.png
AMELIORATE,to improve,before after improvement,https://images.pexels.com/photos/32917527/pexels-photo-32917527.jpeg,https://pixabay.com/get/gc602d6e3af623757de10558561a3bf808119fd1e5ca923353bac3b1b808dc3dc70460e3e7f911ce45bbfc5aa90f5539390d40da73072d308fbf52a2367c6f1fc_1280.png
AMENABLE,agreeable,person nodding agreement,https://images.pexels.com/photos/3762802/pexels-photo-3762802.jpeg,https://pixabay.com/get/g26f57615ffac32cd7111d614746b22529caf82fc9093777e3eb38fa65368cfc8e218e46cffcf94b91c10316adaee595e420acc3997aff4f6271df86da96a554a_1280.png
AMIABLE,friendly,smiling happy person,https://images.pexels.com/photos/6102841/pexels-photo-6102841.jpeg,https://pixabay.com/get/g645f658cd966cb4c24d9b029bdbef54a4c6e89c7d651f644ec266ee4755a273774603aaa0a6f0219b369d5ac6a690d42dad0cd882d78cebe438c576b913f1862_1280.png
AMOROUS,loving,couple holding hands,https://images.pexels.com/photos/18805610/pexels-photo-18805610.jpeg,https://pixabay.com/get/g0f31f86bed4703d5d5d8751dc598a74f7eb32d506986650bebce163f56d7408e3ded8f51f87dabf8d334494194331d83ef4fa7f6e40ab79384958692333d442e_1280.png
AMORPHOUS,shapeless,blob of clay,https://images.pexels.com/photos/37109655/pexels-photo-37109655.jpeg,https://pixabay.com/get/g6f287c828da81404ab0b6422a843bdc5ce51e67cdbf7c236cffed845f59395a24a837bdd870a17525b27fc05aff5806c4d82626adcdcfd138bfda4265cb876b5_1280.png
AMPLE,plentiful,full plate of food,https://images.pexels.com/photos/31064588/pexels-photo-31064588.jpeg,https://pixabay.com/get/g057fa308c521beb2e3af6e12f558fac4b7c32f5325a7b6601683a3aae710161db226d4df85e21998895bd9c269172de5a0f881a714a5456bada38cf731ffd102_1280.png
AMPLIFY,to enlarge,speaker making sound louder,https://images.pexels.com/photos/31050364/pexels-photo-31050364.jpeg,https://pixabay.com/get/g70e430406c98867960f0fa49d5da92c0ea456754c75786f001e84e36eb773e2d86c6f4524d3f7d5f81adfd867453d7d7b30c4c3b914479769cf4f8e4acdb7ed8_1280.png
ANACHRONISM,out of time,knight using smartphone,https://images.pexels.com/photos/18780415/pexels-photo-18780415.jpeg,https://pixabay.com/get/g1c69ddaa6a141dceaffcf0a4da831a274add6283e9386ef3f69b7e0cc74f28944b7566406e0673eb6bba3f01c2d2a10e83c58eac5e9940ddd5906c4eb20c6dfc_1280.png
ANALOGY,comparison,comparing apple and orange,https://images.pexels.com/photos/34949146/pexels-photo-34949146.jpeg,https://pixabay.com/get/gd2435f28e4e523541c1db8d93634cc36d418e943940516b24f266ffbcf38b64fb8f6eb9f7c1dcbce08ce60c652d90b6fa0246cf1667bfc51ac27282070558ac8_1280.png
ANARCHIST,rebel,person breaking rules,https://images.pexels.com/photos/16946736/pexels-photo-16946736.jpeg,https://pixabay.com/get/gf4cf7c593808d5cbb1c7ab3135015f16e10ee090fd684eb1a4905a1fbf25c9747296b3fc72063c912db0b59082dba95907225e46fc3d66b3a1a8c02162a38daf_1280.png
ANARCHY,chaos,classroom with no teacher,https://images.pexels.com/photos/12866948/pexels-photo-12866948.jpeg,https://pixabay.com/get/g3f9cf39bbff1b7255f9a66bf135726c466c72278fe39a5f5856ba249fe4cc1bcc386ab99992d73dd406d1a4190fd52ea7421975dace51169ad48b28a37c3b1f6_1280.png
ANCILLARY,auxiliary,extra accessory on device,https://images.pexels.com/photos/8981857/pexels-photo-8981857.jpeg,https://pixabay.com/get/g5f37b12cbdc66374375cb02e19d6200f328bb2aa9edd2b9828c1c757b68f1e62a23d7405047b88c8c41a4a2eb5b75faddf719f46e7b0ca966078a6f98d564a6c_1280.png
ANIMATED,lively,cartoon character jumping,https://images.pexels.com/photos/28578479/pexels-photo-28578479.jpeg,https://pixabay.com/get/gfaa6512a15f0b286b46c090652d0cdb894034ab3f2e4acf07d560e7dcefc784431eb807e20e7c49293a88aa061b79e922950417860a6ab6a900f6e41ad36356e_1280.png
ANIMOSITY,hostility,two cats hissing,https://images.pexels.com/photos/37090110/pexels-photo-37090110.jpeg,https://pixabay.com/get/g128f9ca4878decc0753c24d6f30afe0dce9f4eb2a1938a2acd52bceb7c956ec28ec684e53d07d8157e85f1358fd1af52_1280.png
ANOMALY,irregularity,white sheep in black flock,https://images.pexels.com/photos/34792764/pexels-photo-34792764.jpeg,https://pixabay.com/get/g4aa46fba4e9c2c8b88d1b1163d7976cb44aaa393851c80999990261022f734f927862d9819bed9b2832b971552b89ce0_1280.png
ANTAGONISM,hostility,sports teams competing,https://images.pexels.com/photos/18780415/pexels-photo-18780415.jpeg,https://pixabay.com/get/g90bd4037f80f9912f1202929d680334b857f9faed7fe94bdabb02cc40f20a838f0375dfbcfa69461772dfe764ed86d97cad74fd9d0a31cffedce89ac07bb2776_1280.png
ANTECEDENTS,ancestors,family tree ancestors,https://images.pexels.com/photos/9730363/pexels-photo-9730363.jpeg,https://pixabay.com/get/g1098b9f8c0327189be685c3620256d487079a9e82dc9fecfed222a654b761c51b6d22a340849926928ba404f2a91f59ca8e16270f18da535b6761540ad0333e9_1280.png
ANTICLIMAX,letdown,roller coaster going down slowly,https://images.pexels.com/photos/31701975/pexels-photo-31701975.jpeg,https://pixabay.com/get/g857c3bb2b8d360d1ad20ff1b0836563ade4704a91a11871ed1a2bef803544945db84dc09bcfca8765ffeeffc20bb030ea1f6411a3f64c5272663d7dba08d9880_1280.png
ANTIPATHY,strong dislike,person backing away from spider,https://images.pexels.com/photos/9560643/pexels-photo-9560643.jpeg,https://pixabay.com/get/g4c97429e166c7b2ad78fda6f097bd92c385050f586c7c35c0f7346a383fd8dab2bc1e28ad432b0e0fef114c6ef5feee0e0c639750756f8e1828bb47e6a233859_1280.png
ANTIQUATED,outdated,old rotary phone,https://images.pexels.com/photos/36573009/pexels-photo-36573009.jpeg,https://pixabay.com/get/g0355a989a033002267e08e0b0acaad49a49576d87f97ff574a063690631a105803a98bd3375fadb4ebe675a496c51a65_1280.png
ANTISEPTIC,germ-free,hospital clean room,https://images.pexels.com/photos/12454146/pexels-photo-12454146.jpeg,https://pixabay.com/get/gdaa7c939e7b6d6b02bc0cdd330e0782314a8ce705aa0a3f0b07770e0f792f6f50be07a2ca274772003e7080f12bafe8d37139e355a23134abaf0487b2a78670e_1280.png
ANTITHESIS,opposite,day and night opposite,https://images.pexels.com/photos/1311155/pexels-photo-1311155.jpeg,https://pixabay.com/get/gd0ba6d3aeaecaa2c9e0259a194bdded7e6a731e05fa8b7e9b4ea0b05b3581de2b2666abc11eb72cb0f26c2527529152794aefb527bc48ac3910443dee0194e4b_1280.png
APATHY,indifference,person yawning bored,https://images.pexels.com/photos/16946736/pexels-photo-16946736.jpeg,https://pixabay.com/get/g558acaeb895b30050c4d061f862d2941c7fd3e1e6a29426e041c3b4af98602a7d5a171dbee736be182321c09ccb3af8389d5d31fc098c8564461d8a2b43d0da7_1280.png
APLOMB,composure,person standing confident,https://images.pexels.com/photos/20640499/pexels-photo-20640499.jpeg,https://pixabay.com/get/g82530a0ddd8661354081781cf437a8350c488ab2bb27924cdead96e04d8d3c6a4faadf2c1f3f8f466885991516c193e23eb707b0ec086b7f3eb180c3a743191b_1280.png
APOCRYPHAL,doubtful authenticity,old legend story book,https://images.pexels.com/photos/31513869/pexels-photo-31513869.jpeg,https://pixabay.com/get/gcc9897370ddafd7c42c8eea5c1a184c1c158037fb51d62c904d8c1313829eb95c9945b5da1d9e4f03f677f27cb19c0f77bc32a88d3e79cf77c9bbd76bffd6243_1280.png
APOSTATE,deserter,person leaving group,https://images.pexels.com/photos/18647362/pexels-photo-18647362.jpeg,https://pixabay.com/get/gfa1b21f5918bad298fc6a4b135cdb646d7a51aaac4cdd545f98035e4d8056845f969c2af388f62d3418fc8abb251312675cb73bb4d99315702a99e16e60f60a5_1280.png
APPEND,to attach,adding pages to book,https://images.pexels.com/photos/4170628/pexels-photo-4170628.jpeg,https://pixabay.com/get/gc4edcf7cdbc6c02ccf76407669cf401d767f39b3b9799005949027222fe82c52444e569bbda63c36c27c9f57b23485914373b8380be091886a68d4809f09bad7_1280.png
APPREHENSION,fear,person nervous before test,https://images.pexels.com/photos/36718238/pexels-photo-36718238.jpeg,https://pixabay.com/get/gfa9574f4f9f17960b8b6ac6d2a942076e5abead351d843f763c143e73bd22554fb28f78cdcb5ac3333796c539e8bfbc079d91cfa33178aec5a72c27b03dfe740_1280.png
APPRENTICESHIP,training period,student learning from teacher,https://images.pexels.com/photos/28589227/pexels-photo-28589227.jpeg,https://pixabay.com/get/g870c5781d83b8d318dec2ea2df7ed932bf24433b620742127f8f26b3478edad559624202dd9301a9429f5bc250e5dfba994cc9637d9194de50b700283983caf8_1280.png
APPROPRIATE (ADJ.),suitable,appropriate (adj.),https://images.pexels.com/photos/37109655/pexels-photo-37109655.jpeg,https://pixabay.com/get/g38b0258015ec2997d2fa777e74a3f318f6be43ac90a926db834dadce2e2b3752ea43f6bba92888842a526a5cb186072ed197c637bea5f8c010fc1eb90fcbf6d8_1280.jpg
APPROPRIATE (V.),to take,take,https://images.pexels.com/photos/8911655/pexels-photo-8911655.jpeg,https://pixabay.com/get/g5147ce9ba2664a8a10ee10430283b6ad0986b7eca90129d8b1237bacfdce30573df5c5fa09c498fafe6c51370808a2001f47f6a0c448c8324e4dc74d388b132e_1280.png
ARABLE,farmable,farm field with crops,https://images.pexels.com/photos/27866527/pexels-photo-27866527.jpeg,https://pixabay.com/get/g5804d05e2ebc8c408a6f75f48770ddaa659eccdd5648136650b4f359b3f2ed6496858a86c6f019bf7f670d62360c34e8faf8697cc1a7e523ca0e953b774b1308_1280.png
ARBITER,judge,referee making decision,https://images.pexels.com/photos/33094639/pexels-photo-33094639.jpeg,https://pixabay.com/get/gcb54e69c93b5a3354d14aa73d4bc2e7445ee862e4ed5fcaeefba318128287a5d2d900f3f94055a8effc5ad75b09ecff49d38351daa51172e3bf6d6637c826af9_1280.png
ARBITRARY,random,random number generator,https://images.pexels.com/photos/32662317/pexels-photo-32662317.jpeg,https://pixabay.com/get/g8d02aabc5ae0efcbe444a5012982ed9a47927b631e6c49e5eae3b3847f47ca816a55185f4750aecd43799b48facd8188c0a30bd2877d999bf4776e18488ca3e1_1280.png
ARCHIPELAGO,island chain,islands in ocean map,https://images.pexels.com/photos/33630890/pexels-photo-33630890.jpeg,https://pixabay.com/get/g9770731a12d433b81c0a03a630fcffdea96d846c64c86266809b6b8a7c8653dfde061b0136a54644210a33a35939f101_1280.png
ARDUOUS,difficult,person climbing steep hill,https://images.pexels.com/photos/30090786/pexels-photo-30090786.jpeg,https://pixabay.com/get/g7caab08ce2e1c270714d2b1adc881f5ec5fd7eaf4f8910df5f10816a67d42cdbbbf2f778ce9b033339a58cfebf7208de756cf723c685dcf831e0c2cf23cfe214_1280.png
ARIA,solo song,opera singer performing,https://images.pexels.com/photos/20600733/pexels-photo-20600733.jpeg,https://pixabay.com/get/g88ec44b5551220dea6c85d77d042fbd201e4607f95cc3287dc78e594173f61b20e994b00b7b7a161189219ed183798a8921b8ac637e231b2e352cff2faff5b36_1280.png
ARID,dry,desert sand dunes,https://images.pexels.com/photos/11903171/pexels-photo-11903171.jpeg,https://pixabay.com/get/gb3a280b1384c54f8552c7af724dac6253147e687290fcd3fabc3ff35b5930aa19f56e95194eb257b18c6a9000362496e53d1d08379378765465e3f94a2e5043e_1280.png
ARISTOCRACY,upper class,castle royal family,https://images.pexels.com/photos/31108570/pexels-photo-31108570.jpeg,https://pixabay.com/get/g0b156c8c394b683073c9e1c3c0f411b3bb44cb5eef88bf14c313ee57773d9f9d0bc8c9560420b7478ffae861f6fbf98c_1280.png
ARROGANCE,pride,person with nose up,https://images.pexels.com/photos/35725749/pexels-photo-35725749.jpeg,https://pixabay.com/get/g67aee5dbd6dd3664e45e7486b89c5d8d5286892be5e852d3c0e81f1952f2d1f78a356475c2f7367aa07ea4bd89e2a7304d7462e6befe54da7b769291927ec81e_1280.png
ARTICULATE,well-spoken,speaker with microphone,https://images.pexels.com/photos/31050364/pexels-photo-31050364.jpeg,https://pixabay.com/get/g411feee3c38c9fa254b0f5e82970f00389c5f8989a4c0bfe19b6a4d1a7fa4e50cf4d1f1ad0a698fb53510c3043af95de1479344ba1150742d18e6b4ce8a21832_1280.png
ASCENDANCY,dominance,person rising to top,https://images.pexels.com/photos/32601178/pexels-photo-32601178.jpeg,https://pixabay.com/get/g798ad28a866535c1ac1b21981ed21e8b8d3ab03c52d15069e168d56e1aa21880e4bea090ece72c745ebaf47d0da2eeebfd166fbd06bd68c380f02554243337fc_1280.png
ASCETIC,self-denying,monk in simple robe,https://images.pexels.com/photos/19343325/pexels-photo-19343325.jpeg,https://pixabay.com/get/gec9a0b65cc5340f86723bc312340560c2687aeb3c59fdb193f6b93ab65c6e84fdb49da3c7548aa448287d5a4cd731975d7f6611e30b93855f95f841926656976_1280.png
ASPIRE,to seek,person looking at stars,https://images.pexels.com/photos/29136157/pexels-photo-29136157.png,https://pixabay.com/get/gc59f30b1ea1a82545da0cdc7995f5e846133df5fa297dbe1358f9099f4982c3a2d72a73649267f7216dde092ac14380b_1280.png
ASSAIL,to attack,person defending against,https://images.pexels.com/photos/3762802/pexels-photo-3762802.jpeg,https://pixabay.com/get/g8dc68ad5786837dec46a1cf0ac372705c33cb0b543a0d9757bb63c45bbdb8f7048da4ed29586b5fc8ea2bbd0e558cb4dd7057736ab5868e8da994ea492b4363e_1280.png
ASSERT,to state forcefully,person standing speaking firmly,https://images.pexels.com/photos/20640499/pexels-photo-20640499.jpeg,https://pixabay.com/get/g86c4364738bc23f3bc41b6bced61a8c3bd80246b0462f0a14ee8173a71a1b5c1146231bac8e9dffe5746386c5ecac8617daf4e755dc296a5d7f59a42d66d589b_1280.png
ASSIDUOUS,diligent,student studying hard,https://images.pexels.com/photos/20819787/pexels-photo-20819787.jpeg,https://pixabay.com/get/g25601d95783431eb03285d4b470d864efb3e5bb55527a35f5b91d82a00a1631459497b60bd35d1634ec81ac5682b3d02df57043ff599a94398efa4ef5ce98844_1280.png
ASSUAGE,to ease,mother comforting child,https://images.pexels.com/photos/28589227/pexels-photo-28589227.jpeg,https://pixabay.com/get/g7a081889f283b5c06549493d5d011b2250a164520f6ff6d10f094a4ee85f2e34edf1092c111595f30b39359a84bc37e9f3494be551f35d2cd10c194229e499dd_1280.png
ASSUMPTION,something taken for granted,person assuming something,https://images.pexels.com/photos/3762802/pexels-photo-3762802.jpeg,https://pixabay.com/get/g9a4c6913a426427a344977216162513ac9fb6cf1bca7d5853eb30451b806b13a5f9a6f0c44577b27c37e32927bab6b159ab0910c185009b50f843e4e20febb83_1280.png
ASSURANCE,confidence,confident person smiling,https://images.pexels.com/photos/6102841/pexels-photo-6102841.jpeg,https://pixabay.com/get/g82ae59de31ca8a5165472713be15b53da84e6665927e3b4cd4b4c7ee20bcb963f16b8d68bc83a14a6a7c76c81909c54d6a2df36cbba621c58b0fc5294dbad479_1280.png
ASTUTE,sharp,detective solving puzzle,https://images.pexels.com/photos/13537948/pexels-photo-13537948.jpeg,https://pixabay.com/get/g6bdfc4d0f25b837e8f85c31765652cd998b0bfaffdd760dceb5c670c3900a50f70a31da324fa28a75e73d9b9d199eb028b50fa1569d68f4865c8d91a2d957e81_1280.png
ASYLUM,refuge,safe shelter building,https://images.pexels.com/photos/14424116/pexels-photo-14424116.jpeg,https://pixabay.com/get/g58e9a75056878fa2cdbba0f101dd44deee48308b18d572c36c41a6332b79fe2402deecf9d3c1f7cdbfd06c1508a1063fe8250767876e1255426a3df51b10b249_1280.png
ATROPHY,to waste away,weak muscle vs strong,https://images.pexels.com/photos/29358205/pexels-photo-29358205.jpeg,https://pixabay.com/get/ge1a149502ea8ae1584cf0e14bddb8649df0ead862dc43faf66adaeb1e83574f0adc9e9a75b031f45991aa8c4e08a459e2995c3642b432c5276ca40da0bea8915_1280.png
ATTAIN,to achieve,person reaching top shelf,https://images.pexels.com/photos/20640156/pexels-photo-20640156.jpeg,https://pixabay.com/get/g5d69dc7c873f5b95b26aa1747a9e0863732ffc2a88507812a5d1c881ed13bb743fb35ecf011c461b5f2779d3410d6f8c_1280.png
ATTENTIVE,paying attention,student listening carefully,https://images.pexels.com/photos/37109655/pexels-photo-37109655.jpeg,https://pixabay.com/get/g22ba87819623cfaa47cfa08dbee6d8bbe70540b630d23eb03e2b1000456aec815686fc4bd3506994900552252619b2e9ccc012b8a2d517e2cd047ce95a0f247d_1280.png
ATTIRE,clothing,formal suit and tie,https://images.pexels.com/photos/28442318/pexels-photo-28442318.jpeg,https://pixabay.com/get/g8be0cdffba8e7089f193a60adb6066dd33d1e78c0821d0de986a5aea695f5d41e494acce8e2b3564e22601485a2e994a6e09da38a93ba7e1aa79c3ae4bb7414d_1280.png
ATTRIBUTE (N.),quality,quality,https://images.pexels.com/photos/31034509/pexels-photo-31034509.jpeg,https://pixabay.com/get/g7e8466274b6d459626eb69ea8ce02f5509e9d3926b511d2aa6cd8dc28495212428b6eb38d7b1a520b5e29abadcf9bbba7c101fb96d0759751f03ce9cb388edfb_1280.png
ATTRIBUTE (V.),to assign,assign,https://images.pexels.com/photos/12497792/pexels-photo-12497792.jpeg,https://pixabay.com/get/g74581bc2d9ca4940f78fc2ef3a97a5e48547223729d951db04c0d8538d2d2ba673da6c2961f23661cbce8b36bfbb0ce706eb57d24e7046ce88eb43155891a49d_1280.png
ATTRITION,gradual wearing,rock wearing down to sand,https://images.pexels.com/photos/13537473/pexels-photo-13537473.jpeg,https://pixabay.com/get/g1eca4e7c130c44dc3ed3edec7c6d5797e66fb965e3ce795659f99bb704a28bd9b2a87b812dd009cce35fdf3fe0f86855e35c24bacc94f7f082ed8f1c28ca4a2f_1280.png
AUDACITY,boldness,mouse standing up to cat,https://images.pexels.com/photos/31965431/pexels-photo-31965431.jpeg,https://pixabay.com/get/gbafc840d72a61f8b6dbcce9a805babae5062c81a9a0e5b4366a932b36852d9d97bb695e32c3a93aac30865b7a38fd7550b14db76296a9ca1137af176788c009c_1280.png
AUGMENT,to increase,adding more bricks to tower,https://images.pexels.com/photos/32910577/pexels-photo-32910577.jpeg,https://pixabay.com/get/g04a6ad54ece7d5be3d8e31a4c0561968e2c99965f6638890a0f5065381f425e649c4aacbb9201b4e3219ddbdb2837fd9becbccd091b49e2a9c7b310a75556bba_1280.png
AURA,atmosphere,glowing light around person,https://images.pexels.com/photos/37109655/pexels-photo-37109655.jpeg,https://pixabay.com/get/gc027139a91fd7a30c1f3c87dc706d02f465cf4c812902c23f0f24e6b733fbd94d31d4cb0320863074848e92d583e4a8e2028f32d8f6567c49267f6af86204fa4_1280.png
AUSPICIOUS,favorable,rainbow after storm,https://images.pexels.com/photos/9012395/pexels-photo-9012395.jpeg,https://pixabay.com/get/g81deb14d628c6cc84292453f59e03f721da0400cc09a5fdcdf92d4acdab259299add1c9affe01c1715bf20ab06a7a330910a0ca6f8b61a56f056ada3ed5465cb_1280.png
AUSTERE,severe,empty simple room,https://images.pexels.com/photos/14781780/pexels-photo-14781780.jpeg,https://pixabay.com/get/g3ad92f1db276e2c95440ed1266dfbf1bc6954d8d3c8a1ca6f7a06cae356c8e63efb5d0803f29368599d88a9d080b574a4db1593cf03bd01310c4886317c0222a_1280.png
AUTHENTIC,genuine,real signature verified,https://images.pexels.com/photos/31815432/pexels-photo-31815432.jpeg,https://pixabay.com/get/g0b682c0179a06e1e046193c0ef261fbea4d061a8fc59816e0ebcc88793f15592e022443468e84496de4a554b99915fac1c3b02d9ce647998678803c3e0696ca6_1280.png
AUTHORITATIVE,official,official,https://images.pexels.com/photos/28181734/pexels-photo-28181734.jpeg,https://pixabay.com/get/g029194d7b7423fa83fd8ad64c3d1fa05cdbfaf5e69fd327078c2ccf1a3d8b8416e2086b45274cbbdcdc86585b0fd498cd9de4b8736c12a25fa2e402ccf1dfb54_1280.png
AUTONOMOUS,independent,self driving car,https://images.pexels.com/photos/14848422/pexels-photo-14848422.jpeg,https://pixabay.com/get/ga2a277363690b2c5cea08d12decd1fe5b033ce60c8d6f559d9e447d7be3479adac95d8bf6b2df741eda372d000b28341350bdc98bd428e005cd2cedb623e8347_1280.png
AUTOPSY,postmortem,doctor examining xray,https://images.pexels.com/photos/12454146/pexels-photo-12454146.jpeg,https://pixabay.com/get/g784c68b347c72e21ddb194b15a950d39ee6b46de1e822cee9c01e30b8124562efa93688b3a599c10a94be03406f6ea640b10d24782a821ef6eb3068c7dbde220_1280.png
AVARICE,greed,person hoarding gold coins,https://images.pexels.com/photos/28552621/pexels-photo-28552621.jpeg,https://pixabay.com/get/ga08359d2b274018ee231a964305f6163f73b697493ca8c7b4fd11da9faabb9017aca0d2c2f25d7db9ed2af6e450a31d54963079a76565e5e68f007c2d9273218_1280.png
AVERSE,opposed,person turning away from broccoli,https://images.pexels.com/photos/3762802/pexels-photo-3762802.jpeg,https://pixabay.com/get/g63f6cf505fd77532a1dfbd4db0800c3776d124416d9e7f42735b13297440e9574ed8d35aceac616db0dac9f6d743dc27_1280.png
AVERSION,strong dislike,cat running from water,https://images.pexels.com/photos/35044364/pexels-photo-35044364.jpeg,https://pixabay.com/get/gfb9902be22163eb90833dc1f887941bcce8e7474fe7b94b6ae83b3d13ab3b74b4fd4cf6fce55065626b1823da045454da3533b3902bea890ecf836688b7d1390_1280.png
AVERT,to prevent,person dodging ball,https://images.pexels.com/photos/18294743/pexels-photo-18294743.jpeg,https://pixabay.com/get/ga8827418f6ab7d3983cd9e74b4153512c9baa18315377975afba127402950f1a37e97f4b5933176ce1df9c96e6373337b0a62397437a7e7f308d8b534c07e822_1280.png
AVID,eager,person reading many books,https://images.pexels.com/photos/20640156/pexels-photo-20640156.jpeg,https://pixabay.com/get/g5088d1026834830b2c41f25e72788cba9c2d23ab1ca3260d8e422d2bdf763a6fde4150d8a703d3ad7e2a59a543f3efdf1633e28ae3f53c8b1509a71673323879_1280.png
AWE,wonder,child looking at dinosaur skeleton,https://images.pexels.com/photos/34341797/pexels-photo-34341797.jpeg,https://pixabay.com/get/g11f95eaa78e5612d957d31f2f639d21f0ba0127f13e3c572970a8ad12f6931edc13ab6c6490e3a45582ea9d527e2a26d200d5bd30e1f5b95de489816ee158a14_1280.png
BABBLE,to chatter,baby making sounds,https://images.pexels.com/photos/8981846/pexels-photo-8981846.jpeg,https://pixabay.com/get/g9acfedc2740b627874f8f164fe2c5f6176fb4c7a8b878bed52690a11761e6c6c4c86b5f2a5711ef9afece592d4c1b81bc9366654a399e91f5a8120a47cda0469_1280.png
BADGER,to pester,person asking many questions,https://images.pexels.com/photos/3762802/pexels-photo-3762802.jpeg,https://pixabay.com/get/gc4d7e2e59c3f862deeb24d8853a640a569fcf9fcdcf36fa6f0755c93cd27a63b38d2d7a9ec059c060fc4228502e034f198a7e45a4c2fdceacbec27e3c4c0780c_1280.png
BAFFLE,to perplex,person confused by puzzle,https://images.pexels.com/photos/13537948/pexels-photo-13537948.jpeg,https://pixabay.com/get/g54ebf85d71b0248bb4e567aaa37845277a02c4227784424793ecaf83791dc0720a9ba24010613f27547b8678d00118e9c7c85421f33f0348c901cbc0160507c8_1280.png
BALK,to hesitate,horse stopping at fence,https://images.pexels.com/photos/28245389/pexels-photo-28245389.jpeg,https://pixabay.com/get/g0eee6413ab1b7f0f78e2c3b39a9def4c8e04204d351b774414d0ab5c3aaf108ca4462465ca1019d86ee876dd5cdef2f144abbf084d8a982646fdc4059d6a1bf3_1280.png
BANAL,trite,plain white wall,https://images.pexels.com/photos/20573189/pexels-photo-20573189.jpeg,https://pixabay.com/get/g59af1db862a2193488dec285d3fd6b57cb23f0c66e692a04005921be8212ceb6b01ab3c260af5dd0b1ff1593a9e63af6_1280.png
BANE,ruin,kryptonite to superman,https://images.pexels.com/photos/14517581/pexels-photo-14517581.jpeg,https://pixabay.com/get/ga237711a644dea42af006ed49a4f087d2649eb372893e3eec5da7b417f20f385e9153f676a7004cc79f67142e2ae421293f91c01bf94d4e376138c8ab8a82164_1280.png
BASTION,stronghold,fortress castle walls,https://images.pexels.com/photos/18003640/pexels-photo-18003640.jpeg,https://pixabay.com/get/g7ec1b8b524ac15e30b57a37cc77eaa4d11c7e2ba8b5ef100e31f42be033821f545589ac79f0c52b06e42cb9e448b6f5b153f4adaef290f0143a100714b1dee75_1280.png
BEGRUDGE,to resent,person jealous of trophy,https://images.pexels.com/photos/10972233/pexels-photo-10972233.jpeg,https://pixabay.com/get/g9d2516760e1b9441e4e8e9349eca163b54228bd095d1d4d09cda3c7accee26c44094c8a30b57f9b5ba392b2056929800e58790d07cc7e0f757b0fd24021e51af_1280.png
BEGUILE,to charm,magician performing trick,https://images.pexels.com/photos/35117942/pexels-photo-35117942.jpeg,https://pixabay.com/get/gd1e6c12ad636b4376fc9a5a45c146ac3b1aaf67dafa5e0110f0b85d13d8aea4fb526aa8ff85ed3721482056d5b9f4f70688ec0cee3b651534bd9d9fcd817787e_1280.png
BELIE,to contradict,smiling face hiding ness,https://images.pexels.com/photos/30653145/pexels-photo-30653145.jpeg,https://pixabay.com/get/g4e24e847b5ab5b5998bad91e8dc81d8846c36bbd570256c1768586276a3b0a92b6171bd6d8809051d74cbadd05e40e62a2b5cee62f834089c2512fef8ba1ef50_1280.png
BENEFACTOR,donor,person donating money,https://images.pexels.com/photos/12495664/pexels-photo-12495664.jpeg,https://pixabay.com/get/g69bbb35d8cdf196ff2c44b0731bdbb29c87e81141ec97e60c5f67d9702b0d82f1f9f940c6da9396b174e1f572af70b3f10562b6daae08306de31e8986d565c45_1280.png
BENEFICIAL,helpful,sunlight helping plant grow,https://images.pexels.com/photos/6337264/pexels-photo-6337264.jpeg,https://pixabay.com/get/g1c6af680cec6cbf3a8ff3d0541926bc24d8cd78ff4c40c0c7f6a565838bbe9de496f8836ea07922de0604facee3611cbfa8440f062ac9596db631986f68b361b_1280.png
BENEFICIARY,recipient,person receiving gift,https://images.pexels.com/photos/30025376/pexels-photo-30025376.jpeg,https://pixabay.com/get/g38745a60c177db097c8ddee26b4800ed87bc878fb26dbafcfeb215f75d77c6b2c861dc29740aaa0747376af64fb7bd351477d985fb915219eb859a7cd7128f63_1280.png
BENEVOLENT,charitable,santa claus giving gifts,https://images.pexels.com/photos/10284655/pexels-photo-10284655.jpeg,https://pixabay.com/get/gd6e8613e452896531716bf3a6baa4870257dc04b023b78f5cc418a6891c414a939b6a3f947e7991a04c5e5f6d95e8fcef3f2ca682a7c6ce9472a1c839610d107_1280.png
BENIGN,harmless,friendly dog wagging tail,https://images.pexels.com/photos/32255850/pexels-photo-32255850.jpeg,https://pixabay.com/get/gd8c509befc425c69a47be246010d89f25ccc52563842a8f9194aa01dbb5ed19df574d513e4aeb3778552b1ef71c4993f_1280.png
BESTIAL,beastly,person acting like animal,https://images.pexels.com/photos/8817533/pexels-photo-8817533.jpeg,https://pixabay.com/get/g6e9079eb626cafd6e99d1b3757176a4f67862e5828cad9cf121b037a8e41f03f661d28cad45812a94ea12f8d12f8ed32bf9f40ac8f9c54493c1180f03e1fd1d3_1280.png
BESTOW,to give,king giving medal,https://images.pexels.com/photos/13055827/pexels-photo-13055827.jpeg,https://pixabay.com/get/ga76f00cb1fc96f72fb5741889e86c32f58ce949a26eac1941d9bb8aa223fe533c12a3e2c2da873edb12f4d0519f5028966cea7104705c01da4c0e22b33039fba_1280.png
BETRAY,to be disloyal,friend revealing secret,https://images.pexels.com/photos/29479995/pexels-photo-29479995.jpeg,https://pixabay.com/get/g04f75df75119846e1d587bc76a123b5900818b4cb892d5ddf9915737ee162eb9cf2c07089c2d0247a1b70dd73b1ffc4003f4fb8a8621ecd986c91030d3a58f43_1280.png
BIASED,prejudiced,scale tipping one side,https://images.pexels.com/photos/19213466/pexels-photo-19213466.jpeg,https://pixabay.com/get/g2969cdb8a4df5167db47dd055f16bf74999064f5d6050da696f7c8723332af6a26aec08395488e05ed2ade141b1feaedea50b407e7bb1fd11d84927538089245_1280.png
BIZARRE,strange,man with three hats,https://images.pexels.com/photos/34074103/pexels-photo-34074103.jpeg,https://pixabay.com/get/g16622d603cefc0c1284949e293892360a57e0b430789f9f2010335552863830d0c54763a6ca454f4df04405e5f12d3bc69a8bcbe13ae59bbb4b8675c4ef79db1_1280.png
BLAND,dull,plain oatmeal no toppings,https://images.pexels.com/photos/29039083/pexels-photo-29039083.jpeg,https://pixabay.com/get/gc4e44edee6b931da262f0e3ecf4d58567d277097ed5c5982888b9ab5d3b904e740cad20e31a338329ebc3d92c9bdbec2_1280.png
BLANDISHMENT,flattery,person complimenting another,https://images.pexels.com/photos/20830475/pexels-photo-20830475.jpeg,https://pixabay.com/get/g080edfbd87422d7c3acc091ca3deabfd8d5b4dea780db678de8bfa5e89d06e2202e42d2587c63a63cc89e2bd42d0a193431d44c2a9441a9971882cf55cd3b2cc_1280.png
BLARE,loud sound,trumpet playing loud,https://images.pexels.com/photos/33136891/pexels-photo-33136891.jpeg,https://pixabay.com/get/g8c8ed1bbf6acfa6d17dd9a059f2323884154bd9fc55a56a98a0783fc36ba058f35ecb2bdf6bdb876ff3efc84e3744981_1280.png
BLASPHEMY,irreverence,person shocked at disrespect,https://images.pexels.com/photos/20858525/pexels-photo-20858525.jpeg,https://pixabay.com/get/gbf5bbc50c20e01e1475074fad080c7482ee37057fededfb60d9eabe3153c4d7ca3bca9db4f20a811f73cd01cecf98cb8_1280.png
BLATANT,obvious,elephant in room obvious,https://images.pexels.com/photos/34823760/pexels-photo-34823760.jpeg,https://pixabay.com/get/gb96253efc5de6d8803b17e7a3d637115d3c92b0869069e845a2cba36cfeaa7a7d0b726a7b29d92f22937056eacc4dba6d1fdb5533fe74c5d52f0f8aada366086_1280.png
BLITHE,carefree,child skipping happily,https://images.pexels.com/photos/28729685/pexels-photo-28729685.jpeg,https://pixabay.com/get/g6a41ec408f9f6a783b40dbd358c2fe3804ebec727a13cc56598cbb3c71f0691c96016dfafc6722618df1689472193c66_1280.png
BLOAT,to swell,balloon filling with air,https://images.pexels.com/photos/21830657/pexels-photo-21830657.jpeg,https://pixabay.com/get/g540baac980b997e608cb677863b726f8083da7f3c0384eccd00ea821f38afa55fc64dd606f087a6bc4cf86e56b9265c4706f17f7992c5686823fe452edbd4561_1280.png
BOISTEROUS,noisy,children playing loudly,https://images.pexels.com/photos/35154384/pexels-photo-35154384.jpeg,https://pixabay.com/get/gbbb0ec89445db5aeb1058ccda30db3dcf476be9de667889a79561f035bd4943209adc5dcb44b50982ffacba5d5124f3e759dbda802fc84f28af1795d09ae52da_1280.png
BOLSTER,to support,pillow supporting back,https://images.pexels.com/photos/28589227/pexels-photo-28589227.jpeg,https://pixabay.com/get/g6860cda19d09bced2ae589c543c3dadfd829052c6625051f5fcac2128abee897e37a5ca8b74255af7ae18f756e9bb2af9edd7a5a44902c7792f83eda8fe56200_1280.png
BOON,benefit,rain helping thirsty plant,https://images.pexels.com/photos/9945979/pexels-photo-9945979.jpeg,https://pixabay.com/get/g1ffd609c8ea5f81859c27933c1b9f8a8a183573a0d6e2d20f2d720bcc6e4accc66ed7e10a71afdc056827ab7296ab6ee73d2580a5f7c9c51ebc161c5cf6d5b13_1280.png
BOUNDLESS,unlimited,ocean horizon endless,https://images.pexels.com/photos/27616777/pexels-photo-27616777.jpeg,https://pixabay.com/get/g8709de70ddd67ee4225a926c2574c72e5784b77eed9bbe0255fa33eb7c44413d9ee6b7232012178b80d242eba6cf04afd95d768297603b2e6f9205541cffe118_1280.png
BOUNTIFUL,abundant,harvest cornucopia,https://images.pexels.com/photos/34949146/pexels-photo-34949146.jpeg,https://pixabay.com/get/g931307003bbd416fe106ca820ad5c143f9df4fd5bb5d9a2c4dcf40c767e3fb4227fbc900b6349622baa7ed95e9924e86e5ca493a10fde7f9ee1c3ac629b0315f_1280.png
BOURGEOIS,middle-class,nice suburban house,https://images.pexels.com/photos/35221620/pexels-photo-35221620.jpeg,https://pixabay.com/get/gdd3b3442bd9bb43b3463a5ff2c64566a39de80c4a823c3f5c763f1614c046d2d40603d88e40c65851b1b99fb4568ef577d6098027ecb21c3d88d6973aaddea57_1280.png
BOYCOTT,to avoid,people refusing to buy,https://images.pexels.com/photos/18016851/pexels-photo-18016851.jpeg,https://pixabay.com/get/g840b9852eb5ac9cfe1afc4871a730a9f65ee372db33b3ed5cee9d476c24dbdf7b2a95431313e8386f8552c86c92865279bb858499c8bf56fbf21edbaa64c80b8_1280.png
BRACKISH,slightly salty,river meeting ocean,https://images.pexels.com/photos/2472426/pexels-photo-2472426.jpeg,https://pixabay.com/get/g17e641277ecdf229ecf9e13e53fea002ff6c7eed1b38fd63770e2aa5c7cee9148d5282dbdee1bfac5ce006bdca8aabd02626dc75bfc0b902ef8fc73a68fbc74a_1280.png
BRANDISH,to wave,person waving flag,https://images.pexels.com/photos/5006976/pexels-photo-5006976.jpeg,https://pixabay.com/get/g9cd4f4924c0cd7bd1935ff68979974c54c6da251ceba25f0df94e3d459f528c17615c63864c5849fa933ed55121e6bc2ea4f398b4ed502c41b34b71866921e42_1280.png
BREACH,break,water breaking through dam,https://images.pexels.com/photos/3593193/pexels-photo-3593193.jpeg,https://pixabay.com/get/g29862e0ff5c09b71672f302e9a4993480ca87f9b4dbfa11584585ae73b771d6314e36c16b9d1d0d0edb85c0f48fe70d404ac286e5e81bd9c41f840caa9a65cc8_1280.png
BREVITY,shortness,short pencil vs long,https://images.pexels.com/photos/18889472/pexels-photo-18889472.jpeg,https://pixabay.com/get/g59e4c211b33fcd975dc9357cfba112bb13f4a8f55532dd2c94f1beefc4f659b9b8f8594564f6f33b8376cd065147106ce3f97a0cd89d5405d26add9e438f5f0b_1280.png
BRINE,salt water,salt water jar,https://images.pexels.com/photos/831904/pexels-photo-831904.jpeg,https://pixabay.com/get/ga08aa810b3c1c8f7b33aadcc8980e272d8783c82fd717801031dfff5d85ded3440e37eda20c902695046fbcb62b5eda9_1280.png
BRITTLE,fragile,cookies breaking apart,https://images.pexels.com/photos/29185236/pexels-photo-29185236.jpeg,https://pixabay.com/get/g8c918b45f1cf2e6080212614eec1b5ba6b8601a3a4e34be71ad555fafc6e28843f99395a1d06c8cf1b92653fec97c9da483a84ee8744a8db2e739c30bc560e91_1280.png
BROCHURE,pamphlet,travel pamphlet,https://images.pexels.com/photos/18665835/pexels-photo-18665835.jpeg,https://pixabay.com/get/gc9be72e5902c40e47577a74893d886dae84a5811ac44fc7a7d94fab6f63a73a5398ec9d72c96e4ffb2a0166139104938786e5d949a248b02b9f94b82d5edae96_1280.png
BRUSQUE,abrupt,person giving short answer,https://images.pexels.com/photos/20885751/pexels-photo-20885751.jpeg,https://pixabay.com/get/g6b663c6a613ece353ae72d29aaf118f28535581b894c41f22eae1a0b4caf5d49fdaed3544954a4176565e3b8a71dd7b0e216f229e33fe5d28ebd2e9b2ad59937_1280.png
BUNGLE,to botch,person dropping cake,https://images.pexels.com/photos/9329433/pexels-photo-9329433.jpeg,https://pixabay.com/get/ga749fe9c16fa22a3f36a35d92a16990f637f773639cfdbcd272ac93e8b12ebc4d8877441a86772396b8d769c811557e4f138137925cd97e8bfcfbe34bcf2d455_1280.png
BUOYANT,cheerful,beach ball floating water,https://images.pexels.com/photos/5077742/pexels-photo-5077742.jpeg,https://pixabay.com/get/g53d787ab62c1ebb0e342f07f6e2c92e0e3a8f69d1f30ae9a5ac24196d53d1a7c15d3a58c95f563edf74d4257130247003d516196e22aa478d99c668013c71bc3_1280.png
BURGEON,to grow,seed sprouting into plant,https://images.pexels.com/photos/20664801/pexels-photo-20664801.jpeg,https://pixabay.com/get/g67c36fc87c03a67a0aff43d94e99c7f622484dbfc70c667654f4982612ca7a99c9ab751d283c51e0f74d77eb4c62d62cd0c2bde346ddc37d7a6855274c4095d0_1280.png
BUSTLE,busy activity,busy city street,https://images.pexels.com/photos/29306967/pexels-photo-29306967.jpeg,https://pixabay.com/get/gfcf18837d684c79a2c7d9bb71499a96f740d34708d82e68e99798b51103a393064f262df278dc47520d25b0e749d7007d4f10b0c63177d794ea9836bb565ffdb_1280.png
BUTTRESS,to support,stone pillar supporting wall,https://images.pexels.com/photos/20818875/pexels-photo-20818875.jpeg,https://pixabay.com/get/g230782fd03876a82006c02253a97270b5b8dae1028c8f251312a2729830a1f6301e5e35fd6e6c28db7019ae0745a9859e769cc6c6a3fda5b9502e571d1d841ac_1280.png
CAJOLE,to coax,child convincing parent for cookie,https://images.pexels.com/photos/28589227/pexels-photo-28589227.jpeg,https://pixabay.com/get/g1dc6d71f5e9849d285d12cc2ebf2294d3f1a132fed21a8585481a0744c976d464ecdb6a57423547f595522f3d50241315a579155256d5638022119135887f588_1280.png
CALAMITY,disaster,tree falling on house,https://images.pexels.com/photos/29233062/pexels-photo-29233062.jpeg,https://pixabay.com/get/g491caa15e2a26f8afe7f0a8090966c3c23936ce7c78bcf22004272ad11a51056c216ee21b6bfd2d4550a34a24b1d1da467ac3335c893cc737d814610394dc2b9_1280.png
CALLIGRAPHY,beautiful writing,beautiful handwritten letter,https://images.pexels.com/photos/19664310/pexels-photo-19664310.jpeg,https://pixabay.com/get/gead938b0d6786b3e797b653978fdaba6c9d90fe47f29acda09b02f8732f43e687b26d2750bf62017a27eeab7e5801b858e9ae5d928e707e1cf6848a690bbe31d_1280.png
CALLOUS,insensitive,person ignoring child,https://images.pexels.com/photos/18625039/pexels-photo-18625039.jpeg,https://pixabay.com/get/g4cb05650cf6e3f74e64e4c5a2079ad1cef6f8aa6a44ee90e3417cda2a335b44e1005d74f8a6d25d579cccf54ea483b3ae179ab9f8f33c31ba23b8ea1d0bfc57e_1280.png
CAMARADERIE,friendship,team celebrating victory,https://images.pexels.com/photos/17382268/pexels-photo-17382268.jpeg,https://pixabay.com/get/g8c106400af314467363080a1fcc4aff0cd0f8688ce438e8126327cc4d878948c0b3997cf52154975a72e148eaa2dae72defe36c8f60fcf277d8e2d7742944e13_1280.png
CANDOR,honesty,person speaking truthfully,https://images.pexels.com/photos/3762802/pexels-photo-3762802.jpeg,https://pixabay.com/get/g0b75ead5664f854b00e4dad016416158876fba76c672468440cb17b77a4a619afb496f8f88484e793f97131a4791a0088438d10e971037c7bb52371bed9285de_1280.png
CANINE,dog-like,friendly dog,https://images.pexels.com/photos/33385818/pexels-photo-33385818.jpeg,https://pixabay.com/get/g1ccf6d38cd27b306e0d19aaf02b0171539b03dd5748931d60b6dabd24734407045a0d2bd5b625ba40177f9ccb9a47dde_1280.png
CANT,hypocrisy,person pretending to be holy,https://images.pexels.com/photos/31513865/pexels-photo-31513865.jpeg,https://pixabay.com/get/ge62dcf82ab6cc0bb1fdf22345c4c3ec466a1efb2a37e5691f07e36b3401728d94e4d5b9ec5666556b97f2199fcd087fa088f29941958328bbc8d3b8993604cac_1280.png
CAPRICIOUS,impulsive,weather changing sun to rain,https://images.pexels.com/photos/831904/pexels-photo-831904.jpeg,https://pixabay.com/get/g16bdc3c8fc8f0725bdefc72bd668c8ba32f8e27e0a7ff0bce6e7fc40c00046220aab41ca89522ef546f3555bfd465e0c8b6c8377bb964b4715c9325fb81397e7_1280.png
CAPTION,title,words under photograph,https://images.pexels.com/photos/21301307/pexels-photo-21301307.jpeg,https://pixabay.com/get/gcfeef4bc502062d18621748cb61f2ad541da0070c92cd87fe147e0d6676fc595f8fda62a0c64de420786e61ed51588f74268f4d8b0fd1da7168922f4c24798c0_1280.png
CAPTIVATE,to charm,audience watching magician,https://images.pexels.com/photos/17264309/pexels-photo-17264309.jpeg,https://pixabay.com/get/g42c45182fa8fcd39551c14f2b9717eb02600a8141f3423a9b9ce15cec4dc2056ddc49e1d1ffbf255eda2059a9108626442aaff15f762adc64d016106ea002c81_1280.png
CARDIAC,heart-related,heart shape diagram,https://images.pexels.com/photos/880843/pexels-photo-880843.jpeg,https://pixabay.com/get/gc89e6de14654a3f02ab92eef8f441874a052ec7ccf227207db5c253e209e905f386165db85a6af59581c71c17098e6c138330cbdd9cd496301ef89b31d40c4dc_1280.png
CARICATURE,exaggerated portrayal,drawing with big nose,https://images.pexels.com/photos/36170709/pexels-photo-36170709.jpeg,https://pixabay.com/get/g43ac4a009cc2381fae6e8811a74b3e4cd2cc12a8b0206cb440cf2911b776cf9aad16df36a3b0aeea14ef5cc825e9d0284d9e3a90fc1a74172c55ce57145eb4e5_1280.png
CARPING,complaining,person complaining about small thing,https://images.pexels.com/photos/3762802/pexels-photo-3762802.jpeg,https://pixabay.com/get/gbd92bc2a6ac8b850026c5f8864528d2da8431d9716d3200adaceded607cb221c91a356f23c4a856fa46d0957febae256510b80159b2356072d159c6d75b654c7_1280.png
CASTE,social class,pyramid social levels,https://images.pexels.com/photos/11010719/pexels-photo-11010719.jpeg,https://pixabay.com/get/g4dba295ef8db3e6bcb8c2e0a83f1bec080e70d01ed9dd0fc9fc3f48aff5cd0385ed68586d85d2ad052170a9ddac69fa2f490b7d95ab0a2f2da2962e746a01bb4_1280.png
CASTIGATION,punishment,person being scolded,https://images.pexels.com/photos/3762802/pexels-photo-3762802.jpeg,https://pixabay.com/get/g73d0eb301ce2bc624ecba863332a23c4c2e371daf6cc6a2aa1595ac5bc4e3cfb1673921a7b42a8910372aaea37fbf567ed049f46129916be98cb5bff3fcfe105_1280.png
CASUALTY,victim,ambulance helping person,https://images.pexels.com/photos/27616792/pexels-photo-27616792.jpeg,https://pixabay.com/get/g93caaee705f45b283636a65c08222e07d2cf7df99caa282494f15f3b68511fef79f44382311b8ee224ac8ff01de4a5ad88f615d73f7238e0ec70d52740d8ae16_1280.png
CATACOMB,underground cemetery,underground tunnel,https://images.pexels.com/photos/36905991/pexels-photo-36905991.jpeg,https://pixabay.com/get/ge25b58a84fc9aa6dcd78ca9a5969b88eb363398aba59d182ce80bdc81cd9cf2c16b7c3a9aa2053a1d7af70198aa6edfb_1280.png
CATASTROPHE,disaster,building falling down,https://images.pexels.com/photos/14638899/pexels-photo-14638899.jpeg,https://pixabay.com/get/gd84edb81918d7e28769e19c07745f9edb521639e5d79c500cc5f6ce082e51a98dca10f6c2138d219cfe335a02a137eebf3194096f749c185ce83fded429ea8ef_1280.png
CAUSTIC,burning,chemical burning symbol,https://images.pexels.com/photos/17444467/pexels-photo-17444467.jpeg,https://pixabay.com/get/geccdef84c2a0b6e0165cecfd00b35f40fcfa39c77ee5b489cbf2a04003a84525ed5d35aa652b6a35547675c6a3dbf9f2_1280.png
CEDE,to yield,person giving up territory on map,https://images.pexels.com/photos/18380398/pexels-photo-18380398.jpeg,https://pixabay.com/get/ge16efd94a97c1e1f2cae1ad49049429383e7d193a8c16ab1594c9d42808ef2f3be44bd24b056a1fe6d90e66fb438360bb4ddc95d33b053ac7899fd2fe141f308_1280.png
CENSOR,to suppress,black bar over text,https://images.pexels.com/photos/19582307/pexels-photo-19582307.jpeg,https://pixabay.com/get/g9fdc278198a2839deb17b8e34431fd8ad23ba55f27582db098dae9ef8b8982eef54f2599e9ebd92b2a9edb1fe4559cd818d41cee31c82bcb77e15e4a2cb26869_1280.png
CENSURE,condemnation,judge banging gavel,https://images.pexels.com/photos/28867680/pexels-photo-28867680.jpeg,https://pixabay.com/get/g400e01313155eabf9450b724617fb6ab7af15f50dd8fe92d7e8b8c533a4cb01f3575b851309d51b77a912f1fb7a74bd2016c2f060bc2863a3268af3e14d636fe_1280.png
CEREBRAL,intellectual,brain thinking gears,https://images.pexels.com/photos/26076355/pexels-photo-26076355.jpeg,https://pixabay.com/get/g4347b77561e05005d5e2a8d1ea160a4252ce80fb3b6963c52462dd0036e39a9e736d955d4ff8c453818ee76cadb80ed1f5bb8511c923c7cbf6f9690dd5cc7cf6_1280.png
CESSATION,stop,clock stopped ticking,https://images.pexels.com/photos/8332112/pexels-photo-8332112.jpeg,https://pixabay.com/get/gc54539c67b1646c6aa0f07c594166706e19dbcfa91488f6b01947d80b15bddde257867af46ca387fb37590157920b1a21fe38d42ce7a029595e5157bb6efd8db_1280.png
CHAFE,to irritate,shoe rubbing heel,https://images.pexels.com/photos/34387637/pexels-photo-34387637.jpeg,https://pixabay.com/get/ge16453cecf0230944b1e994a82bf0da3772b16c3a1431c5e96f3e9fbfaa9f3005a5e627d0cd151016bcd0f7246dfdf56bf465065892f5ae73a981a13ec889408_1280.png
CHAFF,to tease,wheat blowing in wind,https://images.pexels.com/photos/31744871/pexels-photo-31744871.jpeg,https://pixabay.com/get/gbe4ba9851e6de693603840a0cec6e607232609f7892813808c3d3d96d81373715582d5c77009010fd173ba589a8e70d0e179484fd01323178b0bcaeae8a3a446_1280.png
CHAGRIN,embarrassment,person embarrassed after fall,https://images.pexels.com/photos/32917527/pexels-photo-32917527.jpeg,https://pixabay.com/get/gebe5e6db3ac9bb0653d7dcde204809b26e578c09119285bce74539cc6ada80705640975abc7081d7834329ba78f438fedab6a159bdf2f0dc384cd5985be46225_1280.png
CHAMELEON,changeable person,lizard changing color,https://images.pexels.com/photos/15826655/pexels-photo-15826655.jpeg,https://pixabay.com/get/g6139c2e3165bc1c46559eab4ad137c0ff3d1899515ca69391f9e02cd19c17288994356eda997b8c59db9f8c735abbb7e_1280.png
CHAOTIC,disorderly,messy room toys scattered,https://images.pexels.com/photos/14852082/pexels-photo-14852082.jpeg,https://pixabay.com/get/g77bba7cee22ddf2847271490e95a9488e311032ca91dcdd8620bc967e3432493d61edc2e0735e6832caa74af8fa1bb11953bf4e4a9265a5bcc75c32dcaf92aa5_1280.png
CHARLATAN,fraud,fake doctor with snake oil,https://images.pexels.com/photos/30452073/pexels-photo-30452073.jpeg,https://pixabay.com/get/g9482bdbf385ba8b16aec4955595921be622d166f94d5ed706eadd5442bb46326dbefb555d5028d4de4217cdf21490e203d3496e1e065b370a448d745f3cec7dc_1280.png
CHARY,cautious,person carefully stepping,https://images.pexels.com/photos/12495668/pexels-photo-12495668.jpeg,https://pixabay.com/get/g52573977adccf119f3bd476c3db120624bddce9e7eef6994da529a811f1635500ef198f23918205ff6d2eb7739a9008f_1280.png
CHASM,gap,grand canyon gap,https://images.pexels.com/photos/16811639/pexels-photo-16811639.jpeg,https://pixabay.com/get/g460035fb9d286fdd1b941c7733e40a090cc55e93c9d5c9178b364316b3112d4d4a924d5bfd31e9164658f2612b547a284eb5d03b97301de0563cc78231f213e9_1280.png
CHASTISE,to punish,parent scolding child,https://images.pexels.com/photos/28589227/pexels-photo-28589227.jpeg,https://pixabay.com/get/gd84168e7cbe37b6870c1ca4c5a512184e73d9dbe58522bf02d27947328720c42b5a16be6039c0739dacddf05e59de65aaa6fcc70d07c4226a98ce1456f1d8539_1280.png
CHAUVINIST,blindly patriotic,person with national flag,https://images.pexels.com/photos/31108570/pexels-photo-31108570.jpeg,https://pixabay.com/get/g716877a19499ce397f36ef90eb70442c206a03a670e25f293b0853a56b791d7d5e8bcb1c779e65513fa45eac7eb1b947b5f7598016e6dd41ed287e053acbcbd6_1280.png
CHICANERY,trickery,magician hiding card,https://images.pexels.com/photos/12495666/pexels-photo-12495666.jpeg,https://pixabay.com/get/gf26c2484bcf94cd87444240f4f6f858e0b6dc7776c3b6a3dbbc9f0def7175493497dd0f7c09b1a97eb824e533bc14c6831be1ffb7e81a1c31ad5d6d0ed31c670_1280.png
CHOREOGRAPHY,dance composition,dancers in formation,https://pixabay.com/get/g5fe32b4cd7e09c5832b4870baea6d7c2c2af29d1e08f4518911a4a39cc936fe9c56903049b7b7723c5040c90b8a78dca831cd35f19a6d5766dfb4a957f929e5e_1280.jpg,https://pixabay.com/get/g898074e317127bb41665aeac04b7e79535dba747877ce327c28536643b7138398f4fca1aa4df74f53947d790d1c0ac686c579d35c4f80066f7c58bac4b413230_1280.png
CHRONIC,persistent,long term patient,https://pixabay.com/get/g316009391154408b28dd3f39b1b899625a538bf24dc488d86e7ad6a5f46ed3b855b13246dde2c8ac80c047c2bc8b4907f3a7a4d7a3185311b530c931f8319bee_1280.jpg,https://pixabay.com/get/gbb407c24bd2fcc5801a43606235cbf67083b2d75a8c91e6763adcfb94a6aa34b71e421886c712dcd36d36aa4457f0da9a5f52e57883fb0d28c556f9d550b6c31_1280.png
CHRONICLE,record,chronicle,https://images.pexels.com/photos/8451911/pexels-photo-8451911.jpeg,https://pixabay.com/get/gb38cfce882fd3af86fb773a8dd57bb02abfae4e1afa136b5563e1f6de4c1f39ac04fc3f957be7c10680e9873d95dd082342d4e86051df4de96280a870757a273_1280.png
CIRCUMSCRIBE,to limit,circle drawn around object,https://pixabay.com/get/gb7e0df160966af7b6df2b1dd2a5e348c402e002dac1e4adf324926f73a76908750ebcca3a77c8b6fcc735e34d41c6a6a_1280.jpg,https://pixabay.com/get/g72ef67523796ca6b7271fd55c4cd2da95f925b13341d0b0f871146217bfb7cc96fd63629cbbc506cca8ee15458fb291b26cd68508c60c43ebef29da998a77089_1280.png
CIRCUMSPECT,cautious,person looking both ways,https://pixabay.com/get/g8fdb662c2730ca26c21e534110b54f79e848e08a96ce470d80551f7752effc4fc85d1fb5758c2e330f03f15040db1c3088ebaa12d209c237878455c0debad400_1280.jpg,https://pixabay.com/get/g8a884eab435ad2b6409acf226341a3b0fc1446b331b339e37c87f45b9b8a5b906ed96c6653f9cf73bf8df19409316fb5_1280.png
CITE,to quote,person quoting from book,https://pixabay.com/get/g8d1a2ab834f722b6df81881f96f617c9e0594a3535aafe68b614848edc802da308ca8b43a5a7514697f47d520ec7dd646b5e313f97867c7abf6681c418663ce0_1280.jpg,https://pixabay.com/get/gc81f667bec50f757daa37ba45f4424c39c7dc2927baf3d625cbe5bd8fac8279bbe4c5f5b7d20d49e8474dbcb9baf659ee31fa0ff3f4f0f1ddd92d5430401f929_1280.png
CLAIRVOYANT,psychic,crystal ball future,https://images.pexels.com/photos/11533116/pexels-photo-11533116.jpeg,https://pixabay.com/get/g2909d24f860de670f56313eb7a1bfe05da326892d7f6c7c7f3a9cb4914c1eafcadb4d34fdb5fa384ffb0441d94a2e092_1280.png
CLANDESTINE,secret,people meeting in dark,https://pixabay.com/get/g9af3db76e8cab2c00ab02df2633dc9b10ca3050cbe1238ef7c4a484662c3a2f2ba33ae81100477bb50782ed4672d68a4c4a56eab487f90822f5ca0e240d81774_1280.jpg,https://pixabay.com/get/g847310931715d369ba720826da32f7bd7db84c946ffc8b9b1aa1dc18633fa7075ee264baf8b468cf4adf4dc2f6d5150b83d20877524764263972f1455affbe7e_1280.png
CLAUSTROPHOBIA,fear of enclosed spaces,person in small elevator,https://pixabay.com/get/g8ed62eca5d7909cfb6930a977918e3bcf02590b2b5c904c00aa4a15c9c90b5f099a4af875f2ea987eb35ced6730a03929585d984d7682b01af15efdaf8e499a7_1280.jpg,https://pixabay.com/get/g2cfc9b7ca8d76773aa43742f6df2930e2de09b2d8c75517c040845476f43bc95da31c0eb6f6e01f6c4ac0a8a31cafd21cc829d65ea1e16134034f9a2937eaafc_1280.png
CLEMENCY,mercy,judge showing mercy,https://pixabay.com/get/gaee170918c3c08f446396efbca628cdb7d9831e4e2ed06b0a613d77672d3dec74bb09a7922882aba98c9d282d1403d23dba0685e2774e647eed85b076809ca4a_1280.jpg,https://pixabay.com/get/gbaa81d6dbf8ba80b95e77ec705506bcd4a3026793e289ec03d88e91a53b32db92a001a9e0bd3ef8d57c94f1b947a22ce393dfce25e4cac7277c6765924d0a7fd_1280.png
CLICHÉ,overused phrase,overused phrase,https://images.pexels.com/photos/3762802/pexels-photo-3762802.jpeg,https://pixabay.com/get/ge7e033800ae98890ff6e2357dc23d9992ba4658b5f2b4214cdcbc380a028a05024671015f9a59a99a57865e3263244ef173a23bee3cdea67cf2872e77fbfb5e7_1280.png
CLIMACTIC,peak,mountaintop peak,https://pixabay.com/get/g8337cbd4ac499cbc6161cdd2cded9e00c1cd3f61cfa522bd5c4f936f5269c159b3772401662a44dd85f1c9a218154af56e9576b653ae42b563254c2e4769b8b3_1280.jpg,https://pixabay.com/get/g7b31465845aa4a89d10d3bd9ea3ea2462aa3eb2b9312f9bebbe55293cbcd97113fd2b4c58667a5cae94fc9ba08148140307977f2ededd59e0da42088170460ba_1280.png
CLIQUE,exclusive group,group of friends together,https://pixabay.com/get/gcafd69f51b8cdd2ee55cee98f3f1b05fc9036b515cac961ac8a971f47e8b9d460f175ef87bf2422e43cdc69a6e9cb2c2c57a5e0794c1a04913e644c5232cd302_1280.jpg,https://pixabay.com/get/gcda90ec5d04f3718d3428b95048ebbadcb714288b6508f2c978c9512579a73cbc4799adc8d1d9d20046c62cbfd82085183e4f1b477cf4d1422aca7519945b0d4_1280.png
COALESCE,to unite,water drops joining,https://pixabay.com/get/gdb932bb04ba06d593cbf1074f6dee48f9927e2ff32e667d246f6eeb23fc06a3f3486a9fcd4dbe72351625dcda8129671622e1a4eff7d9e3ff3a066c08527f1eb_1280.jpg,https://pixabay.com/get/g7ec6f83e180e2cbdb2ffe63c0b40b69db4dabf43c166547e739d12960ebad321fd8dfed6752d2c4a9ca62ff6afc9cb4ea62fde2fc079fd59207dc29c8e0ca49e_1280.png
COALITION,alliance,alliance,https://images.pexels.com/photos/29193426/pexels-photo-29193426.jpeg,https://pixabay.com/get/gffc00e00252c5d658a82b919730a8137afcb41ab86959a6ca39b08f16c272535a4e434e6bad34a328c694cbd55523c93304616e9994f3056a65c466c2f83768e_1280.png
COGITATE,to think,person thinking deeply,https://pixabay.com/get/gb74e44c843eea7793c4241a1df51b7601fd421690993ce42a73461133037ce5fefe431f61a4b0be529c639be3868a1de6c6d3d52092d65e4dc6ce64a7097b96e_1280.jpg,https://pixabay.com/get/gb2fce038da50653c44983327da74aaeb37634fc69df7ca82e1d36efd7233925f866bc647ce0a8d5ada786926e46e2e27525e937e11146d4aabf3ae1638ac6958_1280.png
COINCIDENCE,chance event,two friends wearing same shirt,https://pixabay.com/get/gacd519b5da6a4d0661ba403d25f82178298e4b435cad3efff41e2320ba9eaae6d48b22f0aef39b31024a2404d14875a9b010aa27680eedf0b166bba10621394e_1280.jpg,https://pixabay.com/get/g895c217d19d96a7c4d96ec7d212d90df0bc1b762ac01e41f4ddc773b5f566d3c9e02179b5ba08e54bbdbe4ba7c917ae78b3180bf0bdd77d42bbe8a5ccd8fc4f6_1280.png
COLLABORATE,to work together,team building puzzle,https://pixabay.com/get/ga1bb17783c369249ef39fcc5f95b433a1b9ed34c6ca60e91902e33675eea3b5b8fcfd25292175666aa620a2713d0db9e377aff9d6d5b562df1ab6e07599401d4_1280.jpg,https://pixabay.com/get/gd3565e44f7dc289b02e3cdda34467fc0019395594c6500b78e73df27eca1a5bca799bf975fcd481c1552edcd39ed2dd6ade50a1f250a88ad8dfe519ab66f13b0_1280.png
COLLUSION,conspiracy,people whispering secret,https://images.pexels.com/photos/19568315/pexels-photo-19568315.jpeg,https://pixabay.com/get/gcd02a14873c3d67d806b1bb26eb398185898061bb4a2c97026fb43d7b3598ddc9c1244e0f1d014ef0c1982dd50d19b44845e3907146b7f4758d0972f06aa0911_1280.png
COLOSSAL,huge,giant statue,https://pixabay.com/get/g2d6233f93c87e1d63326cf7ae050af8e008f018d46fb8d4fbf73486a39617440cbf7142490967ac3559d580d96cf2d64c65945e713b275fb932d466950ef2a8c_1280.jpg,https://pixabay.com/get/gdaea6b390d1b76ff594976f8d1205456379aa4ec1a6fc572d1f5ea4ec24987b26fee0eff9cdc4133af05d5f635f37238952ead1500d6d95d69a9e5820e2228b0_1280.png
COMELY,attractive,beautiful flower,https://pixabay.com/get/ga56e5018539e7d49b25ca61e784e448322d833892be81b5d451d0a478210bae11f5cf7bc6ea7c01e876c2fca8ec2f31edaf54a5321715de225450ee0f56fa7dd_1280.jpg,https://pixabay.com/get/g082622e3ff363cbb8ec4c851b1de899debe428dfef4b62bc9d7a30e8ecadef05f9c9fa3681d454f2f2670951c5163a0e01b8d03f2d1e9426bdb634700e62e79b_1280.png
COMMISERATE,to sympathize,friends comforting each other,https://pixabay.com/get/g47d3d87ee7b8fae676e732b515d064301246fd786d6e76a9b7b3ac779998e0c13a87b583520485a592a742643717052a2b36e8b4659ce262e07b71db291593a4_1280.jpg,https://pixabay.com/get/g4dc01024ed6a2e4e08402bb216812cd543c45ab1133acb7b5165b5b1bb5b474d93cfacaa6da2c1941d679065febedb1c_1280.png
COMPACT (ADJ.),dense,compact (adj.),https://images.pexels.com/photos/33385644/pexels-photo-33385644.jpeg,https://pixabay.com/get/gba4ed8527c3dafbdae92c43fa63aec90c6ddf535352f35526573a5e174033d997c9081e62faaee09c78b0b6f0475781b3fdf246a52a53b01f94c2a4cdd0e6326_1280.png
COMPACT (N.),agreement,agreement,https://pixabay.com/get/g91f7ae0ec8a2e98d97c4ce1e67823001b47dd21237667daaccfee707b45cb83dd7c1d8ed0cd4315169f1529674ef5aa664420243cf4ca42b309bb4adba7027c7_1280.jpg,https://pixabay.com/get/g5c5673c0016a2f7bb098046d38a4c198192e6aa15a63288cf07dabf80864de92e4342161d66d201de5a6d5d1a0dbc4c34acb8f735fa6b3b273d0a0823707365a_1280.png
COMPARABLE,similar,two similar cars,https://pixabay.com/get/gf3333f3ea8d26108939780595222b4007c125dc07f38d7627e70ece2e470041a9cdeb0c2bf9ad0f56ca0fbf6879df595a590950f3e4e7a6d593af28830d06141_1280.jpg,https://pixabay.com/get/g58f1259248a25326b3d602e41f63ba9cb585f256fb443e1e3e1820ea31a55e486c4b8f103f9d1e7bd3823840a33addee_1280.png
COMPATIBLE,able to coexist,puzzle pieces fitting,https://pixabay.com/get/g2e30ea6b93e29014ce25cebcc03442bf1dc515510ce1a02e27030c764f1e8fb95c4e383c2355b7c226ef515d97475077d4481c55ab17ecef47ee37940632bca1_1280.jpg,https://pixabay.com/get/g7121830857bc59be1442e78e755cb5274f8ac053708085852c23d8a93f25c107fedb900b518f7eba624ab4e0531c21d863ab033ddc3a1bcda0a65c5a014d9feb_1280.png
COMPILE,to collect,stack of papers organized,https://images.pexels.com/photos/20818883/pexels-photo-20818883.jpeg,https://pixabay.com/get/gdf18783adf8ab2d299e975d23461f804aaede8707ba66ce9c21e60a7d399e05e4d61767a362709db3c77b4704811b63e_1280.png
COMPLACENT,self-satisfied,person resting on laurels,https://pixabay.com/get/g299f92607fcd40ee305f80bb9ad61b8cf139a2112a659ff9ec9318ea1e9135b9118e1585fec949bc352494756c2aa2401c9aab6db9e56b48fcbf7ef7c16735ef_1280.jpg,https://pixabay.com/get/g7bcc3e268e4e6c3b1ef6cbf195ffe7c63ccd66e973270a2ccf97fbef810300a13ae01393d4da89710d0d86ef3830faf1a634bb423063c9a4a625976daf36a191_1280.png
COMPLEMENT,to complete,peanut butter and jelly,https://pixabay.com/get/gb87a2cbe706021ca441e75c0383cf8f2cec23dd074af4153b646ec47469773191fba8b68239cd93932318bf66d3db09fced39a235b52f2dbb673a4981050eec4_1280.jpg,https://pixabay.com/get/g57e5df000de41d1056eb8bde943518637ac9b69aec5655297e9e0812430b6fc53672d2e34221fed7c2f23c77f3cff617156b69e9987297e15e5e013a5c566162_1280.png
COMPLIANCE,obedience,child following instruction,https://pixabay.com/get/ge8fa80ceae18277a0d6a5c4ea1822e9a023675bb246d7314db970dd93b3c25a6da35da40afe788866a70597aa4dd2ad5ef6f642d2447cfdd7933818324cecfcd_1280.jpg,https://pixabay.com/get/g447c75e536dd29a024437937a59bea48a44a39959f0a93ffe5a0cf533728517732d9f76d25a35ce38852b870893ebe3e98d1146212773dcec8e83ab6e7d5f225_1280.png
COMPONENT,part,engine parts,https://images.pexels.com/photos/9666306/pexels-photo-9666306.jpeg,https://pixabay.com/get/g104cf895ff33d34a0716aacdddc8195d81fa6709221945cc8d56b2c3dfac7cb947a430044590642d61fb0142c0dcfeac_1280.png
COMPOSURE,calmness,composure,https://images.pexels.com/photos/26221022/pexels-photo-26221022.png,https://pixabay.com/get/gf79dda317f9eda389ce37bc126376ad60123371d9fd2fd2e3cbec9a29b1b9b02d38b44abe48dd9dae7e004b8e5fc7297568d40aac5cd23f3f2750d81d851a587_1280.png
COMPRESS,to squeeze,squeezing sponge,https://pixabay.com/get/gf5161fa1a85c14a06a1ce6c04b50bd57b2da64cb95a537c2d0e62ccf81c77dc66bc2aa933b382ff5c0cf3cda8169f71289d84a57352ddc36325ac7ff30fc6759_1280.jpg,https://pixabay.com/get/g23cf8f018dd5a76c2208d9e05c6dcd34fb33b45381b3d2cb5b6d44f5519f3af73058b1b8381687994024cf46ca177d9529164e83c99c3efa6e2e1ca7a7cb005a_1280.png
COMPROMISE,middle ground,compromise,https://images.pexels.com/photos/35357998/pexels-photo-35357998.jpeg,https://pixabay.com/get/g07749d933ef3b823e5bb04a9e15276e48834912bc5da08590602ba68e5d0df8405aa4bbc4bf5672561aebffd57bb7b56de3147afdcb7f491152487aa4a583b41_1280.png
COMPUTE,to calculate,calculator numbers,https://pixabay.com/get/gef8891555dc73f16b4488f7a2989481ae0b9cb7829c0c7324655ce4e9f205c310718fe7c32b8017b8c833fa74d100572fcf6917bb490cfccf50c5b2c96045fee_1280.jpg,https://pixabay.com/get/gd43425a6f8469a57ed1f8618f535beee847a60b3742140dec6856eee90c55e3b74e77b0442f101f8c6221d371adfe8011d6c567a26aa836f3e18383f3aa347c5_1280.png
CONCERTED,coordinated,team rowing boat together,https://pixabay.com/get/g55a30b6d56f3625227f25b5fdf74f08f8974c9a7a207461a5270a49e3f61fb8edf7a4b35beece85e0412865d853e3df3ae402fa1965616e164ec5de9cba4f402_1280.jpg,https://pixabay.com/get/g4af85ee148686a9e8418e469809a3cc80812aeb599715b14ddf83d03223777db728ffee8b27640d784b656b6a03e2a851863f42bc90298336db2f90413c0f524_1280.png
CONCISE,brief,short and clear message,https://pixabay.com/get/g12bbcd948593ff77eb19afe818ea6b6003276c9c3072fc8928efcbdd1d625eef7653f6704c0cb5641d41d968f00470cc636a7c265768f8225dfc467152734647_1280.jpg,https://pixabay.com/get/g8cf7daeaa6d895388437847ed1714c005a5ed578bb7d9d7e5ceea2e90c71ecbf09b52f07ab54d709d91a8c1e95059bf4_1280.png
CONCOCT,to devise,chef mixing ingredients,https://images.pexels.com/photos/33094634/pexels-photo-33094634.jpeg,https://pixabay.com/get/g4a1b97b69e6042c112f18eb7f38cc702da60e008a7ff91f40d6122d98775c64ea923e9223516ec3f4da99accbc3e4b17_1280.png
CONCURRENT,simultaneous,two events happening same time,https://pixabay.com/get/gb5bd9b6d9640d58e5f8754807d6453e8c11f042ec208ff5fde78c1af0bbe0f8cf4573c932385fdded389691dc18e04fe34236c83277bb8926305eccfee36c261_1280.jpg,https://pixabay.com/get/gd672ec57c46bc1a6d0fa4d080e6fcd2a15b728f430c3c64d30d5a5b1143101500cd3a71b52740458a42e9496e0dfa7e6b3869b93d92143b12166d1fa1a21ff6e_1280.png
CONDESCEND,to patronize,tall person talking down,https://pixabay.com/get/g7cdbeb2360a880988b941d51f9347f8f1088f1109a181c2c29085901a4fc97a779d3712bdc949369778268b688aa657fccf188b8ab976225a113e3d8e403a8e8_1280.jpg,https://pixabay.com/get/gea2c5da58f5c050376c7a1d15111d66ed22a132dbde2cfc552031ec15263e9103bc4ce63d1c85d08d47352cc57db58252c5a1f6e126a8cdcc3e17dd64a2b7f7a_1280.png
CONDOLE,to express sympathy,person offering tissue,https://pixabay.com/get/g11e06ffafb30047f3d9d59e4e99af90a611c5511513ddee9c857b037da34375b28dd7e5f9d4a7f7c018b889009ebbfac923dbe52fe8612a0250ce795f437a3d5_1280.jpg,https://pixabay.com/get/g85096cba45a39d6d495a87bb1fc7cb1e97cf6fe333115745264eeafbc57179b065d1c4845e14164a266659520436bf20dfc52f5e8d299dd9dee70d7fa1c344f4_1280.png
CONDONE,to overlook,parent allowing cookie,https://images.pexels.com/photos/28589227/pexels-photo-28589227.jpeg,https://pixabay.com/get/gb7b3239e205025d50ca8a7f6e477ceaf22f2a833f63e4caa49cfaa441acbbcffc845cd746e59dacaa8b283d723d320646f5be09bb3ba12786895f9367bce6b34_1280.png
CONFINE,to restrict,fence around yard,https://pixabay.com/get/g9a95a31cae78a4e87bed8e28c20754c512fb9b0c6318154c0121215d0c5240dab7cb5fff8b693bcdcbee18269730d72c57a135067964411207ab6136cc07192d_1280.jpg,https://pixabay.com/get/gd30b8cba34898a4b6daa3d6810163fc1ab6b9e9b825890e7fe3a4655c8f386e371e3f3b833efa4214b1069fbed37caf21c0a9d65b675e5a1cb7547892e4f754c_1280.png
CONFIRM,to verify,checkmark verification,https://pixabay.com/get/gaf9fd9ac0b2c5a300de43dba8ebebec3207293a3b377eaa96987c42fd03de92cf25034b5d8a6cda3e2868b24411b6259e514a6e54d9e77b718888ec11d2094f2_1280.jpg,https://pixabay.com/get/g7f32d9c295801c8b92d3962fa48097aec61070ab9315a991ffba1ba1c0ca7769021f55b404f012cf84239f14be9b63c311f5c890b2fd78f0d38f2c4cb19b6c9b_1280.png
CONFLAGRATION,great fire,firecompetitioner spraying water,https://pixabay.com/get/gf5ed97cecd97cd73bb6c30c1e23232037d2826e5493fb0ff94f86cc834440700c43c563f271c8c97626eb04b509e9e7937216b5ec90e889e9b262e151011e23b_1280.jpg,https://pixabay.com/get/g5fa3405cb51a929470f027320eb189373471236c3fd4b89a94080b771705d4f9c2e489e6ae17fa7031ae81f52a9114e2c3dc86c656dff4ce080602d878ce5eba_1280.png
CONFORMITY,compliance,students in uniform,https://pixabay.com/get/g4f85e7b3da453c8c5ccce2d4824ec364fd70bf4efd15e749d8158b4c56d16d3dc15daeaf2bbd3a7c83f484d1335026045600b5f1a3131e7e81f10c9ae5125cea_1280.jpg,https://pixabay.com/get/g7aff3d7d2a74c510cb035c873ed449dd549adff924767e38efe5613eeb435efc7791054a6e5e8aa1c9caffa9eee2979b0695b01b805c781a08478f613ce5aa96_1280.png
CONFRONT,to face,two people facing each other,https://pixabay.com/get/g9d570435d1aebab428ae34b6a05dfbb0b096f4a38e7f9b18136d33ab4abb898ff7bcc974e5d80029221cd0c0021e7f1acaf5c142f309075efd17c068de720ff7_1280.jpg,https://pixabay.com/get/g19fc198fad6383590f64c96bc619a50410ac2b659cafab3c0b48283c47dd79ffd5f335f921f11a85183a62602a98126a0a5e3cb3c667ea7a4f118371fe2e5d69_1280.png
CONGEAL,to solidify,liquid becoming solid,https://pixabay.com/get/ga905e3fa957f213a7f28a948a73b1db248dff4d55d8b13f3f40312b9e068b748646d474ec119d59da31946f87c211ec3cf0593b77df74e5d27280eda2d4dfe7b_1280.jpg,https://pixabay.com/get/g6c7fe0c3831448057d1dae8739e091109cbf1b092a6c0a9927b7fb70ea71657f2a42c8ee3d9d836220bf8d72283df0670b1faf95b54aa07e42f069df7c1e75bd_1280.png
CONGENIAL,pleasant,friends laughing together,https://images.pexels.com/photos/11702792/pexels-photo-11702792.jpeg,https://pixabay.com/get/g8ba9a052876ae65fb52cc54a45b798c90f34bc7acdcaf6a843636702dd114655e53443de30bc34f782c81e5f40cc6a97_1280.png
CONNOTATION,implied meaning,word with heart around it,https://pixabay.com/get/g2c458506fc49894febea3fc41b26a1e7bf147fa2e07e268d8820e16b4cdc53930fd20b814bf86c94ab26563b7cc28cfb22b134657719ae344cc6a0ea83570aed_1280.jpg,https://pixabay.com/get/g036f7fd05cc3aeb21d2c080d08338b2edfc4846c8fc8f45c28176d4e8630271ccaf7ac9d80570af091d61e674a2373bf99a1cb4aa858538154069d7769632cf4_1280.png
CONSENSUS,general agreement,group voting thumbs up,https://pixabay.com/get/gabef2420c522fd19afa1e254572ed9b4ce1198f072b8d044786c4ab22fb013ec055463b62460bd2f5f456f78471586987615db053120f8d4f12bbeb4eaee81e7_1280.jpg,https://pixabay.com/get/gfe23f979a7927da040942517a4058b3f163c9232a2822b7e341495c708fc2c538ab30b25d3b8d333d02bb6cd923599434db3bd8cc0cbe4fc9e5e0b69ffe49673_1280.png
CONSEQUENCE,result,dominoes falling,https://pixabay.com/get/gda82d67ae12cd4a1e0c6df37c87c46dd2989bc57d33bd80437f9827e3281808b59a21f71ce2ce8ab452406577ad224cf855350e554e547951296c9803bb6cc9a_1280.jpg,https://pixabay.com/get/g3890cf4138794f2009fe540193d2606c329fe2d50eeeef9a1e5635c88aaaea5728624ab46f6efc7024e8953578c045e6963aed6c8ce22626452eaaff5c0a7d7f_1280.png
CONSISTENCY,uniformity,pouring same texture,https://images.pexels.com/photos/29039075/pexels-photo-29039075.jpeg,https://pixabay.com/get/g02aabbb1c743a280a1113d6f71d8cd7044133c2983b73f974b121b108f8b6a5a3bd2c646720ce5d47496a3f7384de9c54c543de1984b70b48cf02bf594400b79_1280.png
CONSOLE,to comfort,person comforting friend,https://pixabay.com/get/g21eee84aca806d327508d935e0ac839574124937a5125d18eca03c915fb025ae75a61253d718c34ec4ce7c7855c59b9c7141d792deef44bd743c7f5b5c616d46_1280.jpg,https://pixabay.com/get/g1d59ff54de226fac0589e5015cc44b61f54d9d2c8e3abd54897facbe355b551e62def004c0074d4a82972012813dcf154562d43b4f53ac65b6b19d55f79b52f5_1280.png
CONSOLIDATION,strengthening,merging two boxes into one,https://pixabay.com/get/gb8a6035109da9d530f09be2a9fde01c5ec37e2eaef03023ed6506c9dcaa64c2c85f6a6cff3330aa994d5fb4a8a6713e12d2b03e8858b7a117858a94d58f74d99_1280.jpg,https://pixabay.com/get/g606e0c192381424af01b8ce33a29cc1f2e4b83ce1fa5e6d2dad66bd0341498f023b647a885b9e5d6ee7372f553ea84e3_1280.png
CONSPICUOUS,noticeable,conspicuous,https://images.pexels.com/photos/29479778/pexels-photo-29479778.jpeg,https://pixabay.com/get/ge93d17529d58d94f79996d7866cf3db13051c8abeda93e749fb331dc9160bf499d5e670f21cebce87db53f789cb6d12e_1280.png
CONSTITUENT,component,ingredients of cake,https://pixabay.com/get/gda72e744c5e4ed593514acb0d200a8d5592bd5d2b4756bdcd2d0a5f16822fc2d929d54b824daa8f5805607c2d6e9b7332b16eb4de5b3aec21268d5566bfa21fc_1280.jpg,https://pixabay.com/get/gc03dfa0c4c01ac065c498e8b445bdce4707c7a35e65d1827fff66e7f33cca61d281ecf4722fd4a4139e8b5a77df302fbb672f58df14f8587124377078f5c9906_1280.png
CONSTRAINT,restriction,person in small box,https://pixabay.com/get/g813aa1e6f073b931dda5963959b56fab7b7bbe7d80f346ac21e58769611301dc35704da4287504b5a72ffd85aed2fe5f2828f5285b3071669553b415c51c6e4d_1280.jpg,https://pixabay.com/get/gab1e8795dcc55f4008fa4b869754566c7de007aa51af5aec5c0dab45cf98cb235ff92e97b262588b33341989b3fdf450a1389a96f70fcabfbb5407d6f0445df6_1280.png
CONTAGION,infection,germs spreading,https://pixabay.com/get/gaaa9ee7677f69b19b172f421d4ee4f34acc8e8d9e26594f7f00ce5b914694e07475c97d6a4857a3221f601183d9af3fa1c9862042aa4ed805ec5d32687482a8c_1280.jpg,https://pixabay.com/get/g5970823f48d76dbe2efae89d6a597d844bf0e1aebc07044316842f6e70c2e8ef52f4ac4d38bb893018a9298d1635137bf5532cd3c7caa676aa995bf275f79775_1280.png
CONTEMPT,scorn,person looking down nose,https://images.pexels.com/photos/14638899/pexels-photo-14638899.jpeg,https://pixabay.com/get/gb546128e93f3dd85240e2741f41eb862167ce0c06c1b1ccebc05c9073ba4865f831b136e1b2741446cbc43eaed5eb30564b960380d2d255adcdfa9f977e67a2f_1280.png
CONTENTION,dispute,two people arguing,https://images.pexels.com/photos/19568315/pexels-photo-19568315.jpeg,https://pixabay.com/get/g5c20fb4fc0ba81c639baa9772c0a48088d32ebd31428e3e54613b138dada812f32245ef372eedea4e8b06c7fefb55110e817c54aec311157e2db25d12b9947b7_1280.png
CONTENTIOUS,quarrelsome,debate podiums,https://pixabay.com/get/g65323f909b08a466cb1d71ff57ee2a1e977baa658636153de479ce7abe7ccfef5457ec2587e2274a6d49a9851835bb46cd19959bfa1350171e44e68615d9e762_1280.jpg,https://pixabay.com/get/gb318c9397ee503037f77030dec9e26f8cb37a8fad291c61c6d6adbee8ab883cf8861e233dc174a525793f669618c3e9aaa1df8b433c46096fc8018daeaf3fcf1_1280.png
CONTEXT,situation,sentence with surrounding words,https://pixabay.com/get/g8752f28ce2d72c8e75e2d0a272e6e541b7d97815115cdb4335d7fb38f282518e80c2f9b21909f01d799d12d2ce4b7e2000366da30fa8864681e0de64b7fda1ed_1280.jpg,https://pixabay.com/get/g16a3e0c2c80a72c7f89860c1909980da2fcd69c51d831e7351158425a166cfd3a8c32c4094eb210fff59c1195a0a24a77d5429711727d733125436d8b5aaa8af_1280.png
CONTINGENT (ADJ.),dependent,dependent,https://pixabay.com/get/g3798f704035385a0dea403be926681beb8bf54737a4654e4c069121cb1b701293509229c90978c53f6bf0fea5f7e54e3e79584dfdb1cc9ba263c63842a1aeb15_1280.jpg,https://pixabay.com/get/g7f937f76e5385d78bf26d85d35780226d8ad9af8447cbfc5d9fcc93795d5f2950791a1554bef54eca7ce1c96080cfb52299b87f93371594e7d2904e3a65b14b6_1280.png
CONTINGENT (N.),group,group,https://images.pexels.com/photos/28589009/pexels-photo-28589009.jpeg,https://pixabay.com/get/g49cd99750779b07f6f86df32d08e88011c8faaf0b6122f174b7ab5ecdaca41e4d3ec7c6627c8271d19bade21c629cbf639263a97c266decb00ddb5cbbff033ee_1280.png
CONTORTION,twisting,pretzel shape body,https://pixabay.com/get/g6510ee5883cfc18e792a74f99fa88ae71dacee595605a0efd9b4041d0c3ab2548acd6169416fefc05d6269443f042d1718173e08840e8ff2c84c18ffc8624288_1280.jpg,https://pixabay.com/get/gfe4e93708991a7d99b741957e0ce8447294987cde5b626f15088d591605bd4f43d06a656786fb080cb2d29a5de2247fb53cb97d3cd32468bbe70cb369e163d2a_1280.png
CONTRITE,remorseful,person apologizing,https://pixabay.com/get/g39169994dcfd5a9903dbbd8669d30db659b5f386a82cdbd41aced3ecbb00ab95b47b96adf1ecb3ce31e74f20fde7b3ee839b1e7dba5090352caefb033eaf562f_1280.jpg,https://pixabay.com/get/g0d8a0887f3f319cf930f190c93788a7189560b7c2bbc55095141c9926f4234443ef7b28526eab427d20364284c744279e0683439fa0fb84f3236e7a3e3e8d261_1280.png
CONVENTION,custom,people meeting in hall,https://pixabay.com/get/g00b17e238276dc043ae4b6e928938b42eaaf33b6c59ee31c41ce91adc7dee4970f027dea823f7d3709bc0dddb650b16af0608d6ffcf23fec0b58447175270008_1280.jpg,https://pixabay.com/get/g7f423b3bc16b4a430ec67651070f803f78da19d367ab8655d332526a1814440cae016f8d51c989d30b5b0ac3de182dc31a6493b1d409e042d13397ad2ece58bf_1280.png
CONVERGE,to meet,roads meeting at intersection,https://images.pexels.com/photos/19984928/pexels-photo-19984928.jpeg,https://pixabay.com/get/g4f337441757f9f96653ef016211bfda32cc883af7ca640a706da0ebf9dd12fc11c362e5c7d8ffbb3c36f32595600d8eb_1280.png
CONVERT,to change,changing water to steam,https://pixabay.com/get/gd9a3ef2fd310733b33e60527e57484e2874f722736c295a21e1ed155311d31f86b9771a1d9ea5b273eaf69a8ce08e991faabf6c75bb8e48128bc05019e6b493c_1280.jpg,https://pixabay.com/get/g76b13304d7674ba66a1b4795c5ad01d46520ab651e22b6868c0db1f226adc0a1b7f7741472f2485bbdeef421ce808c169370c1031ffc2bc8054a2ac2176ede21_1280.png
CONVICTION,firm belief,person standing firm ground,https://pixabay.com/get/g09c65f166a0e2b33d7de45ffaa6541c54082da566599d8c16f4b363749d9f125791e28e832b7b40a1253dbdb6d26c069c615616e970101e9383bc16ab0626c07_1280.jpg,https://pixabay.com/get/g8cf8321a4763bd722d9eea47ce40dadaeeb42f6e008c9ee6d914b6af8fd1a0d295c7d1fecd5ae079083256d87cb70daf_1280.png
CONVOLUTED,complex,twisted rope knot,https://pixabay.com/get/g19cbfa69fd2d410a56fc2b690acedfb69707953f1fc2d954035da62a20209ada1f2a09646765fcbe2813ad53a2e90458df8cd312e43603d8a2ed36f63d1a6613_1280.jpg,https://pixabay.com/get/gd15ac46aed2413d93e6875c430634054062f34f413590227069a3fab4dd77f2eeaee0e82c18e43e24c97581b8d6044921eb2cfee866a36745f34a715f85aea0b_1280.png
CORDIAL,friendly,cheers with glasses,https://images.pexels.com/photos/30701542/pexels-photo-30701542.jpeg,https://pixabay.com/get/g47ff24d945e5f2d4c2e58d0f26eac0d4eaa24b32718545295009c7ac39bc91f59072c12567a863f8e0164f00180af291bcc93e46adf1f2e1ac857289bcf1ff0a_1280.png
CORROBORATE,to confirm,two witnesses agreeing,https://pixabay.com/get/g75283473f5892b6ae6ea0d156dcb6e76fc6defcf95b8b504b67d0cb31dd3753413b9867c8e4f119f714a5f6c7d3412dd0fb54faa71b3e10436c6d65489e9e7bf_1280.jpg,https://pixabay.com/get/ga1462421da1b3d0f6af8f263f7930a657fa9048f376557dfb332f5310e3c574f7eb81b4eb3ce4aff027f4f9a6794ce284c5fc53c8e1bfbfac575bf5d1f0809e4_1280.png
CORROSION,rusting,rusty chain,https://pixabay.com/get/g2e8a06abe6b7aea543493407c8bc4d7d68d8b65222dc2a7c5b16745a8df519435818893944ed4ff8cad9eea4ce3c1004a2880ffd2a865a73aa799ce778d8592b_1280.jpg,https://pixabay.com/get/gee1a943b805ab3925448bae607fe53fa8031dea4c28c4f439fcb9513ec96daa3cdb39983b93690ac60f8d34b94e38b50a9532ccb605923775b4a315a63b42053_1280.png
COSMIC,universal,cosmic,https://images.pexels.com/photos/13312407/pexels-photo-13312407.jpeg,https://pixabay.com/get/g82e496c8159641a076b63ec2cfee2aeb4a1ba55c50901dd02aff78e682c1da349b1b2ee7ce2337ed61afc5a3944969d65c4cbccff7100fc3755b5b86ce31f22f_1280.png
COSMOPOLITAN,worldly,city skyline diverse,https://pixabay.com/get/gef4c6fe3f2557bcfb6d876d04abbed1cb5d6492d7a0b521c73332f951b5f804f4f52df7b47ddc533462459682bf2e819d290d89ef5502c897243c6f36a190686_1280.jpg,https://pixabay.com/get/gff7dcdb24cfabc8d72fe3ae0588e796656edec0f6b3b564ca80da5cb6cf91b2261a79f908e5103409dc6d329e4457f4e4aa486bd6052be948cae79dbed8bcd53_1280.png
COUNTENANCE,face; to approve,face; to approve,https://pixabay.com/get/g1afd2d4901c5a1337425372f5c86ce310eebde96959f7b4b4d7aa67c7e339fd55b4b93357e9f080a78c49f922b86d4888760d88e0229d19784e4ec6642c0ea6b_1280.jpg,https://pixabay.com/get/g9633eed55c15795a6b27af78f9455a22fe3596b7f2acb6640a10a55920f8cfc7ff58a7a1682c43d5f8f80ac7411cc4b44af119058d1428462ce4f598d2977305_1280.png
COVERT,hidden,spy hiding behind curtain,https://pixabay.com/get/g7d84408752cf58b6f27ea9dc0ae429a978185fe950b2fe454d090f4e212a0f8c147e875b4fd6d06fee92b56f78ca6d362a0f6fda374b083d5fb081cdbc4afd97_1280.jpg,https://pixabay.com/get/g3afb8f88f593d573cb09a95e09ae2a7a777dccfc9ed6c5b6bc24614212e84dc6c15682c49d0996e022d79fb11fb784f11e782ffd15a4a41718dae72ddd2c10b5_1280.png
COVETOUS,envious,person eyeing neighbor car,https://images.pexels.com/photos/29320944/pexels-photo-29320944.jpeg,https://pixabay.com/get/g1ec67ec84931f5c91d63c8f92a3090a6467940e43efc1a53885acf2c38f3799d2ab066d721b15a7e9ee6f3fa86f913380bb0e9aef55d7427b529deb278433032_1280.png
COWER,to shrink in fear,kitten shrinking from dog,https://pixabay.com/get/g7089787db8b1db31a50e71f8a6cb0f1e5aaf51d1bf379c31e672c01d23371938dddf0ab5f4c4927b8c583320388dc69c9915e9955e7b47f394e034e82e281a57_1280.jpg,https://pixabay.com/get/g908e8d747ba4329383f6f92e10376bb48cb98f4cc1f3c344a9ac0f9316539704e638fb985334e95f1cdd3fd3deaafcfc3a5e7333b953066090fbca64feec8817_1280.png
CRASS,vulgar,person burping at table,https://pixabay.com/get/gd8df3729f90cb2f46c38ae0ea75d477f569262d1eba2656543223697e5dca805f3e10e6663ddf24f2582c740b5452e285f50b9f89a91ada60a3f2c5a4e8f2b35_1280.jpg,https://pixabay.com/get/g2aeab30a52f2cd806a298a3be516a3c4bda9c24629253ad6d502d01702fbaa4234a56e4accd8a9e4b2353458596feb65938058a6b17a005f07196a021359e240_1280.png
CREDIBILITY,believability,certificate of trust,https://pixabay.com/get/g85c3ffc0d70d835fbbaf383b12dca23c3d60e70aa4c440e1ce11de4c8f56b5a47596d810468748c0b86748cdb8b0a88d36f5a40d6e5d59ac700da11a2645f306_1280.jpg,https://pixabay.com/get/g85de4fab210e3aba15aff23577b796136959b50872ee16cd5ac413709dfa19fe8eef017752c753c5d9e69ef502f5767e7b20ba7ee155c8b2b14a05c52ea0b4c9_1280.png
CREDULITY,gullibility,person believing obvious trick,https://images.pexels.com/photos/3762802/pexels-photo-3762802.jpeg,https://pixabay.com/get/g98ffda2f993d4caa570d70070384cee485438ad3d66ce6e356fbfaf947949e028e6d3a28b0ae0c6707e17b94a15118ea5717d8207c31d7dc19f5c0d39485bd2e_1280.png
CRITERION,standard,checklist with marks,https://pixabay.com/get/g111ad5613feca87fc1e98c04f2698720174f211ceae139e193571c4a1e3060c25e62ba6ab7d70a688480f123f01cd636c71be77fdf33b557adba4ecfdc1f89c2_1280.jpg,https://pixabay.com/get/ga3cefd43daed93867184fad0a18d7a001913ba0cf6e804cd5e4318d9cbd0f76a03fdd9cbb1d0dd600a84f7c2d06b96c5cc8bce02654e5da1b3664bb479774d6e_1280.png
CRYPTIC,mysterious,mysterious symbols code,https://pixabay.com/get/g2396df65e96ee72275ecb8e066b41c33697ce1e43b012babba33115c7114f61a76452402565fb0cf2521cc00c5554db1d3ce46dbb5217769ea2b187981a9e2d9_1280.jpg,https://pixabay.com/get/g5cc61344651a746da2eee720fd48fadf8a35de3bc2a68c89b3a9a21a50667358ff510a24e511adf237c406733a565d25d99eddf4e7e4cb9c27a4b57ef244011a_1280.png
CULINARY,cooking-related,chef cooking food,https://pixabay.com/get/gc85f0e4eb4df66b27be3b3aeacfe35a7c3924ebcc8bf0e4a6ceb9885c3ed23bf3566bee9bb70e9cfecad2287ab50ca141d422b477e986452123b8d06af5a58b8_1280.jpg,https://pixabay.com/get/g553970de409a8fb4287ec3d282c598f682ecac8763732b4d1e985417eb2781101cc8b22c497b4df643fca35493b7a1e335c8ec7dfa11609639bc1c2aacb3e486_1280.png
CULL,to select,selecting best apples,https://images.pexels.com/photos/6337264/pexels-photo-6337264.jpeg,https://pixabay.com/get/g5210a6c8a87e329090a61ccc0cb8876670948f6869980157633394ba7df675391105d9c246a71dd48dfb25d8b17d7d4f91c498d84ecbc42787618acab8d77a1a_1280.png
CULMINATION,peak,rocket reaching space,https://pixabay.com/get/g9eec73b51e191cd8bc612f8b638990aa530f93b40d6140ba48c0c9eadba8abc2b6cfa3dc5105f70411f64d75115c3b1f_1280.jpg,https://pixabay.com/get/g825d636c2220293889a6aecfa77d71134fb7b98c5bcddbc3536db7d1361ed07a308ffe1c5b6819ec3e87bf985e955424853a642b968c9f70a298fa2daf7f43ec_1280.png
CULPABLE,blameworthy,fingerprint on evidence,https://pixabay.com/get/gef0f7d0318bedd4f2fc7725f7cd0eff950c20ca37afd5fb6dd025b2d098059b96c660593ed8a672f392c741a39d689a49d00bfb605f0fb722a6e52a026c7daf9_1280.png,https://pixabay.com/get/g5e359355b360fdbce28223379f4a363961ef6442b2ebda8de3c5bd7c7445ed0ddc3fc383a1e0af481e6b332e8fc90cae899b2216c4f84810665243ce25aee234_1280.png
CUMBERSOME,burdensome,person carrying large box,https://pixabay.com/get/g4070adf1501edb44cf0f56dbea146737b8fbbb610a9ccad07f9a9289ad77bc3a2ebebc3223e714e9509ec1f6cdab52cd23fc8d8dbdcb3cc614536611b7361212_1280.jpg,https://pixabay.com/get/g4277ba5abdcecdaa93fd0b5038ad14de4d4a55fdf4301680b3c90aaf6a41d25b7522b2359568a4e10fc3a091fd1ca7d689dc969ff8459f9fa3f6b7c65300b53e_1280.png
CURB,to restrain,hand pulling back leash,https://images.pexels.com/photos/33385818/pexels-photo-33385818.jpeg,https://pixabay.com/get/ga250d3ef202f4948b6d4c912343fb82e851d213b4a8368f2ab4f11613c68946862db9d2e7aaad64132d043e4e58d247f5ccbcbd135d1ad3cd95c12a16039b607_1280.png
CURSORY,hasty,quick glance at book,https://pixabay.com/get/g5b9d1d845b24cfa26ed0ac783b9f56f957546c473d5df6091daef6ff162c46bf6fb84641bcd63b4cb4d2a9aa79b8bbe9eb527cfc03e492f082fc37b34eac1066_1280.jpg,https://pixabay.com/get/gdf247ddc56f91733cc9b9fe5c3f0391e33f657f63b27d2b00ab48a4cf5dbe62add237b9aba02cf8bfe856aee956669b4599f74d1cfe7ae4b272e44570f98f717_1280.png
CURTAIL,to shorten,cutting rope shorter,https://pixabay.com/get/ga210f6dcd2408cba06312042ba8bc3f26814d297789ffdfa7bb9f4cbc112fd058442036c61821f23fd76d2cd8bc8371af6ecc0b659a2692501b87dfb3c47d95c_1280.jpg,https://pixabay.com/get/gc57c1248154f5a671c63d5e142bb15ee3b4cda51241a7737e527a0a27cf00fbf0bcf073f32c7310203b0004f6c9629ef_1280.png
CYNICAL,distrustful,person rolling eyes,https://pixabay.com/get/gdcbc8fc2c1500c786ed9b4de24e1b87532b078b79a04da715e0e24abd82e2f9e8b69b3b46964be8ab22247f8e7f6ac9f83d6cec80dc0fc0579ddd786ab53bae9_1280.jpg,https://pixabay.com/get/gb7310a64c3813bc8c58f220b38afaaed933d07bb7a467d13175a01ee2eac50996434110533f340dea43305223f84a5b8ede71217521af2cf2fdccf0f6faa1134_1280.png
DABBLE,to play at,toes in water,https://images.pexels.com/photos/33456401/pexels-photo-33456401.jpeg,https://pixabay.com/get/g6f504628905d9d4d0c94e1134ba2b60c96f8676226079ce8819d184ed2fbbd78e2c2dbb1b233270e6f1740364e19f1edff520bdea8274e65e58443a43ef8eac5_1280.png
DAUNT,to intimidate,small mouse facing large cat,https://pixabay.com/get/gb3b7719e93a6474e64c7bbfc470a291dab07989b569c0c7fc7d6bb060a11857c4dcb95538fd987e38964e83d1172095d94091f5fefcd2af4261f5580429912a5_1280.jpg,https://pixabay.com/get/g764c9aaac7a98c463db56e1ab702192718980263d6b4f55e14fc32eb79c72651484376b37ab35ca572e842eeb244d5c6f8862817b3e9c424cececba29fba222a_1280.png
DAWDLE,to waste time,slow turtle racing,https://pixabay.com/get/gc5725f5a285ab8680dec63e88373ea96f7d45ea3ee35edfd4b072fdc38d8280f93d455ad6840c8bb46d4efba157d1fe6cd37cd3241f0a71658c15464c6091ce1_1280.jpg,https://pixabay.com/get/gd457a368f49d4cc73340bbd61051c6c4aa2a6f12b01b8f5a9bed3c1fe3eaad26a282ac329a7abdf57cca9b634743e7f46c8d9bfaa61088c45ead93ff102f4bb2_1280.png
DEARTH,scarcity,empty refrigerator,https://pixabay.com/get/g36b845803f906d1294ac2e62f8300a88094c4ee327b8dcb8913e6f415641125000b6a6c473637dcf8e286a4f4857b00966f303756cb6a0bff23c2e93eb72220e_1280.jpg,https://pixabay.com/get/gbf45e609c8f56279341036a5b7b46b28c190ad708484e2998400815363d2fedbc510562a4082481a0b48006d29ee9922935d5565ece91a5f37a2ac125520d6eb_1280.png
DEBASE,to lower,dirty money,https://images.pexels.com/photos/28552621/pexels-photo-28552621.jpeg,https://pixabay.com/get/g5f4bf6a0e766ad3db9c71506ad196dee832dabd1aecd5df2e38c8d31c644aa10be14790836984a687bd75cd1b18bcc54b39b80ebec35f9c0ace2c2f58cbf8976_1280.png
DEBILITATE,to weaken,person with broken leg,https://pixabay.com/get/gec4d08c7cb082a108b8f47da7c3f33be20cb7cd93c650bb5e32f3cc97d93231635cad06f1ae13c4fd460c52faa0ed768e9ffe8bd4e219d16f06d2e0399d605f8_1280.jpg,https://pixabay.com/get/gceb8cfcbe1fcbfe0dfe3eaca60bd4872a60e739465034216187127b025c8e7427c06dd371ceb6bfe32277ac04c36e76097feb707dfb7568da01d971c376486f9_1280.png
DECADENCE,moral decay,rich chocolate cake,https://pixabay.com/get/gc07455806c3051310609bb1e77828d9f7b4fc4dfcc89a7f404ee577f03811a4ae7786ac8e5f8d4a9d66ed5ce8d68bcaf1995af7783eed63e1a53934ed42e7149_1280.jpg,https://pixabay.com/get/g14b3854872d1879f9c49c4a3d4e1d93637cbfbeb363ba7f9c663e073dc604074dc6f1e3a41f07b9874143a931001783084b49897bba577a7169494847fdef13a_1280.png
DECIPHER,to decode,decipher,https://images.pexels.com/photos/37109655/pexels-photo-37109655.jpeg,https://pixabay.com/get/gc29d425e63facc7fb573aeaf0707392656a80fbb5df0fac51c13f3b64fd9f2afbfaade13b222795556ca05cef97ab4d04a826ace2604d6e82475850846603419_1280.png
DECOROUS,proper,polite tea party,https://pixabay.com/get/gfe36983e73433a037c1cdb18b7e67b92dff38ad4ac0ee7bb6f247dc92f4bb4eaec06ba6e7dede3ab757ba5ccef703d9ded8f454e87a47de04a46371cfa77b51a_1280.jpg,https://pixabay.com/get/g15de8c174d67f8864c7d47fd22525260c0f5c1e8a313b0d981b1c981ae8b2236b139577da86ef517375bae9010338ace840ca91ddb6d2e94beefdc6bf71f528b_1280.png
DECOY,lure,fake duck hunting,https://pixabay.com/get/g79f00970a20848c29d923c089ae25040eeabd3ce93da4d3b6365bb6b12f6da35892fe807881c2161c6721ef6bb3fdb20241db5917f4730e2ec573dc70b98343b_1280.jpg,https://pixabay.com/get/g60f2f1b7e61aa48913ffb400a5685005f133fa5ed5b5c560f523e250b06ee78519a8173eb3ccdc7ae6ac3ba12684de43_1280.png
DECRY,to denounce,person shouting protest,https://pixabay.com/get/ge7db09bbcf59389bfdf592042756a0e6961b6f0da26da5ff182dadfbaa53dab86bdd4425fc7ca6c86288ce83cc621d08d1e7aedec5db176a16efb2a4b4106bfe_1280.jpg,https://pixabay.com/get/g8e0310269789b841c7d4377b1cbb1e4f47cc0d3f275b540085748d1ba5121c8e787e83b09ece442fee67f3a6fffb1045_1280.png
DEDUCIBLE,inferable,inferable,https://images.pexels.com/photos/28589227/pexels-photo-28589227.jpeg,https://pixabay.com/get/g5276a24020057bbedc77936df8b4f071876d2f1d51dc9084f09860852e646c16f3a5ca277604d7c53e1f5a50a3ade9c3_1280.png
DEFACE,to vandalize,spray discomfortt on wall,https://pixabay.com/get/ge145df44895c52c8f7f39d79d89493322a3c8716a96e97d13a9c27cb8d1ff24a83522a9a80f66a2478f15252ae81c4ff93c90f8dc984b41e1bbc5c2cdcc6d127_1280.jpg,https://pixabay.com/get/g8eac1c543b69a45be98ddb7d28acbcb4e759465495fcb230c73d43e10a3e1c88875cc551f2cd46d95e4c82a223b58561539177a037f47e0d51f81f1ac8e5f56e_1280.png
DEFAMATION,slander,newspaper with lies,https://pixabay.com/get/g78bd1459feaa8605292b4bf8d57b1781326260b7675e9c4ee5edda799316451153213249b0238840d9f06a20960de860902469d3ed2dd0594bf1a8994cbdab83_1280.jpg,https://pixabay.com/get/gd5858a2d9adb3519f94f6a5e526575e50a4c64c9f6b5dd2b9b5e53f3db848da0a8a7a5fab3ed2fb2f18362bd5d5e1288c6f5cf3415ad6a84af906110456bf2b7_1280.png
DEFEATIST,pessimistic,person giving up,https://pixabay.com/get/g16ee3676f9f9daa03c0e36152191a0e4b5ffa0abc49cac413744805ac6a536aa870d68fc0d72b61a3e1680dc3b7d48815b51de0cc5b58db01dbb2adb7cda22ba_1280.jpg,https://pixabay.com/get/g89434f91d8b4f992989ad4b90dd53bdb369641c15146e96dfaced980d647774e2e3adf6c8fdf80a7f77e01b8b4ba4eaa831290058b5d5e43cbcbc852b727eebb_1280.png
DEFERENCE,respect,person bowing respect,https://images.pexels.com/photos/31383174/pexels-photo-31383174.jpeg,https://pixabay.com/get/g40bb47cf100b7211063820a122c76cfc03a4867beaa754058756c5603ff16b0b5832dcf1e04735e7ae46724fe71fb4d3b6794f6766dc06e0fe9260059020efd8_1280.png
DEFIANCE,resistance,child crossing arms,https://pixabay.com/get/g57dd7a03254a38b09dc6a159baab3ba807364bd6ca7dd79cff1a813c76c09e8b182695ef0eb75b63a2ecf0f5ab8b5baba357fd6742467e35fa9a057face00d68_1280.jpg,https://pixabay.com/get/gf8dbcfd1aa8f3bdfb33cd951827f4f8e46b42f9adba8e5b2aff2ec87474bbcd32ee25b45d95257f599a501d009b1c7c0_1280.png
DEFINITIVE,conclusive,final stamp approval,https://pixabay.com/get/gb2d9b6c19f9217cee8388d9c96870c87faeeda7a83d116998e7eaf4b2a29d6ada7d0f8bff7cd93824242ec6cbce4b4d3b8934171356ee03ba9bec750062c37f1_1280.jpg,https://pixabay.com/get/g4b7a409ad0ecf6c2d65cb924688c3915cb10df1a074464953e0388c5efa304a6119a1aadf10d88b12a2ea28fc4611be4e965719a6fd0cbca2f68772aa932d059_1280.png
DEFROCK,to remove from office,taking away badge,https://pixabay.com/get/g9be0c821e28c1e04166db55d1728ccda882208241a92b316eb5a225962b35c121f18d0d00396e99e0b7cb906595715de2f5a45a7ccaeaef78a98a03d35bbcb68_1280.jpg,https://pixabay.com/get/gf0931184d00960a226966e95a99b0e3ef6214761c8aa5ee9dff5fe7b64bfb48ae63d75ff96786c115e576cb0ce6c17085269fc11b1ff208d1a6175bb61ae6d67_1280.png
DEFUNCT,dead,broken robot,https://images.pexels.com/photos/7254429/pexels-photo-7254429.jpeg,https://pixabay.com/get/g5b1b2c8e6a94dcaaa2844b7d92e978c7c7d6c043e8a4fbc8cbd6f9423dc5fa870cb74708a7bd9f21488baeeadd78542a98d9fa872421b4e2a63d1366fc7f9191_1280.png
DEGENERATE,to decay,fruit rotting,https://pixabay.com/get/gc99e83753ec2178b9a784c66a3fe7790ee8070774e84f6848027fd35c1b4227033073ef2e6f5850c60f2e033e54ee6da724c29132cadc46d69ac31089ac60b07_1280.jpg,https://pixabay.com/get/gceb6984b2291a427ae70855e62c1bee3ff940586ceb9e92dcc67ca3fa4a441cd68c0e958d993734a5d788d1bd898e8bff64f3b98fda5b56ea5cb80655c5d5858_1280.png
DEIGN,to condescend,king bending to peasant,https://pixabay.com/get/g5bc7cdf740490a9bbc4f935a6006e30edefeaff4f315d505666f5712aaf22e4dc7941a0ddc1a9e2158b483edb9bb540822565c21bc068bfa805221a73cbf4b60_1280.jpg,https://pixabay.com/get/gcc0acae9965a98b845ac831709cbc9d4be44c829acb5628f8f0120583b9060ba24fea524f1a9402aebe6f55ea437c9e20623d120621200bb6319af3eec058004_1280.png
DELETE,to remove,eraser removing pencil,https://pixabay.com/get/g812a989013f30ff106c8fbce305c30bb28f11157728d35e36f517c7847ec957941e9cf25a5a51316929e04b24a62e4f3ad891564b52b0b7934f6ac5088cd87ef_1280.jpg,https://pixabay.com/get/g41ad7d44131ff140c9b8041c524310acf6bd6fc2ed465dbbaf8ebbe7943ce557535b369d55ee6cf906c35dca36d29ce3_1280.png
DELETERIOUS,harmful,poison symbol,https://images.pexels.com/photos/23322570/pexels-photo-23322570.jpeg,https://pixabay.com/get/gc0fb872fc661ec9874784d87fcc922a763090346ecc3f64f7c55c525c7e3bc314e01924d3415216d7c90023c39a4f9e4_1280.png
DELINEATE,to describe,drawing outline,https://pixabay.com/get/g43ac12349273d8e36d344aa7af115fc8d966b7b030fbe3b1aceada2d3b3cab965967a9d487d8c5c3d2ba04b54eb247c28be8410b8e232ff52a5719c2a9ef03da_1280.jpg,https://pixabay.com/get/g583b1caf65b0e8ecbb174eff0ea6990d1bceb931dec834df7c3eae541a825a559a6456ad8b3edc6163a3bea79e906c5c78febefa01322fc123157e38f798ee5b_1280.png
DELIRIUM,confusion,spinning stars head,https://pixabay.com/get/ge79baf6b45489468609a4d0fb4ce46b9e6b56398b0d613d98d73745c2b2a4c2aa0cd40a23bfe06e8aa3a1411f83e0d3f1024595fd04d28384ea83fbeb971e310_1280.jpg,https://pixabay.com/get/g7f7546e4d68e152dca639ec87d1228e1a8ed3a1b0a55c2ee8f8ad549ae767541585936f2e75038ef58480698967c4b56135a4909a125e542601cb164503fb84f_1280.png
DELUSION,false belief,delusion,https://images.pexels.com/photos/2230796/pexels-photo-2230796.jpeg,https://pixabay.com/get/g3c7d149a3a9e0333b63ab7c3ce3da1836e6071eb31e8745a51260d30f93a6ae4cface005c77373fb48caeb6e117e0a28d7cada9a09612123a1d4884a25bbc339_1280.png
DEMEAN,to degrade,person lowering themselves,https://pixabay.com/get/g7680d9b9a32aece88ae2ed3dbf28780bd3011fcc9ac1c6a22ae0f4d1ee607ff25f9f350a4976e0e76727d8d1c108fdd73a136b2c02e4ccaf389c5fcd8401d7fe_1280.jpg,https://pixabay.com/get/g82abc76514dddd5a215cf71b9d3c1bda9eff966e01635fb609cb4aa69e4f74e33356930fa424a94b72736a55a94669f9_1280.png
DEMEANOR,behavior,person posture attitude,https://pixabay.com/get/g8cf014dddf57a2df54eca5f5ea6f9423b3e26bc373886d423e7c91d665bf1b4029c173343b0d0362af488618e909120a4e01f368cff5332fd88865c11bded50e_1280.jpg,https://pixabay.com/get/g52932d1a7212ecd6f96783f004c5850b8dcbbd809e6461c45c3edc6fb4c53236052d79170ea2efb0e08ca12a8c5022f4d20d81637844c87f549d083a5d7962ff_1280.png
DEMOLISH,to destroy,wrecking ball hitting building,https://pixabay.com/get/gc499ca0bd148d7791bf6ac5f36e034efc99d67cb7c9bab58ad4a16299114b7ac6cca3e724567b954a9c92cb15bc6c3ab12a272ffaa3ddcaf094d7e5d0943ca36_1280.jpg,https://pixabay.com/get/gff81201c34b3f08bb4353e4165350d09f84def719b3ee2dd8887e3c392ca6e26fe3fddd8132a86aa2458ebbc16d28fc2ed37821d23040d226de602cd5b452ccb_1280.png
DEMUR,to object,object,https://images.pexels.com/photos/14781780/pexels-photo-14781780.jpeg,https://pixabay.com/get/gc831765e4504e863b1ebc7e604ea3bdc6d41a607eae5bab146e8f19d0310bb5c5767b80bbfa4fd65aefd8623ba02ff138676548eaaaff096b7ff83da7552aacb_1280.png
DEMURE,modest,modest person blushing,https://pixabay.com/get/g0dae1a51bfc144a11837a30e8473277fd6a788276f4d11f07576029f3680c6b40cab67f7281e64085ae321b16b3f2c52b6d9614b9559e880ec3d7ba97cf190b8_1280.jpg,https://pixabay.com/get/g58c00053bdd8e37e4f36810e312b37370be464ed5a64323d67eaeae670e7eaf72fbda4bb0698bcb5f253117837824bd7e082b24789c2db055db83a650747731d_1280.png
DENOUNCE,to condemn,person pointing accusing,https://pixabay.com/get/g13c119f84c50af1be05302a63b4c44065ac03f0c1b90bb46f9dcfb2ab11010cec9bd7dc053293033ea9bb981fcf71e09e924d2d3981474bfa5dec31d537ec649_1280.jpg,https://pixabay.com/get/g8df56e6f2d153c235f6feb9dd0e209f482824b3e5047a7b65540eb8f24eaed174bb8123551e76e8ca2d9ae505f39453a1651799b92c40dae50ef08aee2e6035d_1280.png
DENY,to refuse,shaking head no,https://pixabay.com/get/g287fdb6c9c9e143b131b370044bd0c0ff8726d94fd3a4ef1a928d0e10bde6873f5c6cc06becf0fec183132088269fad1e31f2a02551d1cf952e9b6ea65a28682_1280.jpg,https://pixabay.com/get/g19457496f3bc2cc2501260b5e54f90642599ed9e75f998fef2627bdaf562bc738db806f30976cd3bb4fb69d294d74a6666380aa0833dae7dd7b71499c84c81ce_1280.png
DEPICT,to show,depict,https://images.pexels.com/photos/5234180/pexels-photo-5234180.jpeg,https://pixabay.com/get/g73ed74eeb003f54403bb5369fa06eec45cf1f939825b673dfd703f594952ebafda814b4e6176bc521506ca8bb4ef24c2fdfccc9ee171d4271be74aac1ef33458_1280.png
DEPLETE,to exhaust,empty battery,https://pixabay.com/get/gaf7bd1eff205f851a9ff82d2f82100058507091164926443826e105b9908c48f95522e207f5043559b0d19bb7aabc1daa3f22eccfef6adbe415b257f88949d99_1280.jpg,https://pixabay.com/get/g377fb7b16144245d26be8f461d4f5023f5b588608e4b0704aea12086e238de0bfd7489290d28c78d8880de9fa2784f9eadd21a4cd448665b072465bb5c53f8b9_1280.png
DEPLORE,to condemn,person at destruction,https://pixabay.com/get/ge01c4e3bf226b8558145f2388eec0921d2542def8f842f9ef8cf12a3bce25e22811692da868b413526f77db78345e60ae137dd4abe91f0892ed743a23feeb75b_1280.jpg,https://pixabay.com/get/gb3d472cd3b8d8298a7a65275b9a2f2c1fe7c736dcf8944fbc21c655b57175eaffb9efe452e6d4103cbdf34617328cd94efba35d735a7b3d4201f3281789eb109_1280.png
DEPRECATE,to express disapproval,person dismissing compliment,https://pixabay.com/get/gcb42dea384c40299a3908bfed2deb0746247c03db9e58206b3cabb86312ec91f16e82f564d50bc19156f83a42773d9c8a5b615288c996bf0820775b74a345255_1280.jpg,https://pixabay.com/get/gc3bfac693b8bb6237f6dbd2b05592be65e182097e7527980dd5e13f732974c1674b202b3b58fe4b8a442f8c206919ea19188850f8c6c363e0c431e602f1d158d_1280.png
DEPRECIATE,to lose value,lose value,https://images.pexels.com/photos/36902098/pexels-photo-36902098.jpeg,https://pixabay.com/get/g9c1a22d36e2ab7accfd204463af9f8d419712ea6410263b1121610ed3e3e1eed324422894e7767f22c12f316974304651f1a2836db246ec116b6ad69bd0745b4_1280.png
DEPRIVATION,lack,empty plate,https://pixabay.com/get/gae85790c6bf5f4bd8f93fcd6d6be75317b0c31a451e34142a2f6162d4f6033ee69ae5f3e6a7189ec0975d81f51af32197681af94011aa148b871824bd1ec7cfc_1280.jpg,https://pixabay.com/get/gc909bca94e669d2869ed7459972acb2d938f557a2a03a0bc89e3b0c70d78ccaaf0ecb294636effe50c7f2d7c8766f26dfff8f21a522b43b4e50d52c305ab7b55_1280.png
DERELICT,abandoned,abandoned house,https://pixabay.com/get/g5ead937de948d33c085a1545abf036b990e89c5fbafc63e922bafbe3c38738c600315d03ffc57bfe9d5e8a614b8bf29fa74e80e51411668853f77fe289333692_1280.jpg,https://pixabay.com/get/gcb123758b8de047c93232db293964876607225ead67c5797e290a6e78dff2234c77891da0406ca8dc4a4f13f293928e40bb89ae55d772b01ca079bfefd7a32bc_1280.png
DERISION,mockery,people laughing pointing,https://pixabay.com/get/ga82b33a70ddb3d7bfa748258a00704b93f01abc2038943f315e6d4e9ea4f0c4c26dacfa7fe20b05868e2e4c5095b93c4b0b131e4fd415fddfbb3c51843190249_1280.jpg,https://pixabay.com/get/g9aab73df86cc31b756fdd6c9f490e6a9f79eec2a6733c831a6fec6285de093a0f0fa11b4f66ec382143b19660636bb86b943b9487e5c746263bed047ffb1bd22_1280.png
DERIVATIVE,unoriginal,derivative,https://images.pexels.com/photos/18069238/pexels-photo-18069238.png,https://pixabay.com/get/g5cae4820ef3dd524518b57bce2765c48b173e2c09ebea9b6ce40e8ff8110586941a2d47945358662dffab0ae3e73ab0598afd0e69d2e1ffdd1808bd58829655b_1280.png
DESECRATE,to violate,vandalizing church,https://pixabay.com/get/g0d0fbb1af6c45f01d2a488a407635ab69482077fb9c3ff842bfa0b7d28a30f986ee8dca32d789ead17a0f06db5f67a668db07c182efec52e074dafe35d97b922_1280.jpg,https://pixabay.com/get/gf7c9f55e0b8c0ae48be4ac75cf0eb214b1d4048337b33a93b6a7e12f19f4da4ae79df892662a4b8cd6a0b07e63bbcb19846a6981516e6fcce35ae0262b9aec50_1280.png
DESIGNATION,identification,name tag label,https://pixabay.com/get/gacbaf9157237950a934d6fe8d3b1a8bb3fb7753dd77272e432c965862b850d6f3641e3bb6749e37e9d404d1d678d80dcafbc85886b7fcff9de40d71f45e6ccee_1280.jpg,https://pixabay.com/get/g36921bac34801c5dcc98c90d130acca252ebe9b9240018c974735e6383ea635f86d3510248df77d2bcbf27430c696994329b2153eca2316bb6308bbe3f3b7306_1280.png
DESPISE,to hate,person turning away disgust,https://pixabay.com/get/g5e29635e991b9a8602f2e566a57c956e63c2786bb0efaf01fa826acab3a08b55719ee4b1c36ec07b5757ce4b4e45374d0ee73203c186684c4d0b8ac9e68388d2_1280.jpg,https://pixabay.com/get/gc3e27f39ad3dfeb75ad6befef1ab569d1ab47a7f89f77cdea18d6629c5d54c5cac2c0d43b8ffb3705ecce90c78592e668812adc3e7dcbb64dc6406ec3c43878c_1280.png
DESPONDENT,hopeless,person head down,https://images.pexels.com/photos/10794970/pexels-photo-10794970.jpeg,https://pixabay.com/get/g8f5dc7726e55f9c20ba4549cf0bf794bcec7812ee0ac7e7f5c4ee88cafc053e08bb75fb61e9033ff65b0a9530e937381ce65b681b3dd283b766dbe5c4d782766_1280.png
DESULTORY,random,random dots no pattern,https://pixabay.com/get/g36d95d10e3cd4475ea09e106c3104487b37efb983a4662e1c610ea5988884e0f9d09f529217f31681b1d40429e446b74adda37377dc9bff5dddbc02ae9fed4c5_1280.jpg,https://pixabay.com/get/gb97fbb23257c350050eb38408cc66722705d832e48ab6a9a259a1de537ef5a49c9db80a61c00e7bb5732717637c3d5e4c5e3c6bd5fc0120d1bcc39c592773002_1280.png
DETACHED,aloof,person floating away,https://pixabay.com/get/gf7cccc1abbf90beabb5d8cad3dfc26d4eb9237d17fdae099bbdb828851bf06b3ee30c9f8542b00e13cd2719a877f14c32e843c73d4d1d59445b3f17b87977718_1280.jpg,https://pixabay.com/get/g9c0b4266683d254acb154ded8c62087d109a07c72a72fca8ee2ccb87de77e00add00a51250f19d905bcff2dca0844007b8a3d2c6cad9dfc9f3e12722060303b8_1280.png
DETERMINATION,resolve,runner finishing race,https://pixabay.com/get/g593770a1b77ade798526a89585a4926fc580e3c89e86ec0995ea76744dfff27ceee0d94bb6d0dbc60e86b6d594b4d321b7b0c7240f9a8ade1e05d6994d60c32e_1280.jpg,https://pixabay.com/get/g134101b9ce8188895d8ab41bba1a8222a88996ebae1530fdca0134248043a5bede9e6b7e2241d7e299186fe215a0e3199c5904098d4f63c8ed30bc27422e9280_1280.png
DETERRENT,obstacle,fence keeping out,https://images.pexels.com/photos/36235703/pexels-photo-36235703.jpeg,https://pixabay.com/get/gfbfcc2caf734ee04184ecdd6f57da9dd96ad308ce4e240505d8d6d6b3395e02ee9e9b30311ea1980f3c56868228dcb5b43548a5b53894849235608b271387359_1280.png
DETRIMENTAL,harmful,plant with no water,https://pixabay.com/get/g41e86344e689c81cbcfec67a063b33c947514a36bbc600954d1026bfa5238f98e0f8f71bf79106ac898b7058b58166d28b92b46d9d13a2101f5924ada04196dd_1280.jpg,https://pixabay.com/get/g89d71da60a833472a649c1f19f23636f43fe9e675d92551e6817e6578dfb039cff1983cc94fdd1ef01a21f6a4ca563d4_1280.png
DEVIATE,to stray,path going different direction,https://pixabay.com/get/g0a34fcf3b8d747e01715b5f2c5e245aa0a639e13242e6cebdb3db4029e8cb47f80f91a1a430a09e05950c2636d0ffc58007800e1010ef8a739e391568492bd30_1280.jpg,https://pixabay.com/get/g7649ea52429ab86bbcd458777b4ca7e9365ac380f8525b7462c1085cdc4640da9c5b6ffb746135557686a8c7c5760e24944da259241ea8e0dbabcec5eab2cc9b_1280.png
DEVIOUS,dishonest,sneaky fox,https://pixabay.com/get/g80bbcd18dce9626df39e84addddd2589d9d6111386944f7f314cb4be959e27ae133b4a9ebcadd77e80d6a214a597d9b63d5c14d4b93587594ad6013edfc89bb0_1280.jpg,https://pixabay.com/get/g875ce63ec67b41124fe306d2f1a9ae46cd006612ab9e69e50fade74b23e0e9cd10c4919d9c2044308862dfe2ab32595831947f5148f9adebfb5e9066d7e48721_1280.png
DEXTEROUS,skillful,hands juggling,https://images.pexels.com/photos/8817541/pexels-photo-8817541.jpeg,https://pixabay.com/get/g506e1528ee98b24dda5d505ff24a33a1a836250d48bbbbd6400f9cd961660e4fe7cd8431a204fb9f32a52424a410f5b01bb76cd0f02bf2abdb7ac2bb939d68df_1280.png
DIAGNOSIS,identification,doctor with chart,https://pixabay.com/get/g1d8d6b98ef12f37e569c883bc3348366dd0c26a1e9eaf9991adf986c0a73c0d78387d0fcecc6db5c08f715533495fbcf72f4322733370dfd99f4e091c3b3a023_1280.jpg,https://pixabay.com/get/g073821c13fe54b249babf0ba6bcc9887a45f5a99f06c68885195cf6b947f5616f4b5cc4d3d2474319f7d78f783aea0e98472e3d08c9e10897fe886442c2d90ef_1280.png
DICHOTOMY,division,day and night split,https://pixabay.com/get/g8b0c98f971519889452176a8c003921657dacf0c21dc5fc4ff29061cd074c2a74278d21a955c07ed4ddbd82ad31463bd717ab2f424f4e8a720afade5e8f5b92e_1280.jpg,https://pixabay.com/get/gdf20f8481663d6b42f1eee9d7ac133cf0aef32c32762c7a403134a800fbbd3f37b2fe23c39098a3b3a8920343d890a1a84f34d596035205efa1b6916c0faa877_1280.png
DIDACTIC,instructional,teacher with blackboard,https://pixabay.com/get/g5f46a7a8750035412386ca7cc3da0ad29ade0b981b6904282d975271a5fe07ce0c07942d251c6489f6c175700b19c104_1280.jpg,https://pixabay.com/get/g3ab790f207ee906249f9327372b64c9f05f1076d0eac9ba976727ceb5b65464c07edcb7220ff79120499b76ea482d4c826914482ce486605fd69c568eb2b9acf_1280.png
DIEHARD,stubborn,fan with face discomfortt,https://images.pexels.com/photos/33798233/pexels-photo-33798233.jpeg,https://pixabay.com/get/gca9a2ba1a18fe8483a1273b3bcf94d82401a0c6ba705ad27b59d5a05f661cfb497828a189431d19ec2954203b8cdca463eee4415e81f0b27bf374ab2bf96f0c5_1280.png
DIFFIDENT,shy,shy person hiding,https://pixabay.com/get/gd5517514823a81810b780c4d2686d344f3ec3e9b97c95378a892f233b6b6b95da2010b0b092e9ae92c72c044d91591fe4d362436792c3855ed12dacab8615373_1280.jpg,https://pixabay.com/get/gbc48d483cbaaf32d88718ceb05f566d6218eda452f2a7fb129f2d8fa3adf78d31bc59672ef09c954d3b69cd1690df73598149119297c2ba0eba750c6e2c0a9be_1280.png
DIFFUSE,widespread,light spreading out,https://pixabay.com/get/g16582eb00f2129b5f81879e4dd26af8e1d1448a5185ddd9b70e00cff75533a833310210ce09f927512ad5bf1a7777916ee25e371e61ceebcd982395e7f968b75_1280.jpg,https://pixabay.com/get/g81f5f58e8229c171dbad9b68ec3de2cdb145ed765cbdf4ab4241d0b471007ccd7b84754bd8f7bcfc33a9c346a31f553483ca994ccd2b6afb4eab5739eac85274_1280.png
DIGRESSION,straying,story going off track,https://pixabay.com/get/g234aa9e7cfe88085b30089b36ae020975c93829c0a288bcf4b789ea94c6713867930c8fbe8f2119ec51b98bc40b08b7ca14045342bc45035fde46834c780efa9_1280.jpg,https://pixabay.com/get/g75eaa8603ea0d2dcd3778287769b0f2749ff70097e20730f4cb649f430435800043c435c21ce3f0ed446aee5e724243a6875bfda064906509a25478a027b3f4b_1280.png
DILEMMA,problem,person at crossroads,https://images.pexels.com/photos/36334395/pexels-photo-36334395.jpeg,https://pixabay.com/get/g6364e1a23fc2168a298fca9a149cce0cf7ab59de859a4958f6d15a0c8ddd0032d6b20cd2f8c9cd13d19804ec31517ae5_1280.png
DILETTANTE,amateur,person trying many hobbies,https://pixabay.com/get/g18d2f012afbfa419eed1efd4d4cd8eb22ed9c1ec754a296eff7019e1a600e13cdc3b6c7325936da724295cae6a1b63d6136314967d5e3a9c23c518eed5f2b786_1280.jpg,https://pixabay.com/get/g3c198b47fd9646e2997e64fb9517cdae5e3745afe0b202130136d7832f62fe05a76ece0744b1640883925c15f52c1edc5475f43a85eaa0e7648fe5856301fc60_1280.png
DILIGENCE,hard work,ant carrying leaf,https://pixabay.com/get/gf358026ced33a257bcc486d7dd1e26d43b36bf576dd114bce542481a0fde8cbcda3652aabb78b60a6c34ba31e8c701ee39e7eeb2fa408bfffc76468fa19b6b6c_1280.jpg,https://pixabay.com/get/g2104f0219da665201f1a589ce172e03acd67a018a8ba7586e71b1f6d429b52ff3b05309e0de418dd1b45a15a0e176fc1_1280.png
DILUTE,to thin,dilute,https://images.pexels.com/photos/28944484/pexels-photo-28944484.jpeg,https://pixabay.com/get/gb85f01fb7d09c8ca96b5950758a32ef8de764b1c3032e89f58af95f37d6f30a0a2403c09702c333fb581d9e7647e9458_1280.png
DIMINUTIVE,tiny,tiny mouse next to elephant,https://pixabay.com/get/g3c74985faad2e7e9001a67410268c8d6d94d4e552561715479f9eb8de7d7d98416beba9ec7d514622fb2b8d3ae7660345c7a83e9f2e5241170885d3bb42f6f2e_1280.jpg,https://pixabay.com/get/gea9fb8e8c2fbb659b5ca827355e8224677bc3e24c98b6be87301e20b5560df1b15bfac23fb7c798b124bcbd6975fb13ec425469c1a007732d3b34146459d5523_1280.png
DIN,loud noise,orchestra loud,https://pixabay.com/get/ga43929343d0b1a12bcf4092009ef840c81888d338855950e792305c707bc484e0990820808d2325d9bc1db07d32700ae790ea19d044476926f13d9ba1b916063_1280.jpg,https://pixabay.com/get/gf68346ae162d1dcbdd8e782a660d21e8ed8e511595282acaffd04b57a8c649c3b5be0682141ef4b64740c2da4d93d7cb_1280.png
DIRGE,funeral song,music,https://pixabay.com/get/ga274d530b2df7c4150c4cbecc3a88550baa546fc164676bda03a14c1ff52459073714b6dd5004f7ddff0af3d55d5429157d6dabc68bef496701d8a3fac8bbb4c_1280.jpg,https://pixabay.com/get/g0942f07f81c01aee8b741169fb7c01f6b60f4c8408daf7f9da2c2dd7524e8b4c6f4308b7c56489e986f57cf0c7b192c79fc080bcc1576573ed0c362a0dfd033c_1280.png
DISAVOWAL,denial,person denying knowledge,https://images.pexels.com/photos/3762802/pexels-photo-3762802.jpeg,https://pixabay.com/get/g7aaec0e516a27f7046f7ae1f7626e209cf6985b71508efe1449d9a3607a5f158ee73bc91fdbd2cd87dcb195e0ca6707797ecb63fa1f19f1a0a2e7465c99134e9_1280.png
DISCERNIBLE,noticeable,barely visible shape,https://pixabay.com/get/g7288f9e9d9c5d9bcd5a1f1cc6844992c946d5ad32fdc8b1909d60e77bd0bf6ca6d6f5ef40a6baf263e05935468a93ce61624bfc4b4a80aa36e5165f4f023ae2d_1280.jpg,https://pixabay.com/get/g9fc1f8ae9182332207935e3d10a2250d70f4cfb666f872a6531b9a01e5275b859ef30022ae4792835d0034aacec7cb923825af78cbb6e4c693e05f2604e87c01_1280.png
DISCERNING,perceptive,person choosing best apple,https://pixabay.com/get/gaacafdf7b03ad92bd0bba3d5cfe1a24abe3a2685cdbd4212cbd6c15fac4c4b31951bf992881c6cc2d2550f1cdfcd65615aff7a39d4803b7b839e34e1d00755fb_1280.jpg,https://pixabay.com/get/gb94cd65b97471ecb4eec09a94b577621e1248f10128fef0bd3f097619595eeb0a4eb198d3b8cd6e46cab29ff14091501d0dbee29834a38cb215ed97ef398c079_1280.png
DISCLAIMER,denial,fine print warning,https://pixabay.com/get/g0ce4a30a78ddafa032ede3826b42537115af85b57c534d6a07fe41f7b96166d80df09147898b74476e7aeea3076fc2d02f92edb880d229de5cc55291b2524186_1280.jpg,https://pixabay.com/get/g1fe83bec7da16af7065f5fc8501617b9b14f3f31b53217c5ea5df2fbaea1c3b9e060d38281bb29a760a5e9db5980c3c75b77a93d50a4641740c06db63a9d83ba_1280.png
DISCLOSE,to reveal,opening curtain reveal,https://pixabay.com/get/ge84c304817ccf554b38b6c2cf58e307af2d99eea0dfeb4fa59299a21b6e460523d1e35888968c3c6cc66bdf744bd521559d15a5b687c5b85cbf3c89ebbca1d8b_1280.jpg,https://pixabay.com/get/gaa7bb4efbbda55df7412209d8fa71fa12099c4ad353262c3de626672410b487f152b236c87cffe147e4b8b0f412958085e4e5eb8c804e261dc3ea22e3010139e_1280.png
DISCONCERT,to unsettle,person confused by magic,https://pixabay.com/get/g9575270d93da72fbc11664b8adf75a89bb46bc4c7cfab438f1d301dc37a7688d75ddde08aa030d20a9cb4891a89c0e43d0e724c171fed0a7010bc1fb562dba96_1280.jpg,https://pixabay.com/get/g0f6b8fef9796ae473c571aedfe1645a4ebda644beaaa8eff123a81d3589f8e162f9b39bb4c785a7d34eab24601fdabd3ef8ce5d75d166d13a3fb397189ea96ae_1280.png
DISCORD,conflict,music notes clashing,https://pixabay.com/get/gbb1d33ef950e6cc818157d575b9c2d42d2ee93f58e2b0f8afcc0c52491fa508ca300238c1a823713438130bb877c03f89aee2e90ff07d62b2304712a72ccbed0_1280.jpg,https://pixabay.com/get/gfc7689371efafddaec3a014b7aca8cf71153b80ebce5e158690428efc6205a91e420b3bdd1d58f2b35befdcb92d09a97_1280.png
DISCOUNT,to disregard,price tag reduced,https://pixabay.com/get/g0a0b7ad590838e3277d6f4722dc54719849b14752ab5b1b5d0d6e812a8edf4dc89471778f30235f8efe5f6a32ac3fc69e9d6639aa40527c1e4e79fcfe45da43c_1280.jpg,https://pixabay.com/get/g4eb440298a0a244c2cbbdc0ada060504f8e3c6b7ff12b71982fd727b2440e206d7c6ace3b876621414c5a59ebd6760e750ead8c695c9109f6654f59d9bd09f8c_1280.png
DISCREPANCY,inconsistency,two scales different weights,https://images.pexels.com/photos/24896064/pexels-photo-24896064.jpeg,https://pixabay.com/get/ge6a4477b92a274a0e39d70e87fa153b1dacbc99eac852e8dcab58772ce5b39ea27cf5e70c540722b79708c5ad24a3436337f26851352381a555fedbb7f9f61a6_1280.png
DISCRIMINATING,discerning,taster choosing,https://pixabay.com/get/g82f1bf3fba33c73a417fa89d6bf709132022b7a2830490be5cfb4e400d36e493b9bb45b8760ea127055e57b9321c31e19e3b9b23a4470b955a8ec6f25aa3ca12_1280.jpg,https://pixabay.com/get/g64fc4523317b678927f0a788b52b579224d1e1d685cf1d943ce7d8935f88483dfffe989a15c39cd31571260c2f39d750_1280.png
DISCURSIVE,rambling,person talking rambling,https://pixabay.com/get/g2a228e2026307587221a48248638eb77840828942937bd8faad8dd55c80e1c3764eb8846f92e391c6c1f7b9b59b99c11_1280.jpg,https://pixabay.com/get/g44347d03ab611e720ebc81e4efcac6ce8ddb0f0d9d91a220e1fca9bc2b4348d880e6c1f1341abc5cc88b501957e261a0_1280.png
DISDAIN,contempt,person looking down,https://pixabay.com/get/g065ca5f4cf8ca5c1edaf2124c94f0dbb2ba34302b5d9c284651311616a38f24d866057211b53eed9a730b4e2492196bee876dcd2a9a0aadf45a2ba5bba767ad4_1280.png,https://pixabay.com/get/g4ab70c19940dce1dcff9832785af56a172abdf3d654bde213f2f892c4fbf6cdb0ae81226333a9f699c8357ac87e294d003cc1b8abab9ac4532d9f1248498e2a1_1280.png
DISEMBARK,to leave ship,people leaving ship,https://images.pexels.com/photos/29106465/pexels-photo-29106465.jpeg,https://pixabay.com/get/ga7e7e62151e68b6c75c626f495e7f7389ab81c06b7a54ec248ecda6e8889e5b09fc329c9c6f94581fd664e7b124af0d2b2cf22a8ca25a2da05e22b12ee3f6b28_1280.png
DISGRUNTLED,dissatisfied,person frowning,https://pixabay.com/get/gd34696bb2352aed63673c24ccbb83ddba38d8302a34c5d6377e2eabd716f1c1c8f673319f255c8ff361e436e7d3c8be56857b528b4abf4c59f29d39b5cd2909b_1280.jpg,https://pixabay.com/get/gc9af7e8d8a1c84d31b14835a0fd96ea1f9785a61ba2de4e1b9685e642f136c2b9b6161618c5adb226ae849d90b5446c175a7afb64886818d2ffee109150f851a_1280.png
DISHEVELED,messy,messy hair clothes,https://pixabay.com/get/g7d220405c2236baf8c951d7ca12fa367494bea58bde73f151b19706f2802ee1f56815396c03dc8790bf62098d32263017468beacd8bc5b847a6e41e89ed0829f_1280.jpg,https://pixabay.com/get/g692fd85bbbcc66ca0d7f95472f75a60ce98f1be7879ae47983a71422d54936e0f85f336fddc4d9755259be71276783fb4c0683db44be41198ff49d3628ca7c2c_1280.png
DISINTERESTED,impartial,person neutral not choosing,https://pixabay.com/get/ga6e8ad5e82de9c99cb9e5b23ca304f6024ad6ba4ab1c572ad498745d44d0daa33707c6519144f82789d7fc10ed6de6a3ff1bac13a281d173e858c9af4fd784ae_1280.jpg,https://pixabay.com/get/g040fb6bd2b21bf572493ca236a7bea4cec3131cf17850c1bd5b569793a57479dc3a3e6a57d78566b9579e8fd2444746eec92642b9787d4ab0820e27cf79e996c_1280.png
DISMAY,distress,person hands on head,https://images.pexels.com/photos/20858525/pexels-photo-20858525.jpeg,https://pixabay.com/get/gb1abfd2dc8cda47be3c6e017139bf63110db27903b142f14b5d9131e69e3d6916923131d2549b181c60b1e14ad48f0f32be66e129fec4209f16d505468c9deec_1280.png
DISMISS,to send away,teacher waving away,https://pixabay.com/get/g086c70ed8b92f77d2a59321b382d72ac7f3b7dfe403338d876dc2fdf5aba4fd5691c293dfb85040e92bdfae9ec6560d98116c0c8edca6482bf583aed6701d0ce_1280.jpg,https://pixabay.com/get/g947af4aea9e9ff3e1b04da9b5087813c4c7c111afa744e782a2f580be32a20a95c0014a8e901c38a7738327320d5846a6a59d3c3c25b01c7b444e57747cf9465_1280.png
DISPARAGE,to belittle,person insulting artwork,https://pixabay.com/get/g9bc15267508dcb080869e556dc95c936ddd199f6045db72545714691136dc9d8f0d608a43f077bb7ebccb08d3713129a91e54d70b3819b2fc7aa9ee274ad74ce_1280.jpg,https://pixabay.com/get/gc2e19ddf63878b069e64222baa658d4bd1cb828f55288369703b44159c74bcc839552210970e37f82f562f274a91acf07ce419456440fe86f4d6304eed24c9ec_1280.png
DISPARATE,different,apple and hammer different,https://pixabay.com/get/g222239ea093c4f147699433e9db91629104d2d248e9e924e155e9f9ec163dabb63b939b0e517dc9465f8072898080352bc9c3382f35bf318e8a410c0a2e5cb06_1280.jpg,https://pixabay.com/get/g86e1af794c2a291cea370487fc10a7f6684af3feee3fe74ec9f182f2797d85d032bf79b2671319f01636767ed0961e9c24bc5802b74251fb828443c21836382d_1280.png
DISPARITY,inequality,rich and poor contrast,https://images.pexels.com/photos/4832407/pexels-photo-4832407.jpeg,https://pixabay.com/get/g6c0ed27a179e37ebf6a5e790825328aecf36e5ce2e8f8f83848b3f8f45522312d4afab68f153dcca4f9ac9c89ed139c055928743be8b84a553e3280d161fa6a2_1280.png
DISPASSIONATE,unbiased,judge emotionless,https://pixabay.com/get/gcec336d472b9a75a398754378d332d1430e630a1f24ca17676d635cf20c8cff0561852ad3b9a93f606852e03d18875272a3ddfa3f57be27483472f637ab86d4c_1280.jpg,https://pixabay.com/get/gc934731183c72d0b8b9057d5b8f77901be6dbf4bdd94a7419028e269e4f094577797bc635e3220f8bb4eecbffe2a910f598dff68207df87f26e063c6816a4382_1280.png
DISPATCH,to send,messenger running,https://pixabay.com/get/gdae54db3a4704a4ef9aedb5427c916d2f4d7c48d5b01b2a41ca92c1411d3eaabf54583537a6daaf0f7962d9cf8b916eba06934afb847b5fbd7e34e4852d0ad91_1280.jpg,https://pixabay.com/get/gc82bc7d280576226bfed732bbe398a8eb0d7c87f6cc863a438527f6338fd29cce79bafd27e44288e2fe3f7c375007a2674422db3414caefb437db789cc70bc60_1280.png
DISPEL,to drive away,wind blowing away fog,https://pixabay.com/get/g200981cc56be8a5cd5d694a859b4ec84a9c78152ca5d0316af511666b6085946ea3ca3dd0674e4b4ece8c6fae930a6454837be992b6506f7439c93e0f41d4ad9_1280.jpg,https://pixabay.com/get/g23925a85897fb24030ed4ea93da37080eadaef0541256a9c00f7fa8a6e8b9c35f146fe5960359278b2859870bf753e46ecfe4c43faeb39fc7eeff871445fef11_1280.png
DISPERSE,to scatter,birds flying apart,https://images.pexels.com/photos/35478802/pexels-photo-35478802.jpeg,https://pixabay.com/get/g63bc04a158ef26191815d4eb1e784a048fccf7684c4273574f14f94e0c6bba40af19e9b4464b9067f633eaac108cd551a0a019b4c10866de26a17bc21205ed60_1280.png
DISPUTATIOUS,argumentative,two people debating,https://pixabay.com/get/g6bd30f90fa45f5f136f1c05809e413829502da81151503917c99256060b85238262afad4d98ebb3db202494add2bda5ba25a4a449ed5cd5c687dafc685c54957_1280.jpg,https://pixabay.com/get/g27447ae4d5209150b3fad53a95c7e91332de9d96ecaf80da4a4ff2715498e5e00f57dddc26eaf2cef0824693b6ea7e066994afeffada262a3eb871e157c1d0d3_1280.png
DISSEMBLE,to pretend,person pretending lie,https://pixabay.com/get/g6fec9262fcca02de5a15636a0db06b800898dfadf8b8d07795bf15c090d16a8f8a3422e8aeb41b5df2948bc62616fb6c17ebe071b1b8c1a00b0ac759b0bda6ea_1280.jpg,https://pixabay.com/get/ga69080201a3af6df46a1f40a7647c1c2f23f0377a9d2e4803d2be7733833ae34070ec70b5f3f39aea4add8086f62fece8c3a72147e7205c1d105bcb69576ef6e_1280.png
DISSEMINATE,to spread,seeds scattering wind,https://pixabay.com/get/g5b1b9dc7a967087db470419d4107464329629998ad7e270ab1a38a18a5085b286231c0dc37afc03ea90cee5580bff50b61713b46c35119460ddd5e19add2948f_1280.jpg,https://pixabay.com/get/g0bbde6cdeecff7005dc1ca965a0121af96d928fa410968974171c137b815f6c854c72681bd4e341b52d86dcb8945ebf295da1e721203d28dd69e95a8f59a1400_1280.png
DISSENT,to disagree,person raising hand different,https://images.pexels.com/photos/3762802/pexels-photo-3762802.jpeg,https://pixabay.com/get/gb7301282fc10cc3841f61f30988875d75d3c97f09c2720a6e0e57ec78707de343115a82e778be7d12c8ae50995fbc48ea425f18199499611989152765755ee82_1280.png
DISSERTATION,thesis,thick book thesis,https://pixabay.com/get/gfb082f559067b889b9631182de77a83ef103a703c6e820f1b7980b0fdb9397e6067fcb128ea4de6af5132f63a466f293e56e48ef70d9ad24192c74c60a44ed69_1280.jpg,https://pixabay.com/get/gd5c9f59cdcb761c62059aa755105ceb81bca6fa7b0c24a5f86f094f7c07a2f960f39cf8f0547d510e2a0eb0b019e204f36ba79d981013a9b5958a2c1cfef941f_1280.png
DISSIDENT,rebel,rebel,https://images.pexels.com/photos/29479897/pexels-photo-29479897.jpeg,https://pixabay.com/get/gc09cdccc34ff29fc40b51b2e93a356df1005d73b325f8f28f2bc15e7db7ca1a8414ff630459f91f60e855d9e32a6894d13bd49394ff8c6c820ed5c307faf4fa9_1280.png
DISSIPATE,to scatter,smoke disappearing,https://pixabay.com/get/g882ce6087727b58902472b7244d24538719e7b5b5bd4b886565651cb98161c06de8fe65cd96e1ffc11e0912d78805f7c2fbc7af3d0dad9af63f2d25544d1c414_1280.jpg,https://pixabay.com/get/g6ff3416823a3643c36320e55297f39067f9cf8102affff37d5011e37ba22a64ec79985d02e3235a4761d9e846d1cc128d7fd510df415d7b7f4c6b2711936882f_1280.png
DISSUADE,to discourage,dissuade,https://images.pexels.com/photos/25205255/pexels-photo-25205255.jpeg,https://pixabay.com/get/g57db01244e08a10368610f9d4328d6ef75fb6acdd26332b60bf3f258bc07baf2e22aaaf81c6acf36459b9a9a937e6b5ece31572a9b9c079b1fb8ef44bd259b65_1280.png
DISTINCTION,difference,gold medal vs silver,https://pixabay.com/get/gb769723062c7beffe9b6f6b076f7231087ab9f439693f0383e4d3168a6a15c6df686e3118728fc9c3c81ef55676ef7248c2f3e926a401568f2467859f1681e0e_1280.jpg,https://pixabay.com/get/geee9fe8b028ea1a924b9b09ccf4291bd3ef7d4e7b4b6b3cd0c9876d014be1cdd0bec93a9c1a547c4016887959572b50f9635eba2e21995a9c250228a72ba3d18_1280.png
DISTORT,to twist,funhouse mirror reflection,https://pixabay.com/get/g98108d7b27f44ee16c4d7b973ffdfb0b32e8b992fbaee9c6e0dd9b4c579848ee900d7d47e2169b92748f606a503cca6e6cc21b32e6dcc8693fcd37b249f6aec7_1280.jpg,https://pixabay.com/get/gffecbd948dc3a8b50a0959215405df724b754cb9e5af26e98798148558a28c9af4d87cb30483a9623841e5efb8930aa588cbc3154eb0f23d49f58513115a53b6_1280.png
DIVERGENT,differing,paths going different ways,https://pixabay.com/get/gc0bce545a7d0a7054309e2f187dbdb5b30f08ab6d37f46eddff90ae8c89855469d67296f2e77a9da6f89bc0e1b9adf3286a8dda4fe2ca4ab442304e2b33c27ec_1280.jpg,https://pixabay.com/get/g059d294c10cb123146913057fde046c2198244466fb5a91bb057bfe33672f9a715c1794596ce408517ae12264b3bbeccffe7d69d003c873e02ed3736f16a16f4_1280.png
DIVERSE,varied,diverse,https://images.pexels.com/photos/18459701/pexels-photo-18459701.jpeg,https://pixabay.com/get/g1990a156d176da4abd9bb8c1d0b908979ffc55369fe0461e7024d72af17f44ffc9ac5f9ba3aaec04b802c045ceb4d5da_1280.png
DIVERSION,distraction,detour sign road,https://pixabay.com/get/gd81f16e964f90a95868e4cc657b30861dd7dd9a6f343d2d0a8db11ab26b2ae9e78865f534b86fd16132599cd77775a16839b16c563486cf191c19434cf1349c3_1280.jpg,https://pixabay.com/get/g08f3290b7824aaeafb675697f4a601a1070c93c4cfb8ef4467bbbff15e7802920b9f397662d2bef787579de921e11c87c247cd6eb5997e4d1ae77c13af6c3122_1280.png
DIVULGE,to reveal,whispering secret,https://pixabay.com/get/gfd8bf4b653379bbda2885f2cbc25e79342ff55aa9ddd6616c65659285895d31ee3cb63cfdf004a71b5e22af480cd82219e3ebcf25cdbe0841e5809f97b8a63ea_1280.jpg,https://pixabay.com/get/g7e5ed21f614fff59e98195f9cbb1b9a647b5484921848e0a46a25731f11afe4f8148ed4db527cefac9b357e8d6bce56f57af034e612c73cef6ec44d567e9e7dd_1280.png
DOCILE,obedient,sheep following shepherd,https://pixabay.com/get/g12b789dc635b8cefc79b74930095770e343e7b6d25c4af4c075808a18d19aabbfc519d3e81a92f09ad7b108f87f44eee769e72a9500d4a54d87a85b798a24981_1280.jpg,https://pixabay.com/get/gcf123175ff19c82b027f6be73524889f71d3f2a77000b70af4cc82319d7101165c8c039360eb2bef5b60ee0aa9efc02b6f841b33ea26c850b8172596dd8c3e0f_1280.png
DOCTRINE,belief,belief,https://images.pexels.com/photos/31513866/pexels-photo-31513866.jpeg,https://pixabay.com/get/g9ab1c46828a5334105fd7aa404905647f1d520cecbb3fad61919c35393cf1c28d813a8c8fa71515efacb284cd6ea204e524916fcf8238cac6eb69b9d0e659f4e_1280.png
DOCUMENT,to record,filing papers,https://pixabay.com/get/g515a17837816f97f430d8b719201ff69fbb95ca21c8359dde292e623d1d0e49f390adea004fc7817a3d2fb1f3700988c9c090fc124e97ef5b7df38b4c1d59815_1280.jpg,https://pixabay.com/get/g99db5d39c0cdb4d62fa2861c1b0efd121f7e02e0a83441cfecc33ffc7b166500df295e7462181945ca58b7785a2e3a4f_1280.png
DOGMATIC,opinionated,person insisting their way,https://pixabay.com/get/g124ae5d5d902c2d46e447f8f57bbb445cb2dc8cf520a8a79bb23c2e6e3b7d4031276cd5885241a77f4270faab1488619df9e1c9d9f30e3f01f6796010cfc035b_1280.jpg,https://pixabay.com/get/g8da3bd4413a37a2a7fa1278495c7fc9c7366901f89ccd4f13ce25ee820af11012c2461082bb67dc1acc80d64cad89471_1280.png
DORMANT,inactive,bear hibernating cave,https://pixabay.com/get/g555aa9c222e6b52b03875cb64ca97ba09794ded6fe49c4269202742c80c086b93f9ed07407eb034c36306e2ce09d26486224647de3995a753b38cc265ce9b257_1280.jpg,https://pixabay.com/get/g4cfdc79982bb401e4ae06e1ffc13dfcf67082b632620ac91c727e39b5d2c78ee2d4e49e2bdeb21c4b0ae5703ca0cded260086b5feb825aa54f70fb5a93db4669_1280.png
DOUBTFUL,uncertain,question mark thinking,https://pixabay.com/get/g2660cb441cdd9cd3533154c07c4f5756580e426bfecf166c727dad1a253341f366c8078d5341f7c94571653c72523e9660c68475657155f611f97006a5dd6de0_1280.jpg,https://pixabay.com/get/gefa6fce8a1f4f17248d304ac613df2dbc5e7c424ed07294a7c72b4cd77abeefc7cec5f1bf4355d8c142d2a12e196de56933de72106551571acac59bd4cc616b2_1280.png
DOWNCAST,sad,person looking at ground,https://pixabay.com/get/g1b7c309ca70f442ae35d6e1d60cdefadd3c73411fa26e6d60f71bac4c18655905a58b927e78184ab5919aa591db10e77660e8f704525ae5593fb0d1b819a5e38_1280.jpg,https://pixabay.com/get/gaf47e63d33696e13708b82350799c95062862e7c0f2cff3f7c6a1eebda643a4dcff0c17ad973c5d9585054576139796c_1280.png
DRACONIAN,harsh,very strict ruler,https://pixabay.com/get/g8b3978a2cc50cdb4208c3bfb214ca093e88943216baf195c4fbc66fa6e81df49223dc8fc0a7a352010199a1c7a6df6e5f117e46747ba6d08c3ca343792e3eded_1280.jpg,https://pixabay.com/get/gad8c5afcd45ee03e062f16465f8f74ec281aeaaed8097d0211d821ba77b82eba0e7d3a4c729b979643897e2fa26d1fbab2a350482cd0e94b3666ed649f1f2f0f_1280.png
DREGS,residue,last drop in cup,https://pixabay.com/get/g954cc60c2690816cb243fe868f26c8a921f1f78d24e333a614cdd727df7447be37e5ed368d9bc05d46bc8feeed60f9cda44f412d287d0584c6775937606480d3_1280.jpg,https://pixabay.com/get/g3e60898954b36c4af6c6b88afae4953d3b3beed56c2423aa8aac87d24af6cc86506e2daa2e4ccc6d282802772f7699a6eda7aa1fd29047c397eb4826e4d25bb5_1280.png
DROSS,waste,scrap metal pile,https://images.pexels.com/photos/35483497/pexels-photo-35483497.jpeg,https://pixabay.com/get/gbdc3e09b761599d581a4fc9942d8d7ee32224000d47f032c6198611f66ce9254abc6933b607be396d075780b8096d549405ba602f4f3fd8b213e094222bde55b_1280.png
DUCTILE,pliable,metal bending,https://pixabay.com/get/gff09a57dada87dd9654f07028e18edc1e9258085149bc280d76276ba6c0dd5f981ee12ffd97233019a2700d2ac4a1170ec9d6c56f6f7cd34e859a71c66ee8717_1280.png,https://pixabay.com/get/gf782515a4d78ae226776996b4c9765fc0dc4ed3a773693097c343b093bedfa76f401d5d8b03b22b9978ba7c25eb8b91a_1280.png
DUPLICITY,deceit,two faced mask,https://pixabay.com/get/g4cac15d591c162bedc7911748f197488ebecf93c07fe1657b7b4698512bdd937461028629877d0b58c0824f9fecce11ea7380cf6f6ea2ec5c94f8e766b92ee28_1280.jpg,https://pixabay.com/get/g822e030edbecc9595e01d4d73bbf3dbef80dc5e0cc8b67d6bea9a5030168d01aded2e3d1d739dcffb78ea4da42f8c1f7f0d927a4417db3b7d8c527950574f895_1280.png
DUTY,obligation,soldier saluting,https://pixabay.com/get/g586ce708b1d66eca06f53069ce47486ea44667f7521ecb8f6356739e459912a67221e647df51a782928db0f50c2e3d7f3dc787fce6a45261c6c0aa250714bf76_1280.jpg,https://pixabay.com/get/gc5b6f260472c1128324f7857fc2f47c8d6ad973494ea2e155aa9fc2467f90b737b840df13aea1f8aab9fd33e4a04c19e31f5731989624e26269e4ccdd4af982f_1280.png
DWINDLE,to shrink,shrinking water puddle,https://images.pexels.com/photos/36833573/pexels-photo-36833573.jpeg,https://pixabay.com/get/g6999f86f22dd401f48b6164f357eaab6703684a12c149c15f85c9d34d008fe3e40171cbf6d7ae62dda5e7d0352b534ff4489082fd0c471e8f317c070df0ea6e8_1280.png
EBB,to recede,tide going out,https://pixabay.com/get/gbf04dc06ea919c16605f13a1974983f6004502c3a81bd43331768991251b654bccdeebcc5f813edf43e80d6cafd118b789a3c1906593c463a5630f8fad53ae0a_1280.jpg,https://pixabay.com/get/g086326823d6c1c6240d39b9c76af89e0089656dddbd6a6a94526bc5b5e0a39105dd36bd73511c28dc741fe46e44a0706335ef8290d86dcbafb1c66e1a6e530dc_1280.png
EBULLIENT,enthusiastic,person bubbling joy,https://images.pexels.com/photos/29479795/pexels-photo-29479795.jpeg,https://pixabay.com/get/gb0e7416cc923a984689fcb4ff312dd4eaaf77c83fc197c13cce1d3c652924a7009a6774022dfe46449506c390ad01654c42c1cc3e9f6d8f0fd0d0441abcfe1fb_1280.png
ECCENTRIC,odd,colorful mismatched outfit,https://pixabay.com/get/gdca80797248245ea2a3b858eb8eaad54cd340d7647d942b843a8479c6a2812726952bae74f05fdf1d07de3618bbcf13dd5822417ce17f469ad663327f7c0835e_1280.jpg,https://pixabay.com/get/gf2b49d7b995c24dd14cd59151194039394c55c678d97a3cfa7a3bb5410b79cd9140b5946b4fb680065505b27d2e49fd931f276df9a4b864c4998f6365db7b5b3_1280.png
ECLECTIC,diverse,diverse,https://images.pexels.com/photos/18459701/pexels-photo-18459701.jpeg,https://pixabay.com/get/g2ab0379dc2d0bb81a5bd00f8470b04cd974dad2851b9cc6e41eb0c1c0792d54a16683b555d162cc41b8c1b077efba6f5188252b62adb1b60b9c718f816c81bf2_1280.png
ECLIPSE,to overshadow,overshadow,https://images.pexels.com/photos/35357998/pexels-photo-35357998.jpeg,https://pixabay.com/get/gb6eaa0cdd17d1141311c8990d00759e326c721ac6353174b88eccaa1a17007c994b0224649176fda7de34fe31ac07e5dd8b7037992933f0ff6d5be45fb84b7bb_1280.png
ECSTACY,joy,,,https://pixabay.com/get/gb7fd6e71234b27b5ebd7bd261b358b406b151917016d9334ee3688c49468c6c4c6f0e9658a10cc1643a517808afa6601bdc1f78973ab0dc8d192477b6aa20501_1280.jpg
EFFERVESCENCE,bubbling,soda bubbles rising,https://pixabay.com/get/g8d4e5be19002bcefa043e12569c3a1282a1aa87f412e96021451515fce0d3275f07108c68259111fa0279fc0e9b253893196b6d179edfff6cda6d842fc1f4437_1280.jpg,https://pixabay.com/get/gaea5bdcff6f9869d7576455dddcbaf872da3dd8d7f953cb3faab43bd5ebd6ecac69625d42bbd81d0a257b1f46f95c716a8f48b18b045b1f872154a794db45f6a_1280.png
EFFRONTERY,nerve,person brazen interrupting,https://pixabay.com/get/g1e3e8acce5b4f8c30f5c7da42652a593132107f0d8056e5871511e22ce6d6c4ce36e46b130b156a0a0a696131e774a913628b307ca9e53e48245f31b922aadc3_1280.jpg,https://pixabay.com/get/g537b7ff66db7fc8849f09a6826e960239f02a94175e9b019ef27db949c013596ebeddffa2477c42aea90825e5c4197de3b27d31c4d8e28c823c30ee95bc621cf_1280.png
EGOTISTICAL,self-centered,egotistical,https://images.pexels.com/photos/35471193/pexels-photo-35471193.jpeg,https://pixabay.com/get/g8c35214df09351891b50da7132899595e6007edb38df53d24afd1fcf353805b2e3fcb21d64b7993991135d5634973c264fa51b19b1fc1c848c5fc1a7a356d512_1280.png
EGREGIOUS,flagrant,obvious huge mistake,https://pixabay.com/get/g7181dad9d0956fa046fa6daf8ba2597a9f53481a8ede62616fc7cb720e5a30e6650175064dd12cf8a7ffa9eeb4e1b6c1b500546f929dc71d263857f84c857a03_1280.jpg,https://pixabay.com/get/g97b1158737eb1b0551cef85c037289c999659a66f9e050593d05eff2ec3873c4660090c7bc1f9694c932ebcae93e79421a9991024f5e39fbe47a1c7be4956e59_1280.png
ELATED,overjoyed,person jumping joy,https://pixabay.com/get/g4c6d977128c92f373401ff98ef8ebf59eabf56bc9cb470a9dc6e3280c971548e1dc28990ccc7534937c4c332b06e9301b46120fe01327f1bca75a88fe5ec2125_1280.jpg,https://pixabay.com/get/gebe9086f88d4a6e48912e7f6074652478eeee4e6a3e167ae20e1be68c01620ae485dda28f8cbd9202fa2c61613f0eccd1c2b295f65993d665b818026abdcc767_1280.png
ELICIT,to draw out,drawing out response,https://pixabay.com/get/gb7e5996125118b79c5e2d179cc698d372bc7ed9daf638819870391ba7c073912cd97e414a655410029464eda0c29841c2ae00ecfaa10cd2a7b11ba9db84fb67d_1280.jpg,https://pixabay.com/get/gedf6923dc39b0eec4f211248b48fc02ae27ebf077fa02b83d269902b57981f870cabc021798de62c18751fd219d14ac3_1280.png
ELOQUENCE,fluent speech,speaker inspiring crowd,https://images.pexels.com/photos/29581125/pexels-photo-29581125.jpeg,https://pixabay.com/get/g43832ddb15af9fec1b42871432fcfc8b0c70df552b86d5ba83e12df58b895098c86a262b0ff20f46f559b9b987ac43e792ffe6c05d91377e5f3670cd74f577bf_1280.png
ELUCIDATE,to explain,light bulb explaining,https://pixabay.com/get/gf787331f59b6823af04f75d20ae67aa37ed861e2a91a47a29c494bf3371445962e99477e7ef79f59816b23ca2e4552fbbbc631c30a8d3ff45c347c387675b982_1280.jpg,https://pixabay.com/get/gdc8dc64213f49934ada85743fa12943e95f6d1966bf0c32f3c70a0d9cb7f2412c285d0f66c8e5b39ea5e10f3cc2ddd5d940e6ed936d7496a0617aedc58be3de9_1280.png
ELUSIVE,hard to catch,butterfly hard to catch,https://pixabay.com/get/gd9a849fce3f49ff1aad205632f9f0a1427433ff8225932327b6f18b67feade13244a568db8e85665ac78cdc3681fabf0f03c120910c91d08725fab45f1d191d1_1280.jpg,https://pixabay.com/get/g29bf6567ff5cd979b024ecb795c053df3da32bd1189ae980e124e011feb096c030420a29ed236690ffafaf8a80c6a1fc38cd862ac7363cea2809f2bec16106fe_1280.png
EMANATE,to issue,issue,https://images.pexels.com/photos/28820515/pexels-photo-28820515.jpeg,https://pixabay.com/get/g3fe545b71382552ce231e2e5f3c8bfbd78a558cfe21249c7b96c21ec16193aa8e1abbd64d29a39f6a0330ab53e5fe7bea4c5a9ec29b7b78c9698a44e5575205a_1280.png
EMANCIPATE,to free,breaking chains,https://pixabay.com/get/g7254d51d72ba8de97ce8564f9ba00c12c2a27de5bf474a78ccdf3342f274d77c906deb4b38f90b68f2380a83556fe6d80e9e742eb9f8445b39d6101800b2b69c_1280.jpg,https://pixabay.com/get/g353b28488ad52cf31b3043b380d03c86a933f665d4da86af31cf50d8e63feca2b7ec66df2492b3b8b4565a1e6b684bc725919c7ea6e647f60ee5329a1093b22a_1280.png
EMBELLISH,to decorate,adding decorations,https://pixabay.com/get/g48f11b32755e20fc061eadb204c01aeda27344412f8e3886c22468dcc18145ba7e72fbb8777b5057294021fc3df70cd865714cf16e1c3aadd94ff4f0d9599384_1280.jpg,https://pixabay.com/get/gb6a6e3506934ce7486360afe99669863ad15b4f642529b5c198c5d76f0306a8cfff8f38b79782428db3c556601b1066ba16622af03d1c4d06bee8dcec5a575c3_1280.png
EMBRACE,to hug,two people hugging,https://pixabay.com/get/gb60169683a51977089d6ab37931f47f1238583da575b43b65fd5586884c7a9803f90a408245b3b6fb22df0331e1d3cc2a4e7298eea939143e31dd728988d59b5_1280.jpg,https://pixabay.com/get/gcce37504a0e8e2ea34611aa97be2e8eaadcfb0847434e263539b0f56cc22c89c37129f8771849319369646f86e8f538e_1280.png
EMPATHY,understanding,person feeling others ness,https://pixabay.com/get/ge209c565bb57ba1b4ec08c0c373b84bc4e1fb1747d9df4259395eeefacae828423c2767918ac1037fd36503ad7c1378689e167b2da1d9bfe934b9e6db321e43a_1280.jpg,https://pixabay.com/get/g877280f32ef997d677b6a64d1b7f976f5d51e61776dbad891e810adb3215c8d4c410c5a081919a02f4aafa411eae715bb271773ea63b73b85bda349b9e375457_1280.png
EMPIRICAL,observational,scientist observing experiment,https://images.pexels.com/photos/29459971/pexels-photo-29459971.jpeg,https://pixabay.com/get/gfdeca41e787dbcda0e1d06d56ce37e739dfb05bd390c85463aa042beb6cf41120228bb243ed495b6fc2149b89d5e925aa54d375d3c1237a24c17eb25886f62bf_1280.png
EMULATE,to imitate,child copying parent,https://pixabay.com/get/gdced967ce58a12ad62a68faf4e7621b92b49728d005b5f93040af563e9b2b4f07fedd75bb2c0dfcf910327b0049dab3bbf0ebe948c8d3fd9a7fcef8aadd17b94_1280.jpg,https://pixabay.com/get/g29cfe4c5413849f2ee4d9edfa0e698a6c65d7a0cb0fd24760b54fcf03e302fc5873e9263fafdb4cd36007d83f70a2df12ada90e90b4556c04e2fecdb22345fa1_1280.png
ENCUMBER,to burden,person carrying heavy bags,https://pixabay.com/get/g3eb2a6d48bf5f72a56bffa19187d6106290b4952e80a1724eebf354ed8bde6d2dc22d0900d95fcf3b88225cae50bd64f1a4b419f00f38b276795984f38887d3b_1280.jpg,https://pixabay.com/get/g3c56228855f026b59d78dc287fa548c1118321e798313d3f4cac9c33156cfd7728d0f9cbea8e0438275ad657b09547f9_1280.png
ENDORSE,to support,support,https://images.pexels.com/photos/17382268/pexels-photo-17382268.jpeg,https://pixabay.com/get/g86d9c9c1948b75ed4781adcbbe1070b1c9af99161c77ed80c3bd220421d65cbe567b92a458cd686f6df69c903d93f088f0f41e8bfddce844f0c7caadf7362ece_1280.png
ENDURING,lasting,lasting,https://images.pexels.com/photos/27988921/pexels-photo-27988921.jpeg,https://pixabay.com/get/gbc5075de9cfc4af47accdddf1f5af2780b8007b8f35e9a56ba753533f1ce2c1d33879a94731cd90cb05ce20b7939a7b50da1b90aefbafe2b9bc540b90eb8f0ae_1280.png
ENERGIZE,to invigorate,person drinking water revived,https://pixabay.com/get/gc61b8816c422eafbe108bb78715519e4fa0e22bb8230040d5b9d4839bf2848dd7d38b7ccb3c7747ae9ddfef71638e6a988efcf631e90dfc6b66ed9f5320c5aa4_1280.jpg,https://pixabay.com/get/gd5ae005d0c41d24516db728f6dc6fe4d5826c8c65640ef0fc65b4b85c0cddee3a2fb640d745c47608aff09e091c5d466cb22a016c90947e2a51888ea7f93e7ea_1280.png
ENGAGE,to involve,two gears meshing,https://pixabay.com/get/gc63b291c18a3c98c7f2f791990e12063fdb9f930240d7b9759de50907b29861b619c474c865fc5104fe8e97b196abfd71ef119f4cb75506d0d5a04e9773aeca9_1280.jpg,https://pixabay.com/get/g2d4303b1e93e5c2512098c3c25905427f078781fd6267fad8d8862ff02c431dce107b82e562969bca03c126b28db9435_1280.png
ENGAGING,charming,teacher with students attention,https://pixabay.com/get/gb5f2dac9d8aec76025b90808469f237a6020a0d878c96f7c59f0556fbe08128382c655b97e688bb4b4819836846bf84cd807a0913c56b054b797772bb3f6b1cd_1280.jpg,https://pixabay.com/get/g660f336f2acec0c4fdff110d75ff27fcce22b1168331619db6152ee61eb4b2a9634c6f66e94846b9fda1b8be214d2a6cb7368696e320177082cd3eba1316ccc3_1280.png
ENGENDER,to produce,produce,https://images.pexels.com/photos/29880869/pexels-photo-29880869.jpeg,https://pixabay.com/get/g0f4eb2fd629c12651dbd5e571745cecfff6b9e854134fa1c7e48f976a7e28f6ccd2224c2ffbdb47642f876d513c2b9107bafed4f2aeeb9fdb9013ef47ef9884d_1280.png
ENGROSS,to absorb,person deep in book,https://pixabay.com/get/g57e78dcef3b471216d7c877e0861546905a82edf121b054b987a05e69e9367bdd3a42707bc2cfbce23cb41f411ce1b1e42de5bbe666ec2f3c4ff5fd8db6420bd_1280.jpg,https://pixabay.com/get/gfe8f4cb6749745225dbabd8296deb38110e5eac49ea8ce9b6ae04db96ef8b840e86989fa75913b901a629f95262be4661ec47a440acc46132d3fd2f9a8dab3d1_1280.png
ENHANCE,to improve,before after improvement,https://images.pexels.com/photos/32917527/pexels-photo-32917527.jpeg,https://pixabay.com/get/gfaa43813417eb0f85d217b181bcf56342b6b1851ab22cc2f0826923bffdd1d4a9368de4aec7128dc53457a3b2f4c8ab766edd872c1292b05e0b35b202d81846f_1280.png
ENIGMA,mystery,question mark mystery,https://pixabay.com/get/ga8d5101cdde2d3469323b7c8e33e48bcc37c34b602991ae0bd8f30e0c7a1d5aad0c3d8d97b42bc9fac9ea15a030b83f494e83472c2bea5f6c6095fc3f456cfb6_1280.jpg,https://pixabay.com/get/g9b07bf8d97f75bee2b0d56891631b9e52c10485e1940a21c8612ac9f130d276e9669569c4c28d93d4875ae8f5bfbf821_1280.png
ENTERPRISING,resourceful,person starting business,https://pixabay.com/get/g7023e7938c7cbf3c7506e027b8746fb94045fbdc1fd9275d6e6962479e70ecfbedb1587471120755188cd034dff6f1a436a000104ecd754d3aeced3fcb59330a_1280.jpg,https://pixabay.com/get/g284c1f995c70427ef35d0056d1c2604c27caaa5c94e9a6087c805e01d23b987eaae251f77aed7d1b4938b2ac1aec213d7991f9ed6e5be3c284af1d7077af5fbe_1280.png
ENTICE,to lure,cookie tempting person,https://images.pexels.com/photos/3762802/pexels-photo-3762802.jpeg,https://pixabay.com/get/g8613a232497b717ea300b0ab732e41ba676bf745ecee6de2fd7b54345b26cfe1cbabfd5c492b93d4798d3fd54100a96210cf18de80b2f995cbbd299a37249ab7_1280.png
ENUMERATE,to list,numbered list,https://pixabay.com/get/g942c8abe275e21824bd8c6df17ca03d5053f8720b1636b190068bb3ce660987c73e34f3bfddee9510368948179a8d88be70c1df2a5b2d5835e5ef7e1fdaee143_1280.jpg,https://pixabay.com/get/ga7cb83e0ffcdb591d39359529d1198432c964b0cfcb9ea2148b34fb4a171e1609f8aafea2e6550b80084e06591b04f6e22b90ef11271ca6dbf56111dd6f9c614_1280.png
ENUNCIATE,to pronounce,person speaking clearly,https://pixabay.com/get/g0fad269b5b2921d61a6339a5a9a9c26c15b690f3206e0f7a0f5ff58c3258590f97e28327366f51bf85bbbfa8f198f6e1670480ac64fab804611734b4bb09c202_1280.jpg,https://pixabay.com/get/g0a22047cbf5504854fbc56110875986a12e42b197b0863d3f879fc2e5f37553edd38abde68a000643e2c800ad3dd778ab0ad7cdd4e19987b056c003f9244d3ce_1280.png
EPHEMERAL,short-lived,bubble popping,https://images.pexels.com/photos/29479795/pexels-photo-29479795.jpeg,https://pixabay.com/get/g940d932715d6a3a62dd5f17f0bbed1464efdcf9e7b779b8389e106e32e3ce686b5e33bc991b94ba6b3c8c175b49b16f7ee323cd926da0aadec6b19f4305280dd_1280.png
EPIC,grand story,grand adventure movie,https://images.pexels.com/photos/10311993/pexels-photo-10311993.jpeg,https://pixabay.com/get/g7cad4932b6bd0c8c7fd81aac2b69b8ac709eb7c13a345979269038ba3787d16ee409cce2244c4f4442e22771b19fedc8a3d7193ffa4b74481e8201297bd59670_1280.png
EPILOGUE,conclusion,book closing ending,https://pixabay.com/get/g232fdd460d1de0a9cdf77359c899c02048c9722aedcca479e2011eeb77349d464ecde39a07ec2f3a3945124523f298fb979240058ca521eea60cbb1d5d5b6831_1280.jpg,https://pixabay.com/get/gbbb2ce37cfbddc84e65742c280d7f8818dab7fe468af368445653e307ae7735800949cbba22d83fa7491bb7f9bf4ca7f47297dd07a9b2339e490d3614fb8d298_1280.png
EQUIVOCAL,ambiguous,person shrugging unsure,https://pixabay.com/get/gc8fa183189433ba729bd4f68358e9ef09f98f6d0b0cfc8eb7b36555e7aa0b66601a2f5874cce2a064a2803f2e320272c196501fda6e03f24b1d4e28214bcd109_1280.jpg,https://pixabay.com/get/g754ab2689c03abe8bc649be254e1bfeb62892d47a38564d06f2c15bafed3a7dbac5321a35a146c6b6d7f3a553c6cbd7971bc323cfe864fc964d261d573c499ad_1280.png
ERODE,to wear away,water wearing rock,https://pixabay.com/get/g5b1cdbe996b8c8627aa125e084263dbf8380063dfcdca38a5a70c891b1b8cb23bc4590d9705f537f897a49ba8bc60af9fe4538c5d265fc163171ecf73cc97b9f_1280.jpg,https://pixabay.com/get/g52cb52ad0d1d355295061aca201c84f8868e924f626491bb1b40d9392b641ba019bf5d8fd5562518cf40e5398b1c5268d2e30881213b1a006be463c655ff03c1_1280.png
ERRATIC,unpredictable,path zigzagging,https://images.pexels.com/photos/35574315/pexels-photo-35574315.jpeg,https://pixabay.com/get/g90199eccf94fd93541fa22eb2ebecff0ad248fbb0143fa2eb2405ea6cc17eb5fdf05838b6ec0ec783a3ee5cafd8bb4e2_1280.png
ERRONIOUS,wrong,wrong,https://pixabay.com/get/ga764b6fcfc8902b44a03e80a660643e4a0cedb5b7c063310a5d06b4426c81b8930a24774a2775fc46e9564e59901bea58eaa930f587b8469dc04636985ac9fd9_1280.jpg,https://pixabay.com/get/g55b9aa28f43597541a7a16ced88948fa3bd65915706c836326b52333036fc13522d40df3f5d3a74e406f22faf7aaa463d8f212d073dd86d2ab382787d4c284bb_1280.png
ESCHEW,to avoid,person avoiding junk food,https://pixabay.com/get/g5d8d8612f5db3d90d09ef082a616ef45ec3bdda77f4d15456a46a2ef63cef40b3d57647112225b34fd46200bc1e3708a604167448e30b0c46c643d81e42e5852_1280.jpg,https://pixabay.com/get/g74705b942bea3ff23494c1d0aa4b141976dcac147ea6920a7baa95ab6708954c6c1dc586a758d44ce6a49e901436d2cde71b6ba5d585b19802ed83ee82691b51_1280.png
ESOTERIC,obscure,secret knowledge book,https://pixabay.com/get/gc8047475a43cd3f420fb89f4ec875b10b31a974c59179c1ae805eaf5244c4231b4439af5b8c9cef53f19096d2c941dd25ea57c996d25863815b5070bdd3f6fd5_1280.jpg,https://pixabay.com/get/gb31b816b17004c6f4a8ba4b48c168f5598e778ce8ce715b1e73de7e367bc77a24a2c7e7bc0c08854b3bcd6e708282bb00036adf06b3590b669f7ca036e37bda6_1280.png
ESPOUSE,to support,person advocating cause,https://images.pexels.com/photos/3762802/pexels-photo-3762802.jpeg,https://pixabay.com/get/g7aff946d541cd3acbddf0b16c1fcc64ea7427ff243c111a70b2c6505f075173c645a2e0237e899686fef1ec0a4dfade88c8cdf6b4298968528279a1ec60feab2_1280.png
ESTEEM,respect,person looking up respect,https://pixabay.com/get/g7faf7c2ad5b076d519ca6c58408b0c696161597f94d74ee0bd1f985e2c99912171b74b41c9ab22e641357010027c251b1d50e16fda97bd2c3e5f2d42ecfb581d_1280.jpg,https://pixabay.com/get/g5bdadbd0c0bf0f3d968f881652e4f1b1c74fa3bbaef276872c260d02dd1844352bfff6b75714847d0b0a5ee9bfd4d43820411524d0a369f3711c52ef14efcc1e_1280.png
ESTRANGED,alienated,person walking away from friend,https://pixabay.com/get/g41659c78747004243b156f1462247c7343928f4594bf3f77af19c27937bae9e38ff13ae270f0f3e745dfe7fd0877fb4a1480dad55b9794e650f17ce8a008dcc3_1280.jpg,https://pixabay.com/get/g85e30fa90c5419290d8add186962b69a2196ba2afd65a60de1efab129420fa570def0feb331be5bfa6c63123067047b7_1280.png
ETHEREAL,delicate,angelic light glow,https://pixabay.com/get/gb7955d1ee1264b3d0c240f12eb7eb737fc770f02819fc105869a41ca58da2a6b59feb2cd525bfff23eca9fd18be9d160975900c5288ef98524bc1484e3307fbe_1280.jpg,https://pixabay.com/get/ge8d5f152d90a36cf24555891c4dcf556143237373ebdd38117ff11550497533fb81504fce79025210ecca26dcafc2354_1280.png
EUPHEMISM,mild expression,mild expression,https://images.pexels.com/photos/29632684/pexels-photo-29632684.jpeg,https://pixabay.com/get/g3223313d8e0833fc5492d41b711044d35921f4069b000e6a2812a7be56a48277c580263a07be7a47909e45471daf67b27af150f43d5afd1558734806213db6ef_1280.png
EUPHONIOUS,pleasant sounding,pleasant music notes,https://pixabay.com/get/gee2ee1f9d1341b8621ff6a24caf45e048aeb1d6e1bf07a5271c2bf617dbfbc1ee6511304e5fb27a95756008ad465b55a8aec8f650f9d64166bc0c8ee8519d854_1280.jpg,https://pixabay.com/get/g8683cc57f1b0a95cb8d413cec6d270836041cab77baaae7b70e3be8634df15129c99d9c09ba0a1f1aeb6c83320afc0af_1280.png
EVENHANDED,fair,scale balanced,https://pixabay.com/get/geca451a9d8a2fada215040cd6fa7c7846430ee04bf111b06594a52b9e989b99f85415f749895dd18d539ca9513e2553ca06d59c61c8eff5918089a832ee48994_1280.jpg,https://pixabay.com/get/g1df3747d772eb3d55eb7b3e0adffe7811e8f81a554d6212d6e04c9f334509613b01aed1fd7c5defa4cbc2b0218fafb32bd12fea7afcda2ed2da86f7b2507e33c_1280.png
EVENTUALITY,possible event,plan b alternative,https://pixabay.com/get/gc612f0e140aae5b11a859eac1d7d0ef92043a6651f08e02e1640185ccc3b209066f4c9bcdfa04ae1ff663ec3aa119562c6c25efe7801b437d70d98344f151871_1280.jpg,https://pixabay.com/get/g14ce406e502cd2d217a6453027e97aa7b5fccbec6ac831f093e72155ef839580ee682e000f3cd631ee5e64bbad92ad462cdaf780bdbac108519fffd98b0e04fb_1280.png
EVOCATIVE,suggestive,photo bringing memory,https://images.pexels.com/photos/30163490/pexels-photo-30163490.jpeg,https://pixabay.com/get/g4be38d28f2b806aff8a4f1a80e79b165ea8a36c4ec887010f3db7e262ff583e89071ffe53ab3e28e160ce133108317a07f4e0dd5b8441e18923129041fb38666_1280.png
EXACTING,demanding,ruler measuring precisely,https://pixabay.com/get/ge19738cc6cf3da31b14c04243b84dfc4c6eb6e0e8c0c67b34fce0eb614736ab80cbb2cc873b318d0b80b9451c2320eefd54b45c74af1af690b3ae745ef24e134_1280.jpg,https://pixabay.com/get/g15d9fd5e16a642ecfd38ace4920b3edd1041576f7f7713d1a939a5c513e640774c6953d95486cead8c0449124ba988c4893e78438f6e5b0883614b08c8671822_1280.png
EXCERPT,passage,highlighted text passage,https://pixabay.com/get/gb8d402882a8c233d9bb16593f012f5e78cf4468c6c96afd01ecd058f3371da10054bb3f5b4f9dc2f1c68e76eda35f650e17d9d4952b116c59137b110ad280137_1280.jpg,https://pixabay.com/get/g41240d6929136df331e9c501733905ef36e0b105ebc11282d0fb4a00a48f87c4c91f8617204157bc0a1f71ed5e65aab6b4919200a83ebedb2333cbfdae87d3f3_1280.png
EXCULPATE,to clear blame,judge declaring innocent,https://pixabay.com/get/g9811ae8ac6180f9f74513a9931b3a781a942a12628d3dafad9c3b4d6b77b06600207678b98d97cdb4416fe28c422634929bc37455da468121172e49660a1e9ff_1280.jpg,https://pixabay.com/get/g76bf443803010eedfdb162ddf6e1d8dcdaf5837c22e8c8ffd9eb3e3f2eebaf07728387df527b6548f008aa57e38a49b3ca3501fbceb60345fdc76d6518c2d648_1280.png
EXECUTE,to carry out,person completing task,https://images.pexels.com/photos/16005624/pexels-photo-16005624.jpeg,https://pixabay.com/get/g3764b52966c2854a0ebd4320678d9878bad91c873ef3bc6ab5b6e8aac4665d5766096c933b6b74d22f1ffccaa819145b682527601501911c7831713b595bef25_1280.png
EXEMPLARY,outstanding,star student award,https://pixabay.com/get/gbe08f41caff1922078c0084d2603b22a97a9ac80936450f91bb24b6a2a8b6b9fe5a1ed9aa094fa706ec6efe020a452ffc295c1cf7445a12510675ad45d6738da_1280.jpg,https://pixabay.com/get/gd2355460bf6fc1692114f5621bc019991e8d84ea81733ddfe3981a1b804e1318688d8adab1cd326b9d6333e57eb9f6dcf881c2c45b27ff1d51354ec9e988f64c_1280.png
EXONERATE,to acquit,person freed from blame,https://pixabay.com/get/g08618930feedbc09e7bb6d058916503aaf68cac0f99a258d50f04df98de7c5f594ecceadeab26ed3e239924c3265361d56c961ae6d6ba75684f84aafde063008_1280.jpg,https://pixabay.com/get/g4baaac8651309b5d22be917a213961a30756aee0a228f1dcdb32e2e8dee0f967690c5b507c55f7a0dee8edcd4732c523db858c1af497248f7ce2f56e1517d142_1280.png
EXPANSIVE,broad,wide open field,https://pixabay.com/get/g03778d954188c9d8635429abdb17c05e839a27a04041a24858dc74298e55c5f77ca9664ed8454ba2bd5dfbaa1e0eff6eb130e3271d4bf8123718f13c2e6613c6_1280.jpg,https://pixabay.com/get/gfed728e3fa654c31791a8492df8fd9f4b896b5331b0f203014184b204f303e3edd191c95169ae2553828217a363c523b51bd18eb49bf6755a37fa47b94e90fc7_1280.png
EXPEDIENT,convenient,shortcut path,https://images.pexels.com/photos/35574315/pexels-photo-35574315.jpeg,https://pixabay.com/get/g38e27929ab08c48b8d472b05870506b9d24d0deeaec6c2436c568f37454588e8d16df2311cb31f1526ac0ad254585fd0_1280.png
EXPEDITE,to speed up,express lane fast,https://pixabay.com/get/g6c9d85bef66a2039c3e441ff7a14d710a56c5c9d27f688cf1395507facec97e05e456520ac12618d6fc8ffc979d90ad5ba0b5459b1bc2cee63c804c37e5a17fd_1280.jpg,https://pixabay.com/get/g74b896cd33efaab18f37f60a437a94e94e667328782d22b210ee7b916300488fed97f097b90dc17c28fe868cb38a81412c472aa0cd532534cbc1925b0346c9ca_1280.png
EXPLICATE,to explain,teacher explaining diagram,https://pixabay.com/get/gc8c295dc016aa4fed8873b715a6b1a4a3389e2b2c9ef8b4d86800c57c1e6a035b2e6669c07471eda2f22ee9446a2ffecbfe16cae9f07411a42c342a31ba7c628_1280.jpg,https://pixabay.com/get/geea433d0e29d71bca6b989dbce07343208f33a97ad451801844d924b5d9fbc6dfa20fe0763aaea03b7763ab6e299f75756aea78aa532e16ebc0fb2b5bc582e2c_1280.png
EXPLICIT,clear,clear sign directions,https://pixabay.com/get/g52512b881473603fb015a6ea759419ba0bef49b63f845cb9945bdb116ab4eb501700250d2edefe0f7e775d3391b1dcb9576359c1b0e60cb1abfeee96f02c2149_1280.jpg,https://pixabay.com/get/g056c3820c2850c42c0e5f46c5931ca081e18b072f64840bad600d2a282b7e0b79380f3283df4d62c2246d8f674d588fba57dfb71ca1d7ea9cfc4eca68a5bf2ae_1280.png
EXPLOIT (N.),heroic deed,heroic deed,https://pixabay.com/get/g2748b36433b3d93f6e7535face0a903e39af27772eda3cf7abbe4001705e18eb04d1df618f7998eefbc073607c58cd43fba609b32f51bc6aabdcf1f3747e19ab_1280.jpg,https://pixabay.com/get/g5ad4dc961cc844679fcac92be51cafe6998d7c2075696f494848265ea0eff8d86a8499715331f4cf88bb578ff93c0b12c01395ba9667eb820c83f69ad52d386c_1280.png
EXPLOIT (V.),to take advantage,take advantage,https://pixabay.com/get/g6c703670be492427acdca9876430ed8fca0766bc498ea7aae214c8da35e717f52a599fd557cc76ca2a6b0ed4a4ff9c19f5cc2f2ea215aa4427b867e3f7d6b348_1280.jpg,https://pixabay.com/get/gb0762e4ec9b99bd5384c28cb0f608b9c880a6a99966a6d791758080a03dd612547c35d7582e84b204e504d5a3c416c1c150def4b855e21b55f05deeb0b012910_1280.png
EXPUNGE,to erase,eraser removing text,https://pixabay.com/get/g3145c03f09ca798eca8a2f6eb7fb4ef5321433462bb3e969eed866fafdffc10cbdb3f9880f60d9184b2e9b510b2da13ec5cd9ddb22f3bfb62c582a961d90f528_1280.jpg,https://pixabay.com/get/g33529e2b3e343589d2559445762b50765571abe84e0f46eb077c9e461c965e052fab7957052bd2c1bbfdb200a2a7c796_1280.png
EXPURGATE,to remove objectionable material,expurgate,https://images.pexels.com/photos/35366862/pexels-photo-35366862.jpeg,https://pixabay.com/get/gfd4f21b1d3d63fda2e84188417aea2b4e4d2cb5bec6bd2644c522d4f37cd2cfb11803d748e8a6ac68809c49be2d1f942492e925ee1540ec0d1f3b75e00b8a723_1280.png
EXTRANEOUS,irrelevant,extra unnecessary item,https://pixabay.com/get/g6ee55f152373306c75ea4f9ba95363e5cd1ca6a4118dc011d18610510fa0fc7dd14646346ba883a660da2adf6e7ae4ef71e164ba6d03076b354322605550d921_1280.jpg,https://pixabay.com/get/gc69a581c6c07cf01d9a64a8ad6128d2caf48555ecf46c154c862760ca62f24838825ca09c59e92a954a4e46babd10838812e201cdbf5af3cd3e34c585046588d_1280.png
EXTRAPOLATE,to project,graph line extending,https://pixabay.com/get/g9e8469380d5edbf09fb796a579c81b9fd7596e9c1629ac878df1b669a40ba65d8e1612e8710a656a83497f945bd7d35a4367c4a061393fee6723d0a2a3579c0c_1280.jpg,https://pixabay.com/get/g5ac0ac17ff73fbe4ea24858bc60f2805d63ccb9352dbd01e66523c690639b63eeaf9c56308b51f3a570e2b36c7c2730a_1280.png
EXTRICATE,to free,person freeing from rope,https://pixabay.com/get/ga32dd7e3043748dab5222f66dcb21847e5cfe8935d3ca1777a6df09a97bde589037eef5540b85f1618619129a965a4f2e54d51ed8ea8ce51fd8e091adf351fed_1280.jpg,https://pixabay.com/get/gad4b5b2096fc3041957041dd40f623bce155fc6866f1a64720bba091e07e01a5dcf7302ef5506dae6cb708a34621d09425746e9788b285ae61f93360c64894c9_1280.png
EXUBERANT,joyful,child running laughing,https://images.pexels.com/photos/28589233/pexels-photo-28589233.jpeg,https://pixabay.com/get/gce91f97ad4b091f757800b106677832f56814ae7010e36b76a32c42b7e01a0cbb6aee31f897e014e0620ac046a880e1f3f0c65474bd3d994f7e6fa31dd76aeb8_1280.png
FABRICATE,to make up,make up,https://pixabay.com/get/gbd57193b1fd1e96ed2c000d3dcd32984a2d5c1555a80ec34b969eb080c2a8bab233b7a3e99af7311cc104a2f7377e97cd69b101308af678e9906123e08a0ea44_1280.jpg,https://pixabay.com/get/g61bb754ea3b00fc7d8433531bdde9fe5001ed647cb6bf0f119d9c5224285f5c68cdc9854a1eeeb11a8551efee663b53eda1be5118a5fec6634f482a4a9fa4cf1_1280.png
FACILE,easy,easy,https://pixabay.com/get/gdbf92920f296881d0599015a4e4ce51a6defcaefe835b814389b9e4ef6f7165af57fa5eebf710665c0862740c691d6c2acac1c10a07187d09aa864ee007a54b0_1280.jpg,https://pixabay.com/get/gc02267c516aa56c6e81d2774738d1372c5ed49247c9b3e1beaa2a7f02124ff39ad49c92ea47775d7b640a4a1b37fa87e60bd2cef422089b125f8f9fc9cde57ac_1280.png
FACILITATE,to make easier,easier,https://images.pexels.com/photos/28652317/pexels-photo-28652317.jpeg,https://pixabay.com/get/g564f9cdf0e4d94a9d4110de87fd614c6c71e384daaaf9f00150d35702b7ad54464f95a522684e76e3bcde594cc24de99633047775038d91c818a925a5c991bf1_1280.png
FALLACIOUS,misleading,misleading,https://pixabay.com/get/g431be5e23ac1a1850b91c96a49143d35ad57afb2fa769baba7a443c80a872a628f0ee983fd59a78de48eb79edf8a939425ebddc75138df5b188302ae533f91e2_1280.jpg,https://pixabay.com/get/g5a2401aa556fbbe3adcfd8fbce5dd764c857f757c133e7db76c6bb939beb1f9281ff99a5ae05968023924522137eeb242dd102332195df1356d875fc96fed99c_1280.png
FALLIBLE,capable of error,capable error,https://pixabay.com/get/gecf7a1b2585852a82fcde807e4e80455b85a165edcc228accc5bbf4bca6198f5323994b27eb8b9d9ab2d6b8754adb56af8ab75951b4d45c14313ff8d8cca0312_1280.jpg,https://pixabay.com/get/g1d7d323696617b2187916b4840155873c4b54d7d48588b7898d9205ac3133ab6a6fbce9b1a397a584382fc8f720994b4ca08bfef1a935ffe686af930eb1cfa95_1280.png
FARCE,comedy,comedy,https://pixabay.com/get/g467271443001cb6fa3e9df492ed59764531ca8df6396161cfd8eae6ab16afe733fc490cb7ccb6b60778b0720eea16410b5b88134b299987d567d6ff72fa03fad_1280.jpg,https://pixabay.com/get/g2c1a2782ab03f46971bb018014ae332cf84186a345ce0ea185cb3caa0f29e659c27fa363f9e393a90acda7d44000ac175b08c6f528d740002a1fcb186ec15ca5_1280.png
FASTIDIOUS,meticulous,meticulous,https://images.pexels.com/photos/7448281/pexels-photo-7448281.jpeg,https://pixabay.com/get/g4b63b55f0dcf36b4278a2ac65b0de21dfb93564b5e9d50c8702f7b5414dcd3d0e82a8fd4b3f3c60e2d077ef046a716b943692cd46d987161d2a8562e78c7e85b_1280.png
FAWNING,flattering,flattering,https://pixabay.com/get/gf328e0a0842aebb6fcbf5ad3a3ea54d4956ccabb2f6fdadae9b17780ceb3c980721228c1e6c46acbc2449615ac24ff6af2feb0433ba6cc74b97c47e0d421b4d9_1280.jpg,https://pixabay.com/get/gd1fee532b4b63dfc613064f7c999552ec891d5a845ed583338f2d7698fc7c1ed850f9849ff1a719446d560764e3afc736020c20c301f230e2a01e19bbf1d1cea_1280.png
FEASIBLE,possible,possible,https://pixabay.com/get/gb713dd3deb476caa10a9cce35c40a5233ff9c6fb47d54ff263fbf47ba4051bd00f305ad47b550a5f236625742d3585201aa21b6316adacd9e3dbe47ebf54c437_1280.jpg,https://pixabay.com/get/g092b1ed5b15346d251f3f8bcd61e05b7d10170324aa61adca1d05e3b412b7c72aa7ff83a89a38e90e507dcfe6fa822db73bd989522313efa5c9fc7b418ecec3e_1280.png
FEINT,fake move,feint,https://images.pexels.com/photos/10311985/pexels-photo-10311985.jpeg,https://pixabay.com/get/g90fbe4128c3a7bde2c1e7ab239e1f4b568124c8aaca94a729f983d140c3e3b17aaad0ab8b4fe84cf8cfdc422d61f4ce4005e158c3e882b982dbe7aa62d86b97b_1280.png
FERMENT,to agitate,agitate,https://pixabay.com/get/ga6bedb6d0184ec55700766fe43a098283b93cee7906d57f09050dc3ccfbb5f3aae544a63a2ed79f227b17d5bd04d2854683a9be5e28e426f7c8c2f60e46d98f9_1280.jpg,https://pixabay.com/get/g70b75be1ec360b338c51b1dca584879ab8e6cc1c439925fdfc7e0bf9e27d12096eb62ed52a68ef2c07f274cb4dc820b7ce853a626fb401cbc6dc3d0e1936274d_1280.png
FERVOR,passion,passion,https://pixabay.com/get/g95699882ab755453bd42ec603f747fc6d3c5b9e052b746a6a66730b99ce3f68cb419ba5e420c79bb1b5899e1b5ea9b4958b560d80893aa98a2edc7ad498f84e3_1280.jpg,https://pixabay.com/get/gc84857aa45cfded10034901ccd16437ab13ed63f2504b9cd76d3dc92db0efd877e870250a59a5b9a571a2fb8a4a5dc0d1587c61393d8378ba1713ee5ba72b62e_1280.png
FESTER,to rot,,,https://pixabay.com/get/g14c819379b403bc6bb2f5311bd4eee81ea6b3ef4a4d0179fedc9b8ae6032dba703441fe6e8b047d145e41aded826fde13a2ef9f6b8c595fd4c7bdddd03184093_1280.jpg
FETID,stinking,stinking,https://images.pexels.com/photos/7082798/pexels-photo-7082798.jpeg,https://pixabay.com/get/g79675948e5a765261324a85d6905d28df80dd9b75a7fdf30d7e8ef965d9fefb1c85deae4d4eaa5e7c68f26712b2e8a72cfb16c8ee8b9b10a250fa8a9d90f707a_1280.png
FETTER,to chain,chain,https://pixabay.com/get/g7ef5212c6e9f62322812644b9eb43085e74a3af7fa605b3c6356f603887138d3b30dc04ed386a9b4a22e230c62d2d62945caa38cb46eefd12ed06b91a87977b1_1280.jpg,https://pixabay.com/get/g0386c45344df726ae7e49b80c6fe50f043ef0badc9c72abc974a76df41517452aa0b201dc969b9e440d02a626e1c39f17d8f6897b76825654447f2a79871d0c5_1280.png
FIASCO,failure,failure,https://pixabay.com/get/g2da88544a602521f0dfa66216d5240c279f9612a63b26496d0253c57251a7b91ca06fccc4a6e18b5f623f13d38001d09f6dbbc406f180882f9a9bca57938ee06_1280.jpg,https://pixabay.com/get/g26542814700a1130379cc3d7178d6c19bfe3adaae955dc74fe41a20d038396977d7ab896e7f7740cbe71c2bb5cf930a8b6d2c3bd9977e9aefe58db2fb7ec6cde_1280.png
FIERY,passionate,passionate,https://pixabay.com/get/g041bc1212dec0931fd656c5398f33a461046b6ca3e054b1ddc9c015ec797f95ddaae1d0dd90ec2fa4e79ed214eda72a24cfc80215c98bf1c742b5c65b50de108_1280.jpg,https://pixabay.com/get/g9c1e0eec30e5e521ed3b2c0d95b560328f7d3402d08332eff664ccd3c79fc8f6a78eae5670b193ae485ab84abed7c70fc86e43344d09622095560acd6cf4a5c6_1280.png
FINESSE,skill,sdefeat,https://images.pexels.com/photos/37109655/pexels-photo-37109655.jpeg,https://pixabay.com/get/g18efaa3a9479731fc41b4fb3326e747125c26024cd5851087a394c258fde3d5cbde9904204d8768cadeeae9e1f617b7165507ab8c53e83df8eed103dbacef901_1280.png
FINITE,limited,limited,https://pixabay.com/get/g0e213acc754fccad1750488fe86ad8c03f1a05b1e7f2905b895ed127620417a981ad3319890ac40ab4a440be029c549445599707ea4b7622f14c555012201364_1280.jpg,https://pixabay.com/get/g3788ed73f30695836dcb4f9c08cc7cbb6b02dc2caffef839c71c0ebf50e455ae69da0c3ff95f1b1f6c83ea882fba1c3bec8808bec4eb532ae9689bea9e98c29f_1280.png
FIREBRAND,agitator,agitator,https://pixabay.com/get/gccaeae2b70fc0071f12f1c4f3f0d65d5cdffda1451825d56087d6523bd1adf19f9707c75e77c187ea3edf67e412750fc55d8ebf1e52606fa9accaa626d4402a5_1280.jpg,https://pixabay.com/get/ga9daf7e6501a0d6a378778962d6937ebb59806a2803770cdd07d9bf910cdf3371661f64281d60dc4f79a6e77fe468300d51acda3e4655e5eb190a7724e4788f9_1280.png
FISSURE,crack,crack,https://pixabay.com/get/g217ec028a996797d5cc60a2ff00397773594934fb01b038104fb5df7aec2125beb4a7d9ea673898f2719a889605a2cb53129b955dabb0886080e7c2844d9ef43_1280.jpg,https://pixabay.com/get/gaffc8202a5f642bbc213f08d6cf0c66f0cec4a427c1a10281f333c2563f4a634eb9fd1a5c85e17cd8392f5c67b41427f5307c890f06e041239eeaad90532e380_1280.png
FITFUL,irregular,irregular,https://images.pexels.com/photos/18069238/pexels-photo-18069238.png,https://pixabay.com/get/gfe9ed575e8e8315c8c06c6e15bcc3cf42dc18fe41acad8a064267d5bc23ff824aec90641bf6abb2d88e9538ffa51356e2f9b488bb94ff9ca42f2d5efffc52a8e_1280.png
FLEETING,brief,brief,https://pixabay.com/get/g4b2989e33afa776012b87fd37998c1b0bf6bb2efeaf5a9a684361bee5831166dc66b9be32ed623ea479fd6e028ad934eee6fd5537542b886e6c32dc9e505aed3_1280.jpg,https://pixabay.com/get/gb3a3df3863f72bc82be2b18befea62a789524518cd2f92eb550f1873600e27bfb0a7c388a2c8f16fd90f8e9effe2bb8f1ae3f743ca82cf114a9d1fd86c752fb8_1280.png
FLIPPANT,disrespectful,,,https://pixabay.com/get/g685a7da2cb43e16841cbce977277e176bff6cbb8435b33df90f9a73fa81e79e85e2042b511aab5f8f27cd0aaa41d8cd2cdd48008a15f242594b7df789b2d0795_1280.png
FLOUT,to disregard,disregard,https://pixabay.com/get/g47416d36e7f72d1470fc0ac5e6fbd4dc48a8707dfc695f624a42cb487675ba67b59cff6a53753bd067f9e0e8d9817f17f4bc64994089dd14a17afd1ae976060a_1280.jpg,https://pixabay.com/get/gc5f50a41e707ad22ff549fbc6f8050a9da97f264a36a460688a4abd218f6f84ab31f95b2e2fbc27c1f05dc9bd88a767fb27143f7be5d3d8c1ef40d91861383bd_1280.jpg
FLUCTUATE,to vary,vary,https://images.pexels.com/photos/20640504/pexels-photo-20640504.jpeg,https://pixabay.com/get/g493daa82722d0caf92a8d7f39e5021a2978e3a1af8d256356d15c3859b629003637f06f00a6baf997fb2f0d6c86c891bc5b3a2de5e4465ec86c4122aec19cac1_1280.png
FLUENCY,smoothness,smoothness,https://pixabay.com/get/g4570af92a1917133287166cd310087d2caa63e8420a0efb0d644b5e998d4aa5303fc90044cdc696158a4facda487c2fde55f26780eea2dc594eef771f6d7a3ca_1280.jpg,https://pixabay.com/get/g4bfad88edc7a7a7bafbe770d1572008f685cea1a39c7e2e31f6faa30e4b7cefda3cb0706793a5eeed3c14a6bc5252e1cd3fef2c2e40022c9c37afb1d78d07cb5_1280.png
FOIBLE,weakness,weakness,https://pixabay.com/get/g6c305fd841c717177498aeb6fac33a419d334d2b0025d4950399864fec8763e2227854596e8a4362df75430d6a245b7297c76864616ebcf011018a9f522a185f_1280.jpg,https://pixabay.com/get/g6b90d2fd77c60ce2843882c128181be4410e98d636f8baff789104e0e9da86bbe625404a27f776a71a2544b95d66009492b391bba630ce7d460360f6b016cdbc_1280.png
FOLIAGE,leaves,leaves,https://images.pexels.com/photos/8581445/pexels-photo-8581445.jpeg,https://pixabay.com/get/g9e707d2630f8ae75cf0844808a8f38e1594ce7ab78e8564d306a6f6a083102a93f52c12d7c3b59fec222f56995d645a92ab69a2ad928ca3454fe933c5e386129_1280.png
FORBEARANCE,patience,patience,https://pixabay.com/get/g747bf961376804a55f8d6db08e65fa8de221967b00f12afc9791bc5306aefdd16ea02a609e534df82e89941fde1e23a4920784b23217d195b817681d6e696361_1280.jpg,https://pixabay.com/get/g78015a81ec702b2bcb732e8e86b8242015a02bfc8a23355dcdef8a04eedc8bd9940b0791ce82d148665c9e843aa28e96588631ba0cdbc1c52e2ec2e272155df4_1280.png
FOREBODING,dread,dread,https://pixabay.com/get/g6b9e0ad08eb49b196ee6eb579efccd9f0f3ed4910c7d20acda86df7408163dfacb9d43649c40e4a857abe38012e675824da89254b6bdbf07e20dd44bcdc66a87_1280.jpg,https://pixabay.com/get/g646984a3403d083ed89a6186a2ce014db69c5841cf222a088ed851d58393de5823a69c0224c34824c509d7de4ed21d372946f3b6d6c00f7a036dabd710a3ccdc_1280.png
FORESHADOW,to hint,hint,https://pixabay.com/get/g5333b437d0f98f28e7b88a26910dadf202b528937f1b7b75ad1f02ce9244706a0bff0850d12b76bfde7e3e4b2c566b40f2ee85320dd983af882d3cd443213f1d_1280.jpg,https://pixabay.com/get/g88abf4f3e60af36f9f49355fae1866dd7edd6dd322e84c537152ec8bac2c81bd6fe825c1aa10cd6b6d546eb42ba87bd1669320c4b9d918f66ac476ac80ff871a_1280.png
FORESIGHT,foresight,foresight,https://pixabay.com/get/gfb95221e1bebf053a1be3678717498b9598591fb6cb0c666ee060306fc6ce37b3917fd9c38e83098b3106e2022985142f8edd302f95646b902f41702061eb291_1280.jpg,https://pixabay.com/get/gd08a1d413d1f26102cdfcacc64ef6765302e5bd7bb630ead470a7662c814cf41214b60c4e76ea91cea173877ce282660f033c3c86e250dc594124dea87919eb4_1280.png
FORESTALL,to prevent,prevent,https://images.pexels.com/photos/3762802/pexels-photo-3762802.jpeg,https://pixabay.com/get/g6399eadbfb45ac7f2df55938f6c3eb88aa5d0df48309bce98198dc384043d26cc99d0e2c5f0d1fb04cf43a13281e7bb0d56954e7b66626f276c0e60d19abef1f_1280.png
FORFEIT,to lose,lose,https://pixabay.com/get/gfbc73db0747a9900151e466a95db2ecf9259d0724cf561e32f3bfc95a7200ee0de8492b1dcfb90e5b6befac6883aa71fc26c0ce92d416205b5a94922726b88b3_1280.jpg,https://pixabay.com/get/g14c12227840c4ab32771c951c288382b9a814388d9ee2e3f00c0c23fce9f12d2e875ef3e08d9db8a56e5fefc20a4b1e532fc3b40a92ff63fd66008b66f025ba1_1280.png
FORGO,to abstain,abstain,https://pixabay.com/get/g45e82430811e588145784ba10c353303d8744873cd7fd0cbcc7ae5c5b44497e0639d7bc4eef116bdd4436a1fce8cab4a_1280.jpg,https://pixabay.com/get/gd6ccc2c717fc57e44612dedfc429af61b53ad3929559bb186ff36321782bae07472f6cff528f9c1f4fefa0138dc1c71279890de819f268469f1a631c9dd95039_1280.png
FORMIDABLE,intimidating,intimidating,https://images.pexels.com/photos/3762802/pexels-photo-3762802.jpeg,https://pixabay.com/get/geac55e4e16a17cc7639e1935e50a50279dd404f87047e54fc137361e8324e42405d39aac1ce4a8ef42cd87c3c7128172afcd39f81e654ecb0d1ef498c94b7659_1280.png
FORTHRIGHT,direct,direct,https://pixabay.com/get/geeb9795a14f038ba90e29515b61f1af57211e268148630b7f4387c0d2e8f61aea87c89b27c4bc0ebe00f4d339719dd8cb452cfc60723b287920a0e968afde726_1280.jpg,https://pixabay.com/get/gf2ff03659e8d971d298acfad8ef07cbfe351486cf10836a46f9a27338049671292f02fce0860d9e651d3a88f1a01d98a660de10d880e0e2df889ffb6acaff7ad_1280.png
FORTUITOUS,lucky,lucky,https://pixabay.com/get/g41b2a01deaac046a943ae37e4747f39cd38578ca14d020a865ca0fa492c88b10e50a7342db65c737434095a56c377132b00bfd97f0928f8be78950c82644e96c_1280.jpg,https://pixabay.com/get/gfe09bfab37f147224726f3397b89ec2be763c4b8d1053b2f8ffc2d131915d50c556bcb1342178bd21ada3a2d868c28b02451cb37c77cd7324dd4f3966c40a507_1280.png
FOSTER,to nurture,nurture,https://pixabay.com/get/gdcbd291c79a4c6fc0ce02e6eb1272ebf8717eb74b58ff32aacbb0182ad6a2793135bd451e4077610f70914bfd5e78555beb8993febfefe0544bfba09d34c3be5_1280.jpg,https://pixabay.com/get/ge21ab046e3c2054e75e7736005458c44d9bc0f532409af274801b5a790b2dde643fadd12b5747c90b744652decfb4553e9252b069e13a6e5154a187313251f29_1280.png
FRAIL,weak,weak,https://pixabay.com/get/g37d80c89c06e1652957d417d26fff64c4639a1195c7427b1cdaf573b182df90735d45d93f398e0d6b35a3bccf21afb23a240e2e2e3a891a48fa9fd415e3b6c7e_1280.jpg,https://pixabay.com/get/g3ec818eff5724f5615411cba3cf37bc904291e6efa0c41c6664ef2dadba4ec289234e9455923cc52ea72b5f486b47d68fd5265e728b73a20f2f5723a367b5bde_1280.png
FRANCHISE,right to vote,right to vote,https://pixabay.com/get/gd542d0cacb0f6eb71ca6da9eb213222b2b70cbe0438f807e4c1cf82042c5409d1fb9704cb7d913665e2b202d6216a098d81c23b77bf78eaf6d1d744e90e2d900_1280.jpg,https://pixabay.com/get/g44af65cdf3979b28a61e4493b0acf7027ba6f84b93272082b0212e64cd28003ac78f74f5d497d8602cf82986c96d4f562c62ef07db4a6bfb03b620d0a32b8ab1_1280.png
FRANTIC,frenzied,frenzied,https://pixabay.com/get/gaca2647027e5212743c07df79e0135ad467fb9eab0ddad883ad6fd043f854f54d1f991add9960c53e2e07861ec7a88e229d4e75d10c7e960d00cecf9fedce63a_1280.jpg,https://pixabay.com/get/g175ba365e0759316d62373db65c3f8a6a9ddea337c59b537a834f3cb3e74b9463ed64db91bc84adf65892fda60b9f227b5034a564549c831ac69fb9726a555f6_1280.png
FRAUDULENT,deceitful,deceitful,https://images.pexels.com/photos/17691608/pexels-photo-17691608.jpeg,https://pixabay.com/get/gece1f8fe7e64acf3aef2a93ac0a6274d15af4aecc58799332466e344022c5af6085500d8ef2c5cc66a0d9ad99a07a62aeabe53302a564c5da5e44dd6a0362256_1280.png
FRIVOLOUS,trivial,frivolous,https://pixabay.com/get/g67c5fc0ab45c8048b93c9236986f78ef24360ee762f0d13bc7c07440a23ccdacfe2d24291fec67bb36cfd5565590379967cd0ed4ad4a127d573ce6caaafa24f2_1280.jpg,https://pixabay.com/get/g756923393ed1d7d0a5bc189bc9e44c0a2ea89742ec1d916fadff925adcc9d72f20d176ba5a998c1db66d8b3c60054bfe5f0b3ac82f2d2b891d413724de565339_1280.jpg
FUGITIVE,runaway,runaway,https://pixabay.com/get/gd7a8510359cf9f0f4f109ddcd61ddb408775630f77944b5525bd34246eff3c8460432a3469aa0b40c6431290f381e04a20f6577bf0f785ab3e52b2d497b09730_1280.jpg,https://pixabay.com/get/g7b93cb66a5518a63f71213fc8bc88bbf99053dc4d4556fbc1e72f60df7750d371144adb5519b08141cd921dd70518c36_1280.png
FUNDAMENTAL,basic,basic,https://pixabay.com/get/g35b53fb36ae5f3bf18960745089c2b61e63d3f5bc38b5b1cd78538cea58d2425b40008b2b2c4c099f2f912f84f270153c6e4f2ca19c8fef6bde33b38d44112fe_1280.jpg,https://pixabay.com/get/g8c30cd9ecefc34add00e4f3d573ae25c32bbcdf89cb625e6ed66fc84f5894c4768eb12816e6dd7ca8e4664890aca95fb4ef069d2014bca38bc471b22051765f9_1280.png
FURTIVE,secretive,secretive,https://images.pexels.com/photos/29479995/pexels-photo-29479995.jpeg,https://pixabay.com/get/g5e036669ebf4673019c9db70fbaeaefd98302b1b772da9991a2a2c42514059172c83ea8c078286c5fc85610dbe025152_1280.png
FUSION,merging,merging,https://pixabay.com/get/g349f3d800723a8860dd97a41e9dd2c8e14728a70ef870bdb1d1b712e196301425dd9885374bd02b6c05bc68145a5977b6567fcf0526822ec0631bca73a58dbea_1280.jpg,https://pixabay.com/get/g4545cad04c860979b4e92d198d6b79681c160cb082cd3cd5c0a008a2ba5739ea37a90cf6c63a907520f69459d1b6e1da_1280.png
FUTILE,useless,useless,https://pixabay.com/get/gf5216575e0e5563db6ad6c3ef41cf36904df1ac35cc8fa43d7b4a0504631d53bcab5c767b56fb74699691b42e750d5a4cc42924fbcdff1cd4437873a1282f3eb_1280.jpg,https://pixabay.com/get/g0bfed0aefcc1c7846e211f2b263bcd009f20bfa74fb1f1704eae040a54f1ee3744f0f798df5da93a4778df7f2f1f20aaede1adfed1d05c0ff6b4caca1129ce51_1280.jpg
GAINFUL,profitable,profitable,https://images.pexels.com/photos/28552621/pexels-photo-28552621.jpeg,https://pixabay.com/get/g4b77e04ab92d2154544f9fd70c39a6dbc045482f058823a93f0a9c304473972a0e4e6db00dbb459ef4cb9b910cee949059f255920c23dc053f43663864ac1069_1280.png
GALE,storm,storm,https://pixabay.com/get/g5c1742b10084bae4d5f037cc4ec2db8c96f29947e6e15feb9df4051466eeec4e9739d7fdd9e6003b02ea72ce3e353f0c43aea282c8b6c321302eb38b879ffacb_1280.jpg,https://pixabay.com/get/g800dc77f325ab677f219b860d1aec50b04be0ed8dcc6b9ae8703dda23a262c1379faccfc8902f492e8076a391980c6549bd3fc7ca0143fafa40c807bd95bb30d_1280.png
GALVANIZE,to shock into action,shock into action,https://pixabay.com/get/gf3fbabd25c7d9f48ca2e6955adf848c47964a7b5c0e570c925190b86e4cca3c26a4b9c02a565ba961a9578d155089a38b6d7e936635c64d5593f741f59d3020c_1280.jpg,https://pixabay.com/get/g3de6e1c3ae42b9f66f95db08f203e4031eff5c1c2d1c179d206c7d1b977912d2eb3bc716e009f4d68b619ed4930606d517482d89bedfecda334ada0eaa731384_1280.png
GARBLE,to distort,distort,https://pixabay.com/get/ge6dd952faa79f129d5e3d3cbfe82deb1386e74756bbad2fdf15e016e0ce6c5b04b72749d83fd5757f938d226c9c52b9d546bc64521a5979a3aba5c54d7f7e557_1280.jpg,https://pixabay.com/get/gc195cb82c29dc146cd9c18189c6d8707ae6d02eb1e73db4e7a1477c8e62c9b4d857b01e4f2fc76b91dd126443aec2a3e2eff853dd8fa6096885b4fe64a854dca_1280.png
GARISH,gaudy,gaudy,https://pixabay.com/get/g83a3dfcd5a217bba5ff9e8f37914e487d92b4324ea142bc278a061644b03ca275523a1542f5417fcf4b2250084e9e8900c9acfbc4ea72d90d448ec086c5b97f3_1280.jpg,https://pixabay.com/get/g005811b357f6f1357a91f7e3b1a7a45832472b6d944c3fea518d2ad7e2bb06e77021d4331ced07c402aaad44d40ead7b155865571215a6ae964a19641a222bcd_1280.png
GARRULOUS,talkative,talkative,https://images.pexels.com/photos/32026822/pexels-photo-32026822.jpeg,https://pixabay.com/get/gc1b5d686b7382613dcacf6d2bbacdeb502ac45d09c07a8f4973fb09fbf23f612314f6ce442e299214cb67c21a297a1294645df73c4681bf5287f8bff1f759728_1280.png
GASTRIC,stomach-related,stomach-related,https://pixabay.com/get/g3abd41dae61b1b55cd68005a31066841df3560b9b399d7fc03bf180e584660099e941ed73e426aec91d6efb106c16636a4b00109984a8b4d1a66a3d343cee0ff_1280.jpg,https://pixabay.com/get/g39b0f443700a8a161ea067ee2c859c92dde8dc6754d042ef77c4638d8cc1b3b128ab2a5aa2ad960d51c8fb3d3e922ab5f26ea341e8d0a42fa5a1237293785071_1280.png
GAVEL,judge's mallet,judge's mallet,https://pixabay.com/get/g054990678b4b154a75240fb801588be41cf0512dbed12c0c581abbf6a2a1749747e621811d8d46a8dd1cf5ddca70f765fc70bcf05e5364286db1d4c04d6397ea_1280.jpg,https://pixabay.com/get/g9c286e5940c285a1839b6ead2895bfb2438c4e27b10be5d7b68e68d5b7bf94c4bcde689bdf53db7ec6cd9d9bc8a5a2e8cea46ac0e1f324b8a68effa16b7a164e_1280.png
GENEALOGY,family tree,family tree,https://images.pexels.com/photos/29046871/pexels-photo-29046871.jpeg,https://pixabay.com/get/g715d2f2760dcd81b79217027ae334dcf6eb29b6e5fac5cb65523b8a3a9dab72c1ba3fcc3fb61e0e1cc5cfde229f52f2de311d42236968d833e35183ad363cee3_1280.png
GENERATE,to produce,produce,https://images.pexels.com/photos/29880869/pexels-photo-29880869.jpeg,https://pixabay.com/get/g7644a28ffda4a7a4690ee6bef28f081a479472fb5f0c2ee2e993888d19f69e98c46518515be11b3394e28adc464aa9a0491dcfd595d079a5beae24aae02e655b_1280.png
GENERIC,general,general,https://pixabay.com/get/ga39c9b2fc5fb4bb822bfbc61a42fb3c7d56e0ff1c8ce17ca97d281de48f91f8ee7792a78f5b3f8440c65725533aad08a67cdb8509fd4d16877cd3e63f21c4110_1280.jpg,https://pixabay.com/get/gffb806ef14a07c043fe0def02a692f7818e420601174c5088178aa6a9d0ed70378ea81e142d93c16586366f7dc507102eb019ca4d958b7cf2581a2586506edd6_1280.png
GENRE,category,category,https://pixabay.com/get/gca946834a43b6056f0adbc21a51a53291f19c916aac5ed98da182bb0acf33daf2779874f498af82aae4a8b68d1ae9aff01b0fb8dcb95009a9434884712e253f6_1280.jpg,https://pixabay.com/get/g5ceeae12c60abb5fff7d4e66575c34b52c59ecf205e0e68c9828883cbb426a3936f065f450834503a710bc9bc6ddf9e02e249d0d2bcf44796e64693f92f842b8_1280.png
GENTEEL,refined,refined,https://images.pexels.com/photos/12137473/pexels-photo-12137473.jpeg,https://pixabay.com/get/gce572955bb9db529ac063369e4354c7bdf073a5f1bc4fef6a6e86db8041a9c8d3489fd36ab565857d18d337c7f659cf4c46b21757073cd89e97865a35315d5a3_1280.png
GERMANE,relevant,relevant,https://pixabay.com/get/g6cd0a6a8d818022088182dd80482fecae62be87054bea146e41702dca2d2fdcbbc2703ce4eab4210a5dfb3e1ed89f3b1f8d7d956e2fb659a3945ee5d2f7a1288_1280.jpg,https://pixabay.com/get/g04127ba172f19b112389b793d91c43de3f91202fce1ff14c775515e1b2578dbb2adbb6e0be1dcae7090f688462c65e2f962411a423d0914a6f24357111bd4eef_1280.png
GIBBERISH,nonsense,nonsense,https://pixabay.com/get/ged0290825a1d037338d9eff9670d481d0a72e7056c41bfff57eb8d1c1e23b72947ac8d77942495ceab1cb6a9afc9cdcee36e48f20d8796e93edf4ed0fedffdf5_1280.jpg,https://pixabay.com/get/g09fbd744b2af7456c52dd71ce18114f58c1adcb0ae3f61a6277037794ebfbce3a844a4947b9739293aa94e285c8790bb91fe7ba6065be6a394325306907acaee_1280.png
GIDDY,dizzy,dizzy,https://pixabay.com/get/g9a31bc4f5facbed1fb2dff7f95e8f600bb51160aa7fd989eede13eacf413fc369110b9515b0deba0cb69f5e19c201ab566d3ac034c7258bf5a35e3ae62bf8a38_1280.jpg,https://pixabay.com/get/gd8dc8b694bad7c69cb356d620bdb30ab79c26044eaf216725842fb2d8bea068f2e53afc162f85ac17c5b2b0f8b8d40358186aa3f2b9fda8a094b510fdee383b4_1280.png
GINGERLY,cautiously,cautiously,https://images.pexels.com/photos/37090109/pexels-photo-37090109.jpeg,
GLIMMER,faint light,faint light,https://pixabay.com/get/g0487f074311ccb6baa9198a68d14f604af68ff18199bd3a1ff5cfefbaaf55dde0c1593614f5cde4da10ba37cadd9bb5410fc7f9057b60ecf992b8c5c915d10e9_1280.jpg,https://pixabay.com/get/g65ce9e7629dcc75041513aa08f10c1ff0906ce50e2df219ace89d11edc78f4a268bab473e160aff6585e51689e1846917f49be8baccd3efb8136c8c5f4c79d0e_1280.png
GLOSS OVER,to ignore,ignore,https://pixabay.com/get/g69c991d09d02573352aa9decf163f5a131a4077d6bf308cfb7d672c0b94d66a78a764d6c3883883cb2dff7e276d332009acea1bea3714793f6d2b6f2269db123_1280.jpg,https://pixabay.com/get/gc82ea65da7c8223b46669decc6f0c1187b759c6f555e728e19b7c14d4e9c15ba2781d2e7c13efe7a048e9e59cabb594edc99022c6a56b815f04e639816f2e380_1280.png
GLOWER,to scowl,scowl,https://images.pexels.com/photos/21838607/pexels-photo-21838607.jpeg,https://pixabay.com/get/g0b272ddfb9c1bc6888f2a468674e88154ba53f97992e3cc1e18f1e8b4e70e43e255182fbff5f3479a0c45a39f5f73e30_1280.png
GLUTTONOUS,greedy,greedy,https://pixabay.com/get/ge48accdc5327fdffc8598db498f027a9a82ef2d201b2a52ed22d6fd749787522c48b8cb39d31d8d29518f28104a7a48dfe1b2f213ebff744801651d860aa63c2_1280.jpg,https://pixabay.com/get/g490baf50b5cd49de26a90c0d1c91adb61e6d95cc35a90594f3e146a93c1fa0754ecd2e6001b4474f4ebb148b5c707ee7_1280.png
GORGE (N.),narrow canyon,narrow canyon,https://pixabay.com/get/g6ca498b5adb7cb61ad4dc448788d0202d6f2efb7a6b728c3fffa439ee3213ed1b083020c2ca3baaaa60f56b1038aa7c1_1280.jpg,https://pixabay.com/get/g9bf8c6dae13fdcfbca124e8d0be2a26753bc40f3e0c0abc1927d1fdb96066df97d621d676e1c97f27ffefe90eb4e408cdced987bc73087e4df3f50af5a55d4f9_1280.png
GORGE (V.),to stuff,stuff,https://pixabay.com/get/g6c9d96aa91a7a4a26e44c4fb3835aad2b65b0de6c3b985eb7dc1a5544690c414a009fa9ddba0f12e1de15ba5a8bab0ee_1280.jpg,https://pixabay.com/get/g4197acbacce64e0f0a05cc75599e739035c225f88af46a2ae1067aa87d861f2810ac740208edb90baf75196aaa1f22c88e85d3b5c6d5d1d97c85b6e6c5b60183_1280.png
GRANDEUR,splendor,splendor,https://images.pexels.com/photos/6774656/pexels-photo-6774656.jpeg,https://pixabay.com/get/g8f9667f4bb123881b330fff92048550c570d0ab6ead96b5bcd6baf743680eccf24f14b35e0460a56c62ee8c2d49d6dfd7b1d6790b78bb0da44ff9cce6edb90a7_1280.png
GRANDIOSE,impressive,impressive,https://pixabay.com/get/ga3b5a90b5c56ef19dc69bde9b125d32211d40123a9818d6de0543789cfbb88be8e84d4ae777011a1e7252f3e1637b61e7675db6f32f4a7f3c122051d5f887517_1280.jpg,https://pixabay.com/get/g7e06b00c2b23e60f9f67be4ab00a607564fee8ac347071445f575449f23aba44826eff4412f638a44102fc976a7e00a41e705b8e2056119e63dcd0ff52b63ccf_1280.png
GRAPHIC,vivid,vivid,https://pixabay.com/get/g6c931ceebd5348ef110fbc99cb7f5eedacd4d38133eeac972dc4ce14b42f9ac4df6b0a6e1e051621ae501a7a3a7b9e4487190fc1b3666356750230868a3649a8_1280.jpg,https://pixabay.com/get/gb515208e2b87a973d676351a6d4b129abf6bd8fd3b007ad3bdb4d72d5634d8c2149c679b3c4b047b13ea9063bc9d6a06184eab4ce8d774bb1c2badaaea15c030_1280.png
GRATIFY,to please,please,https://pixabay.com/get/g79d50dec75a2c018d3b70056c6f9ef959601ed1094a3cae56b4243073f3db562a9c4a011ec373bda12c30db8fbd08a139dd5e2b26314493950b011bda75e597c_1280.jpg,https://pixabay.com/get/g2f6caed52e08eb7f01b9f6159c64b17ec2fd0f22795b2abb6420251e6246b75daf64206e90a9276db52bcade2f4fa3194ca94d214401bf84f32d03c96f687809_1280.png
GRATUITOUS,unnecessary,unnecessary,https://pixabay.com/get/g7013f9a2bb333e58763505709f661c85ea97236b7ee49696183a426f4b383873dfcf1d69e0cd37d4bd7633d15a83e8ed77dba4e7294c0d2adfc7c04d54cc9b0b_1280.jpg,https://pixabay.com/get/g006c50854a114e557dba7444dce41504925d3d2393c2b230a2f8d0c1023687e9840278134628fe83414884784dd091da6d356ae9965563b4c4bb54a5cc36bb7f_1280.jpg
GREGARIOUS,sociable,sociable,https://images.pexels.com/photos/32026822/pexels-photo-32026822.jpeg,https://pixabay.com/get/g5ed567d79c6ce16c3cc90030b164950f9bc763d8def22dc547b7defda9b8c1b46834a9ae9ec949c7a8c33556ae4a8fdabd71b071ab2cc7314fc4acf6a8e3b104_1280.png
GUILE,cunning,cunning,https://pixabay.com/get/gd2ce047e5ddf97960058dd3778b5df4a83e8e01430cd23c673ccafd32983e132a86882f81e5b90920c8eb1fc876920b5ed425ac580989ecf51a49095dcb2e391_1280.jpg,https://pixabay.com/get/gc41cc5abdb713784da72493c902a02fe78dcf9b1caced37ab0dd1351d5dbac8dfccda2da51b9880ec7b3e26269f7820a53f4413458a816ddc126ce99d3fc2b16_1280.png
GULLIBLE,easily fooled,easily fooled,https://images.pexels.com/photos/7448281/pexels-photo-7448281.jpeg,https://pixabay.com/get/g301a69acdf211adba4c3c210f98f333038810e6153ebe6febb13a193f8c77602615d3f854c311c15fd53b94e9d24cd4616e5a95209d46fa8e1ab2974bfbb2e95_1280.png
HACKNEYED,overused,overused,https://images.pexels.com/photos/13312401/pexels-photo-13312401.jpeg,https://pixabay.com/get/g9ca08e1b934f609562d909ea2416c0d851b4a6aeaeaf4c8910f415bfc236a970b036ace054d8fa3af726b57d14df38c9aa8bd6bdd883fed34798b788ec207228_1280.png
HALTING,hesitant,hesitant,https://pixabay.com/get/gfaea2c82e5d6b32a0f80339e50aaeca611e76c7ef18fb7b13c8fc303eb6b80f0569401baf21b9c983a349234098b8f9d7d7abe52a47275b00db0a939617769b0_1280.jpg,https://pixabay.com/get/g687603ede96618badd162e321e1c7513b84680c0346804971c6f502e44cf8966848fb14e01f5fa03b0027c2b3d74a141f42ff57f2488d233bc2b50281ccc07ef_1280.png
HAMPER,to hinder,hinder,https://pixabay.com/get/g2f585d9183d4a076c785fa24523d071a24932c82a501e57119ff61efcc306a98f7576a96e223b4b863a141b9fb593c4532528a17a016c23f132627c95f6e367b_1280.jpg,https://pixabay.com/get/g71014ac5ca7fb7bf8636e40fb5f447687f249812d77434b9f94fce476bf9bbd3c742d9d3f0125976887d61ef6021c11e82f91548c464ed92d61713dae540670d_1280.png
HARANGUE,tirade,tirade,https://images.pexels.com/photos/20858525/pexels-photo-20858525.jpeg,https://pixabay.com/get/g46612cf7e45c08e1c0e7db8dee00ce73a9a444c9b673db74398b1275606b717af20d785f5382d707cbe64195032f6b3c88522375885079fde9b23980e4e50cad_1280.jpg
HARASS,to pester,harass,https://pixabay.com/get/g37142e0d6ce3372052f884bbd9736abd50c2f28341c6e353656c0087590f01ef7b479255dfa301c9142a387a1e8f331d070e184377657d6a8e408ce516ab4d2e_1280.jpg,https://pixabay.com/get/gc4fad3d6f4789b52de6544f3a5d6fde59c54e13a40c5997685c6987e52fe461f3b4eecabc0ecc4106678b6947d6734a52718df8e7edd54ce7783bb105597573e_1280.png
HARBOR,to shelter,harbor,https://images.pexels.com/photos/27639076/pexels-photo-27639076.jpeg,https://pixabay.com/get/g7d2973c83db1c1354f7a29876b9657e4f73918581dbd7b1c7c80057c027e8281385a3dd108b912bf6a516d72978ed84f31a029a09c43d380db62ee766bced54d_1280.png
HAUGHTINESS,arrogance,arrogance,https://pixabay.com/get/g9ece5fd5b335d7529dad0e700df9e5041f986f0eaf0377e279c389553f1fce830a8466971b88fd54e1087170462d6a831fbdcea81882aff14131704efd66b834_1280.jpg,https://pixabay.com/get/g9ca9f8c10ef3f1994044db3a44ca6ca5cf245896e643104cbfd5d4b9bdb263c0c754af43d7d7345a266ef5ca7aed475f20c0784bb90f0b4bc963b674c148bbe9_1280.png
HAZARDOUS,dangerous,dangerous,https://pixabay.com/get/g6aabc131a9982e6b414b35ffc4bd9cf7efb9e66da463f5606846a2983a75bbccd39924f7d1f7b94e0a532953b06fa25353597e4ffda1b66e5778f54830bfa149_1280.jpg,https://pixabay.com/get/g833846fe4290fcd6ec8c0588f586060868fffd90c319ad6cd4e23fb4c919546cdae8673105e54fb5f057c5e6a0fa780ab42a1f22858fd7b3b293281d17e3908d_1280.png
HEADSTRONG,willful,willful,https://pixabay.com/get/gb9e53afe8714c9a16b8d60b95f9d240de585b6d0752cc20e09dcd3fec845bb4d3e172f490563f7dacf15ac995bb63e2c54d12c14c45e8fdb92b253dbf258ac42_1280.jpg,https://pixabay.com/get/g569f8b7b8c73c4cfd32fc8d2608620f7cc261d5a0adf94a60413b304d32ae8b811372158e431d7dd85598e89275deaac47a676d8426930fe160d782fd1dfcfc9_1280.png
HECKLE,to interrupt,interrupt,https://images.pexels.com/photos/3762802/pexels-photo-3762802.jpeg,https://pixabay.com/get/g3720aacdfb7f04114114fd390031a229da59c2107b08d5fab761ecd49ecbb052191c8ca9b9b680745e9a1e3386898c53_1280.png
HEED,to pay attention,pay attention,https://pixabay.com/get/ge905b5903c060e3d8b37b70f2bfec2581755543c891c46e4abca8753e0d3a48a68e1c459450975b2b196802db8021bbd6582e8c40b567317b5e4be54997eb58c_1280.jpg,https://pixabay.com/get/g574f619db3ef5a4413ac547d6854a6f7e1c3cff4b7bc41da13cabe38e5d5de750a4ed66b9e74faa2ef62c238408f46d8abd71089e7a0226cdc8e75d821afe444_1280.png
HERCULEAN,very difficult,very difficult,https://pixabay.com/get/g078c5ca4fd97bada7b9245606a3a7841bbc5cf03fdaa64af7a5aad3492a920ab5f4de607537ea29d91bd62f966d86754adb180288a11b498f53eb3d9bced21fc_1280.jpg,https://pixabay.com/get/gaf1879fe579f1f7ca1385f89fe96032a47f4bb8ff9480bccc54e2cbd57b956d6f89c602d5b731a169016d898199a5359956d4b45281e08e4028f30c3915bf71f_1280.png
HERESY,unorthodox belief,belief,https://images.pexels.com/photos/31513866/pexels-photo-31513866.jpeg,https://pixabay.com/get/g5cb62a3a6d0370d73c4ca28de9057f749de7c2459da0ae532da137ced1df650f9d0b123362ac2d7b606dedf9b4ba2899980c83e03152ff9a8be13e37aad04d00_1280.png
HERMETIC,sealed,sealed,https://images.pexels.com/photos/35740586/pexels-photo-35740586.jpeg,https://pixabay.com/get/g9dc373e7906afeb51f581491db01e8008a761b33bfe2a9b44bfc8afa2c150e3392e7bc5ed94e24a7d6c5c5aeb821d3a0d3c146d7b39d7176b9f907ecc7072821_1280.png
HERMIT,recluse,recluse,https://pixabay.com/get/gd39bac449474a68324e0fc11fc8c3f5acd9de9d2835d0e8f5154fdbc6b0e6656797da1096d51a4c4b4ba860a0898dad307552b5ac7292af02ca9e47d7a868164_1280.jpg,https://pixabay.com/get/gdb7eb752aba97f9c6edc94afd8b251846c98140570a3ddfe4dab633a5693a4a2705709803cd5d711d033e55e56bfd4609a445d12bae684cbec96361b284c2317_1280.png
HIATUS,gap,hiatus,https://pixabay.com/get/g5bfbea63c50620573e5ef734d130948aa634ab3a14ee51122ee93c1373fc7d5db6dbe1d5e70f1c1f1aced117841b3bbe6b8ca7495d727ebbb78e9e7f67e83619_1280.jpg,https://pixabay.com/get/gaaf586ed0ef6028d7e1515bfea1f91d8b39a90157ae055a77c9bd3afaf0f3bfc0f7b6ead7a732a3ab42d878e95c773c03b939cd0db6a3784d186af0a022070cf_1280.jpg
HIBERNATE,to sleep through winter,sleep winter,https://pixabay.com/get/g03480763fb6e4ad0630c32b4889dff4cd0a272005646dbdc3857bcd9b9f091a3e4efaaba5a3e3a6b9e4055448be3599177385c6fa9e7837285a7062dd13d1d72_1280.jpg,https://pixabay.com/get/g610bf20a1ef323689c4f418b1b6862d2148e5345da4982cbddbe07e6d4829e2535ee6d0f3ba5cc5fdcd4d6d3838e99217eb3a2c055e4881b619435fca7880dae_1280.png
HIERARCHY,ranking,ranking,https://pixabay.com/get/g5ba5601dbb76d24d6b667dafe3cad6bfdeaf737a521429c30a724604254108dc2ae9fa01ee3dd374994b394f145ca4a67d293e7dcee04d023a697213ea50a11e_1280.jpg,https://pixabay.com/get/g5a7b9b37f9dedfc73f5a0a4108ef047070d757c15cf11bd7c14924f02c257b2f52755f1072d6a1d6975211e3fa80d12ee796fb0d68d8f8f93ffbc5763697845a_1280.png
HINDRANCE,obstacle,obstacle,https://pixabay.com/get/g08bd9744a7273c31a5c9438009221becb7022d0df4ac15baf7749adf17d42f413092dfc9ed89682443953e7a329fae0d3a739547565f9039fe3d370a541c794d_1280.jpg,https://pixabay.com/get/g1bcf0fca159bce680c0e4357c7a6afb2b72700295397aa931a605e20fe7460a2c1489a3ed7369d94a5b3e81c8314bdf5f90ef77f8678540c0f89b1c0c8af4d22_1280.png
HOMESPUN,rustic,rustic,https://pixabay.com/get/g15ac3ed228a9f6ec41816846990a94c1d4854663589f04c57cc78b23e2ccfa01b84fcced979bbf8c9c77b55ed01830d25f0c20ff8d048bf9f4d20070932555d2_1280.jpg,https://pixabay.com/get/gc11b56f5ecd15ff976d988ea5648851e5e641491a79420b037544a7eaae68321120a7fc3f4e8a9f16cb992bc9551183c3ff5ba7742c951042cb0b6c815929186_1280.png
HOSTILITY,enmity,enmity,https://pixabay.com/get/g04633f27168d2ceea58638a0dbecc00d8edf16be6f06465db688b75e818b954d98d9fce583df22e20211e0f1a41878174e65af392ef1819258283633c743cee6_1280.jpg,https://pixabay.com/get/g1f6f204a74dca53fe683578367c4258dacdd97dd7f454ef83bcaea2e381edb818c1eea9485b736bdddda7430b3b69aa7d68f409f174614e12cab620f71629380_1280.png
HUMANE,compassionate,compassionate,https://pixabay.com/get/ga1acf7bb761db46f3582f598bbe40403145f4fe8b82b3019ae94a3c5899a3691848f7693de8977ffbf8d6fde579863ac02810960572e025c3e3d492107c0d352_1280.jpg,https://pixabay.com/get/ge3e2cfc72aa894e9e5b2425a546ce0118df4fb1cca86cc905c03d70bbb68891cc289293cf8ceae92c31bd945a08bb6100dd1cc51102f69e8d2817c5bebab43fa_1280.png
HUMBLE,modest,modest,https://images.pexels.com/photos/6071513/pexels-photo-6071513.jpeg,https://pixabay.com/get/gb95cedb7c431f2a29837f25261fa4d6075a42bc92b5567adf6de34da289c8fe0db77de4f5565b3877592ec12e55ce5e8db0f1df67123205d9d979856ea9fc1bd_1280.png
HUSBAND,to manage carefully,manage carefully,https://pixabay.com/get/g328dc1e82a572c6e6ac93e668dccf5ec180a48c1fc219752e50e07880adcafe6e544fff6a19ca978796f4389ae0f3150a406110cc8c526e6963b1df650ddbc10_1280.jpg,https://pixabay.com/get/g25e0916164e0352c77886287b61a4a0e6ab22b8e6c9a8c665b62b66a73ea94b3d9010d2de8de29e70c6af6d6939512206a2fb8d8263d34afb85c4dae47244434_1280.png
HYPERBOLE,exaggeration,exaggeration,https://pixabay.com/get/g24f9554de0f0fa75671cce88daa1080b05ede9a7682ba195d0600b28a0f72c5c28cdb8205b932ef58fe6708c32b6c15f99184633a094c3f85bac1c155aa89817_1280.jpg,https://pixabay.com/get/g9f937239cf3cddcd9f5b00ad976d3d093cae464af64ec4b084352a7200724fea6bdc347805f6ac66b9c178ed9115d59bc9cec58c7d20c4e47d310d4dd5facfbc_1280.png
HYPOCRITICAL,insincere,,,https://pixabay.com/get/ge268d6ea00308643b8cdcecd88fd828489003ef7f3f59d33f1b3856a6be94bfb3fbb35bd07bdff55b9c9bdf270135485d0274c162dfc5fdde725d1f7e3188b5f_1280.png
HYPOTHETICAL,theoretical,theoretical,https://images.pexels.com/photos/12548694/pexels-photo-12548694.jpeg,https://pixabay.com/get/gfa2207cf611e1adafaaf2c25b890fad4f2092e260e94f8758aa9a04db62e82116b274c681d15083e8d277b8944f7a527c1ebb8b33b279eb880e3938803657188_1280.png
ICONOCLASTIC,image-breaking,image-breaking,https://pixabay.com/get/g34dfbd0ef283caabbe615b3f0f9f4ab6cacfe11fe5ed8658ac1d04fc071122ef370fd36382242bc642d55dd9e19a13a8e2623f2d4e665e8cde033a8abfc6b446_1280.jpg,https://pixabay.com/get/g633d7f20351572577b8e6b8ac0bbfb313c7cf01085863e49bb7c0d13282d9c53e319ab77cfb8ad5d1fca08d7b8ee044ce2e97930e74c278cf781082bf0149c45_1280.png
IDEOLOGY,belief system,belief system,https://pixabay.com/get/gb44461299d98ef3fa6ad795e1a073458edee41111424ab4d0ee1ac660365ca91f85e2ab5ad9a54f374f4b1be2163647c0e4a2c94819432dc4d64307ea9054bcd_1280.jpg,https://pixabay.com/get/g1d5e0c0b5ce4e09d5175dcccfc8b16705b3688482468a52cb6874d56c0bc2d817160a33684ebd0e7343ee6736422f3313f97bd773dbe3b4bf337c8b558842ecf_1280.png
IDIOM,expression,expression,https://pixabay.com/get/g4069c6547169d27457a42d56d8b3a7bc1b65c90a86aed375f9cb37ef858cbec0421af7682fbb89fd1788425e24bb4661a974a909a51b6789d2989789dafb8bac_1280.jpg,https://pixabay.com/get/gfcf21f363fba1eeea89ab1e8b79489ecf0aaa0382b8ffcf8e29e444c2d78fdcf5be85d09463c216c2ab3bc3d637c2147_1280.png
IDIOSYNCRASY,quirk,,,https://pixabay.com/get/gcbb7657657d570974f5aa380e58f7692022565fb197782460b4abeb92fdad3e98b4d74c8c58c8fadef57a4f61ffdb85b9cc2e442bb874ee4543fb940336d20e5_1280.jpg
IGNITE,to set fire,set fire,https://images.pexels.com/photos/29021747/pexels-photo-29021747.jpeg,https://pixabay.com/get/g3e4f1ed420d3d27a4585b5b269325abbcefc4beaf535e4069de61d7e655f3a542baffc9a67368779b8fa98dd68db46cf530a2b18303f273f20dc262f31a57920_1280.png
IGNOBLE,dishonorable,,,https://pixabay.com/get/gc2acd582ceca0db222fd39ea0c8ed75996e2439975f34c695331293ce01bd356b801e8efe59518f97b61c97ee2c02b0ba80c5373bb896d2c4569084e781fccc1_1280.jpg
ILLUMINATE,to light,light,https://pixabay.com/get/g90151642f95a6376d60a0f0a4c5b0e4b3bfe119527592d85c7ba8146a40a519bc9821c959c7479d6e68e7b01436e0124520d69773b7a3788a1fc69e374e9b90c_1280.jpg,https://pixabay.com/get/g163b5c0913ee772d078326366539d5bb8a8794659b93f811ef814306678dad70106b22f1655f622e2a4b34b2bbaba8c58cdafa8e1907fda72a9738baf4c05335_1280.png
ILLUSORY,deceptive,deceptive,https://pixabay.com/get/g6fda7991284be6aea42cf8335b43b2a0289fa64a778a475b441ba0c2430b049831202e25f57a7f058cbebdd90c5983408e033d0037624117682194db7be1f852_1280.jpg,https://pixabay.com/get/g67d2a747c7a9d38c35c1c9f2382213c81ee19bcbfd4774b9f7080b3244ce8ec761165bd38931db41087badf92b174887ce036955950b75b8ca248f2f552a076f_1280.png
IMBALANCE,lack of balance,lack balance,https://images.pexels.com/photos/33841616/pexels-photo-33841616.jpeg,https://pixabay.com/get/g1dd4432e6a3adeab6b0bb8113f195c29ed8a42dd5db431ec614dd8be2f9256329414a4fc8052fe0ef3f3a0595384c3922eff0d399555990b5d2617d142e029d0_1280.png
IMBIBE,to drink,drink,https://pixabay.com/get/g769adc36e0e280b0faacc32ebfa8abb3b207753dcecbe9edb146862797c21238266fe204425811d8859e6131809176ff4250c965f917dcbcab1bcbe1cdbadb99_1280.jpg,https://pixabay.com/get/g19c3999eb2d8f8b27eb8f78e307bb833accfa005e433080ccebde7dc0f9645157417f03547d8bb76b5d8cc713219ec1a09168a271bcd0949a99b0495d0552129_1280.png
IMBUE,to inspire,inspire,https://pixabay.com/get/g0af99800fb840ed67f949d38e7c424ed549a8f36c97b51929f68309174c95b400c20832c72deea07872dd6c07fd784f9f282c3d56d5246bebc3d213ae4e85eda_1280.jpg,https://pixabay.com/get/gdd777770e76cd7e67f12aa8672e647b8c85eb645861b645a1ec5faf7ee78491d86ff417b1061d6674d7e9f3f3e4e87fd908704e36b8d80bcb950b696ae01eb15_1280.png
IMMATERIAL,irrelevant,immaterial,https://pixabay.com/get/g91a0f8a68f60269096479fb44041cdb2b5c70256cc260616f841b2e3d03f2df2227d24f6800e757db612d674875caec6922d85219cc79c7ff4bc3aac99379430_1280.jpg,https://pixabay.com/get/gaf9f9b8918bf1c674c42467e6acb737f9a368622eee9f6e0c924dc919b8abbcba322843cfa4bddbb4566352ea9c129bf7e7387632ce0526bb0c10eb62f4a2eb5_1280.jpg
IMMINENT,about to happen,about to happen,https://pixabay.com/get/gd46e77c0442daf662baf59d150e5b4c39138fe6e4b405f227f14d0cf45a375e897adfd0b14abb4b02a4a1f93cf52948ec2afe3e66e08308f7d10fd5a797add5c_1280.jpg,https://pixabay.com/get/g27b11c00f39cd8604bff4cfb64c56191a929db63c34a9f41d617ff40cd3752ed50dfe9d498ad2e5bd344f76f5fe4f2df7f4ab761b7b28a733da18c4ff8830888_1280.png
IMMOBILIZE,to stop movement,stop movement,https://pixabay.com/get/g4486e62f3034eaf0a2d801b24d8a48c7f77e6bf39ec5eea9d22b1c3615f96cf0e7b05bcb2c9548c94066a2659a56b8f89c71fa800ccbffda48f954e7b34c981e_1280.jpg,https://pixabay.com/get/g16fa842be45366babc9eca6161162a100305d66a91afdc42f60d10138f576a4834bc4ce9b9dd0d5bc6a9b65be38c672054c8a54e116441ddce13f3304ea57ce6_1280.png
IMMUNE,resistant,resistant,https://pixabay.com/get/g126d22621545fa8928f76fcd3b15afe221e2df5a184c67dc78cb35a9358715cbbc81678b0b33c75691ae60a2b43715c14c2558d8705024b9e1867bce840b420e_1280.jpg,https://pixabay.com/get/g89b401e9e4e34751ecfaa57076c8ed2f3674ef08d110147eb72296c5585078c68c70fcc9342423c585faca76c318824d46a7f094b626b13dd6337c9239dcfb4b_1280.png
IMMUTABLE,unchangeable,unchangeable,https://pixabay.com/get/gefae200b26a2d5caac0033c29f851bca1d132d58858236c108e0b3454e34825f5d988d7917135036fb9899ec18ec99aded9350a6d17ba5d7c83488e81e4f4071_1280.jpg,https://pixabay.com/get/g9f070189ce4452c72ef5e2b2000b8a748f42d2af62e1fb26b03bdf8b0ec4dba8a05fe43875ca645f5513d4f5b9c54e3b25a6a7ec3dd931d6681281bdb6d6c3da_1280.jpg
IMPAIR,to damage,damage,https://images.pexels.com/photos/7397130/pexels-photo-7397130.jpeg,https://pixabay.com/get/g96d7a347bd8c2c317f49252899c709562b5c144ecae192cc2b3806d05fec3aad9053e9ca3c20be1b66eaa99b4ee7d9a88dfa66e7a6f10d459f103187cdcefa0e_1280.png
IMPART,to give,give,https://pixabay.com/get/g47f89df89c244fb84d770dc1233b093bf6651ce884a3cd314cd32ac0d77b19cf10a29f3bb1093c0b4bdf2b2dedfc3da505c9fbdcd4aed3fd7afee5dc32590162_1280.jpg,https://pixabay.com/get/gd36f8119aef126045c9e930359884e03ee0fcad0b59cae4d8216ad4536065e7a3ec29536f74477065db9516c9f3a9d6932420ea9b67c78a5eba0e7a85e947517_1280.png
IMPARTIAL,fair,fair,https://pixabay.com/get/g7358e269d6d13b881a17e9d60374b423c0c88dbcb54aadba53a69ef275cc79daafaf48c8a7c5ffb291a4b74f758cb59a94eac5740f0490fa4e1d483194d3c43f_1280.jpg,https://pixabay.com/get/gffed8c9c7a63e3a37754b9c19548917d16b83c46f196b311d38d7f5d0eec5ed7cf84f2d0d119ab208e4b5b4af023569c116b5e0ee1d6dff5527b8129219a1b7a_1280.png
IMPASSABLE,cannot be crossed,cannot be crossed,https://pixabay.com/get/g4c074da9d5fb79e052650110b026b12593fd0c5f82ca24d08f3e7b0d0c45bb542567b53a780a28f4e919bf2b2bc8cede685598935363b096e0ddfc75a8aef20a_1280.jpg,https://pixabay.com/get/g9d3f9466a62089153dd43233288ed931e077a9840dcdc1d2e6efb3a4f46db656c0fb8849d937d53706999c8e1ac812b5cfe65ee6c91dca1c88f12e36d424e9d4_1280.png
IMPASSE,deadlock,lock,https://images.pexels.com/photos/7397130/pexels-photo-7397130.jpeg,https://pixabay.com/get/gf4bd3c87e8597f87e046b6c5b208fb8afd0eef1c88f2421ce35814ff27a0a1d9f062651dba967f9b9f8969ce3cad3308001e98592ef4fba1bc1063dd30ddc0ac_1280.png
IMPECUNIOUS,poor,poor,https://pixabay.com/get/g6a16543c5b73cae1ec99d60559b406cea1b522ab2e3b90f295e4b9878315cf62766ac2a288afb38043f328f39c0e3425d40293a301984ab5860568a06703dc6d_1280.jpg,https://pixabay.com/get/geea723f3faa94a4886ef09e20897eaf687b501d28489a0c5f213394c0a27d1a454275870f003dc694cefaedbc69fef7cf8b9adf3ccca8b27844e8d4c58a4ca08_1280.png
IMPEDE,to hinder,hinder,https://pixabay.com/get/gac0725b550eac9ea2de9feac20a0a83c4acd2dc6361a84aa75dba7767b73ebce579a43e28874957b9c4e2949d3dda190cd2756b91a96a8a2d666452959cf5ba5_1280.jpg,https://pixabay.com/get/ge8894a37869528e44bb5d3babcd8f10d4448c5cb865e6a4c078fcf293579d5f424befef60ac971e5ae2ce16e950961bb_1280.png
IMPEL,to drive,drive,https://pixabay.com/get/g4ab86040f2a1a3d3d8e1812242fa774ce39e7e0a0aff5c2c0c1c48ade8aa1aa48f5169d1db885fd291eaa2ef4130bcc2cfb498ecb86c9ec9ef2165d35eadebc5_1280.jpg,https://pixabay.com/get/g5975af48c8a54dedf02ccea226f2a1234b2b06476ece3cc4be2141bf8d0747bf990bab628aaf001282063088639655fd9fa84229d8f32af10b85c6a1a8ddbda6_1280.png
IMPERCEPTIBLE,unnoticeable,imperceptible,https://pixabay.com/get/g4cf493c41ea0ca04b282c0bb9b388786399c793e5d1c36912ba823d240296ef16ce36c556c98115088aa64fedb4e0bf849a936a5c7a5759bf16e8ed8b6a18791_1280.jpg,https://pixabay.com/get/g56e5cdcb142fa2a8ee9b7523aeb067427df4e9c35b7fee94d6bd34d3ff9ba213a823eaa5bb0248ee2afb16d591c86c62c23d5045dee1d497499b07c440acc5d1_1280.jpg
IMPERMEABLE,not penetrable,not penetrable,https://pixabay.com/get/g1023739114c37750a4e7c2c04bcdb7b37793d88ab243dd5c59f27d8c4d4de0d7d84d243c58b7f32521ce27eab2c8b713f735af233c9cdd03af283af9cc762888_1280.jpg,https://pixabay.com/get/gc6e6f5c198833fe0f4fe263391ba582ee1cd1e1313e91ac7de1ffdb39d864a8039e1aaf898d6444d1878a839aafc9917363edd5899cb8f58f8348f72eed9af0a_1280.png
IMPERTINENT,rude,rude,https://pixabay.com/get/g183b40b46ed554f4bef143510db4b306a9c0d81eb60b511fc4a5546895c4ce8382dd3c1655127471932bee8cc70019aa9a4a7c64d018ea651ff562a6d3dd9c6c_1280.jpg,https://pixabay.com/get/gc1fcdd28a211fc4187c40c24e608e191de56759d2933446ff4c872d307afb3e376a9e16fe92e863fd236710cf09961d726ccefd785dbcc588879527cf083aecd_1280.png
IMPERTURBABLE,calm,imperturbable,https://images.pexels.com/photos/36833573/pexels-photo-36833573.jpeg,https://pixabay.com/get/g0658fffc460242f054c5bd5d7130e20f8dfdf145d1528e22c84ea5fd11f1c835e677230d59f737eb6c50934db8c8f37d17c6070089a36d50b54222dc41c82bee_1280.png
IMPETUOUS,impulsive,impulsive,https://pixabay.com/get/g329b6adfa8accf7026f205faec8896387614008923bca21a723766763f97bbb93c5497ca78699dfcf5f33896a7034d62008c4734a34011f68053bbaae657b491_1280.jpg,https://pixabay.com/get/gda4b76c4b9def87f42f090bcd6eac39512e1ec3f7e89adc5bda774d4d88a3bc1358eb09619354c56dcebf2a0d091fe6f8b9e3d955f81bc610949f50110ca8c28_1280.png
IMPIETY,disrespect,,,https://pixabay.com/get/ga0eddf4bd364406e7b511c7872f77f476699e017a10e5b7b6c7c9c39f2e122d69d9d0b45deacc449ec23267232200566a81131193e606e23aacb4ee456a74368_1280.png
IMPLACABLE,unforgiving,,,https://pixabay.com/get/g88a16fdc05ec972d6846931ba39e17267cadbd67db2d34ae463b24e554f5ff482ba24b438f0172c700d3ffd0fb5524428fdc2d7039416a490cd6d05aebd01afc_1280.png
IMPLEMENT,to carry out,carry out,https://images.pexels.com/photos/31701975/pexels-photo-31701975.jpeg,https://pixabay.com/get/gc8047d6a6ad1c2605c4ac42f8537a98172811a3335f7e992ee76529147a80ed30333c5e9b59ede472f95146bbcf517ab_1280.png
IMPLICATE,to involve,involve,https://pixabay.com/get/gd953c9a7f546fa1b19bb2d1139c879a30c18374b4f17f9decbd8e72602d0dcd6ba920c17081e76ce04a7f296a6bbe60c2f4d73566b8c64f25203b73a0ff0e7b3_1280.jpg,https://pixabay.com/get/gc5f931d3cca46ef364158011abf25a1846c3ca3bcddb895d28811cfa317172b54aefc137236574346277b49a4f0ca938a3e7fd1f1b4d5922e9de1d843b0b552f_1280.png
IMPLICATION,suggestion,suggestion,https://pixabay.com/get/gdc928ff4f716f340a3fe86fc57011fd19c725da7d3ef313d43b0f2893924c19efa8886391173d3b3522638a78e304ecac5fad4334430b6bb07a0d3b888727427_1280.jpg,https://pixabay.com/get/g39b40a2eb796488b3a3249311a2defdf98ff82c576961f51055b20a3f0ca1c8a4a1b6189ccfe6508a6d4ecfadbdd2c9d7c08e05fe0e0589854d0051beb3f804a_1280.png
IMPLICIT,implied,,,https://pixabay.com/get/g37035c6183b67f4fa026183a5c7f2de18f3015911bda12a29fec914597351a6f8d2bb27c5bb5fd51e582c7f87663f4e0092e7212f491cd62199ce68c2de07fc0_1280.png
IMPORTUNE,to beg,,,
IMPOTENT,powerless,powerless,https://images.pexels.com/photos/10311985/pexels-photo-10311985.jpeg,https://pixabay.com/get/g5c66de768c5193ab762ccfc6e9fadf5d94cdded683d1d65f11bafc845bd75b49c2f4ee1a07e0fab13213094a7bba9512a009addbc4839912bb2aee4bc4605abc_1280.png
IMPROMPTU,unrehearsed,impromptu,https://pixabay.com/get/g41b34b2e36cee6d2143d984c54d051200e1c8e4e3f3355fa1673c83d73430d9fc0a17492465bb37ea8f1c695fdf30a0d48cf5776028e2218ccc681ba04e701f7_1280.jpg,https://pixabay.com/get/gf8428646a79706a6f8f558ebb5f3f7fd266f159668400894ce3002a68f4fe53f5660c715a66aba855f3b8abcc521534a7734fc51ad7bade1b047c69fe7ee2c5e_1280.jpg
INADVERTENTLY,accidentally,accidentally,https://pixabay.com/get/ge810b17541398d9e664050d0a1bfe5457c7ee2806cd735ecb8f002eeb8d12623ed12b09edc36d11c05c78f6bc157e3e4b9d1b68e9ae9147d4b60ca5a0d5716aa_1280.jpg,https://pixabay.com/get/g69617374e02eb14565ba08dc4bbd64316e5f4ac3ee3e3b46acc2b9b40ad72b3efb48c3a5104cd0e07d871b04c840076fd4680c6815d797a8afb735197eca6e94_1280.jpg
INANE,silly,silly,https://images.pexels.com/photos/35154384/pexels-photo-35154384.jpeg,https://pixabay.com/get/gc75d5f1fa44dff6497bbea717537ca7e2a77a033e726f358a555fe1cf4ff60d8688345ddc544410a8a1fd6196754493754a7b2841307cd75ecf6bb97d3c4c0ea_1280.png
INANIMATE,lifeless,lifeless,https://pixabay.com/get/g9f3d6833454d299e98001b4cc28a48459e3dd49a352cb5001a01c93cb50d828f8abef546c892087ad649e161a4c02c1bc46a8d3288001f4d3cc2a72d90fecd83_1280.jpg,https://pixabay.com/get/gf108ed2f20ff575e14b2f1eb35f69bc6013acfee0b0bf4db8561fd9933dead0b6274b5c894a69c3ca5f0465ce3570bbe_1280.png
INARTICULATE,unclear speech,unclear speech,https://pixabay.com/get/g6bab44eda78738ee7616fe9f0d3bb8fdc7fb17cf2db128673dcfc8b103ee6c880ba74c800fa7d5b9379a00a58b00f3a9e0e0c31c7f876417db27c04ea8655dc8_1280.jpg,https://pixabay.com/get/ge6a76a32587fae65ec3eb5366167cca3d7b19f23e716ca4d9189d0d2dedc149e9125d2d60d1d1b7b810b7dd33fb37549493c7e15b4c6cfb5d55903400315482e_1280.png
INCAPACITATE,to disable,disable,https://pixabay.com/get/g42b3a8f29ec295590fbc51bcbe7752b5497bdc336f12b0835586dcbff3979b95c5fa041ee245a5d6e098c438020d9d55892e7dc1cb6f394cfb8f1f626033cee3_1280.jpg,https://pixabay.com/get/gba095cbddb265f09b770f715ad84c4ed6b44d1d5300ecf3edc30e7003306738cccdb13b08e78cf24c03a483ffd676a28969eb877b92864d317e4d4f2e0cdb636_1280.png
INCARCERATE,to imprison,imprison,https://pixabay.com/get/g8a74221acec38660331834a3a4041ab2af16c898d0756dc873c01130aa21b4109b9143476ff3382e4c579a18f20d838b94b7b98c9243c53fee7213ec18d0b6aa_1280.jpg,https://pixabay.com/get/g91766b56d10db95417e18cdfa08a080166ed3d12fa39f6ea796b0a6d493d3d7760dd52ccc9690983ba8339525c823fc7_1280.png
INCENTIVE,motivation,motivation,https://pixabay.com/get/g349ad6d1f077707596956c58c2bcc0f17c7da15c60110c1560a1a303a1a285f6a563a146a919394c7f2dbfaf71e17a3e2495bbab91bb26a000196d18466b5bb4_1280.jpg,https://pixabay.com/get/g02c404577e5a154a804e3bcc3a4a5ac6e7b66f15c621a0ac7108223c48129fbab7d6a727a3d3a70ba801d2afbd5a847d2a376b44b3941fc2a5ab1e3bd9fa7ced_1280.png
INCESSANT,nonstop,,,https://pixabay.com/get/g66faf37db9d37c23cee580064f78dd989372154d4f26a8126b514d3c70aa73d002af44afc63a0a8675dc56136ebbeddd89124cc272a9b7fb34bc9686f185d768_1280.png
INCIPIENT,beginning,beginning,https://pixabay.com/get/ge109c29d0c944e8618d683ba4d0c7ea5b8f71cb9c0edfa10af2e431a0de9db761bb4e9b77ad46f165002e2fc32dfaf6ab69f43b303167a8a83070b2b0d1e1352_1280.jpg,https://pixabay.com/get/g0d6e12d24250e42adb3b736e41ef66770708f032da1f7db765d04090e60b2dc0b5d010d665e1c4433de138ec7f1783774e98194bd48ff211adf159bbde8b7b68_1280.png
INCITE,to provoke,provoke,https://images.pexels.com/photos/33328237/pexels-photo-33328237.jpeg,https://pixabay.com/get/g3ad7a1a210874ff68de02813b7547ef67e4fb7242991e22a493c4cbe5b9705839a160dd13d8c2a3b28adcfc5a417cc99312256e32df9c2fb24fe5848d9009b32_1280.png
INCLUSIVE,including,including,https://pixabay.com/get/g0c07ae61f5ba053be3230e804162fa89e00e37ed7b8ece1cfc4053375460ebf75844e0876e430b611a782631905a232fab0c481c4be1e0bc88cdeed10840eb72_1280.jpg,https://pixabay.com/get/gc0de8b261bf36a62219829177b2db135d80cebfc28b7243b2a885a3c8a2d8225e9f930d551a1a20d14a7f8c0df5cfd41fb0fc762eb9168ee646e996f0a80f7d1_1280.png
INCOHERENT,unintelligible,,,https://pixabay.com/get/gce790d65af1099182255e7588bb283952e5761de4ef68a6ce9a4bd2fce27c042d452e32502b844a8eaecee3b32a6e055234d4b090698ef7d7ce1ccd01978ac61_1280.png
INCONGRUITY,inconsistency,inconsistency,https://pixabay.com/get/g4041736c76458ed3ffd42fd1d29eac1989fea5f3b3cff7ea12bb8171618cbca4dd7a90743827d31b0e97106ced71e2e632b7a6c116281beb05e73127e20b2d34_1280.jpg,https://pixabay.com/get/g26459372828cdd0372c626469a9db7cb81a2c7dec47775333251308316d21c88f6a9fd2339593c4376cb6b6eab52ddde25d7471d115212ed01df5fc63be41621_1280.jpg
INCONSEQUENTIAL,unimportant,unimportant,https://images.pexels.com/photos/7448281/pexels-photo-7448281.jpeg,https://pixabay.com/get/g41e1e94b6f1d97cf46b081d62fa23c094fdca1b8b44095d51447cd399021a97ea647746ffe121c52ffe4f28c5f59993b74f2cf83c0114da20415705737c2cf1d_1280.jpg
INCONSISTENCY,contradiction,contradiction,https://pixabay.com/get/g95cd426735b9923e748b3253f7148fbedba98262f194ff2fd6c02b5c016095227f36e6d763f84983f86e7880f8ee57a2856f758892e2a58de24361aa56d59a8f_1280.jpg,https://pixabay.com/get/g33abc085d9ae3267cb8ed7371e5ffbcb45bd3a817f7ed9449d8e04aca786b0fb6d10e11211a4e0f6a51aa07e454a0d13a7f6815be233a097e839cad3e7ef27db_1280.png
INCORPORATE,to include,include,https://pixabay.com/get/ga7fd9ae2cc2d4ebfe5adbfca3ecc5d5c113d7920cdbf815c3fe4da7ecdb408b2327f7b31af9bd51f42b2e2a9dc8356813530389932b93b8ec8590bfbc2c5bd36_1280.jpg,https://pixabay.com/get/g91d53a5b277609a126a8e5e27a40b06d523feb67d61924be15ec4d5e4cf70fdba9948bca9e8d3822db4b50b939c738a364ddb6a2b740d85b5a764fc818ea019f_1280.png
INCORPOREAL,without body,without body,https://pixabay.com/get/g54f57b911ef3889910a15d73c157cb90b616acf56e2b70bd77d30d1dbde08346e6fd43f76269a53ac69012ac696005dfb10cb201f0f9b4f451e9cad550cc78e7_1280.jpg,https://pixabay.com/get/g6272433817de090ca9d622067beddc6a650719c06d9274b755df75907682db96d4ddda7e012ecc045f3fe4d2a01d30ab2a7722f5ae81fc2294eb1ecf00c1a324_1280.png
INCORRIGIBLE,unmanageable,unmanageable,https://images.pexels.com/photos/33841616/pexels-photo-33841616.jpeg,
INCREDULOUS,disbelieving,incredulous,https://pixabay.com/get/g897e808ddf7bc81d97188510650be007cd0010defad7ebcc59ca1f091ad1f3d309fbe14fedf3f4242fb1926c54c28d9c426ba9348022b6f83d1a168571bb1023_1280.jpg,https://pixabay.com/get/g51a72008e137e8f5ece894d6fa81b6d554d4f78e8f228a154a615e1be7c6c286942c2aee4aee4513ce05d22066834c9081b4cb36e80684b98e3f4714e2af9c27_1280.png
INCRUSTATION,crust,crust,https://pixabay.com/get/g979e935c240c56fc9b65c7eb2b7615f890cd4b74f1ee53d3c556bb7b2d37fafff29f364457c857fd4c703a14ae86aa6e8ce84e1d511a01ebd2d37a86ed21f889_1280.jpg,https://pixabay.com/get/ge0fc8892e7a8abc6fecaa8eea2f87afb992dd55fde3521f4fd10ed662f4870b7f08a72f3b60bdb178ff48867f0f0b386e8e370aa659ab7601df17e899184e454_1280.png
INCUMBENT,obligatory,,,https://pixabay.com/get/g02378d182e0f11e5a0f1c478ca66b9024448cca82c4fd55004aa48513c7368bf45738adc52f6478247cfc0ca5e30b0ff_1280.png
INDEFATIGABLE,tireless,tireless,https://images.pexels.com/photos/35366854/pexels-photo-35366854.jpeg,https://pixabay.com/get/gd25886afbdad937629cb5f5de0a09777acbf1788b5c827046c483de1c02d0613a38fe36001a03d8506f1f1762c81e2bf78d214fcbd7663092195b8c9fa53b09d_1280.jpg
INDELIBLE,permanent,permanent,https://pixabay.com/get/g6c4c2c27282bbef09546e158d63a610fe5ff3f346b60ad90a0fc7b97276f534da08bdb8b1fbd10e36bb71121751935c35ff0ad72c8c74947d959f69f1b3953cd_1280.jpg,https://pixabay.com/get/gf33b40c46e0a4d775d35be111ca0960862a7fe8c7b9d253c41b09f038b7af3090122fd8f131b282fc9482ed345742765b61530a682eb0bffa43c781b2b43b1a6_1280.png
INDICT,to charge,charge,https://pixabay.com/get/g12b1c4d1b9d7f29896136406b91216caf2834795d6ebf24a795834237135d071411afd9b83095ea753030b06cf88d53057b8a71ea9bba5aea1b77483b576d8bc_1280.jpg,https://pixabay.com/get/ga94a2db82cef6a77af4a5c683b50a7f1f9c415b4db6f0587c6cd0392918ad90b6acbd95db8b43723c0410babceff51dd5c6f330ba16b26e30cba60dbb1472d0c_1280.png
INDIFFERENT,unconcerned,unconcerned,https://pixabay.com/get/g422cb8923155a195b6fe886c16b55265ee21850f7a2a095dd28cf0842ff4973b12a4add15aeb80aa954ac898f77c2e80aa68893d144f32672aaf60ff5dfdb4d1_1280.jpg,https://pixabay.com/get/ge8a1cc65cda936d34e44b5d4d86db8c73ac059879436ac77ee863756f469e6b199b5f0be9784e6ee1bcfa7eccd8547c8bcf6a4bb70cfbee4f33b1b9d41a32437_1280.png
INDIGENOUS,native,native,https://images.pexels.com/photos/36591574/pexels-photo-36591574.jpeg,https://pixabay.com/get/g4c91367a89d541d28fed1a070d1ae04219ba8dd60cafd9a1bb9e46947bbabdf450a82afa99648bc3e9cc2a87dd1031507405bd6287583dd1d40991d643f4817c_1280.png
INDISPUTABLE,undeniable,,,
INDOMITABLE,unconquerable,unconquerable,https://pixabay.com/get/ge6fabe623d129201ebff92f57675163a7542b770d1be9130e1c9579deda6795129048497f81e76ee5ba51e20b6cbcdef41892d8409a63c8df03312450bce28b1_1280.jpg,https://pixabay.com/get/gc3087aa723ebe2d8e5529991316eaf3d62e357c2462a9363e363f8f4cb485d5b7787e7c901d2fca9615d39110f506fdd266dcb85cad8e91ab5176d7f2cad4c5b_1280.jpg
INDUBITABLE,certain,indubitable,https://images.pexels.com/photos/12261422/pexels-photo-12261422.jpeg,https://pixabay.com/get/gb5b37d523a531ac33ddfbd19d0e17b93f48dd0b1e2676caec0ef6f467a3486749d3573d64527497e5ae2198fd9b058f3230ed7ada776a4386cfe466d4c256ac9_1280.png
INDUCE,to persuade,persuade,https://pixabay.com/get/g8d8a90a9a95846c947d2432d9ded9e6bfcbf3ac17a0de85fb778a3406a8fada2b0d63114d79b4058bbc9a8036f5dc15dac387f5266ecf5800324e1bee7b8d777_1280.jpg,https://pixabay.com/get/g434248e8609f5d2132df823c7d05175256ba6a37da2845c7075ee40d706c8e0bc1780b3514af01a1a341d00296a1764daa8dc03a1130264ce05ed811c3d1a293_1280.png
INDULGENT,lenient,indulgent,https://pixabay.com/get/gd37e4595e41fe46278986cfc24d7096b0304c73e1c0ce0157fb1e151456cc16433b575b4ca3c95950d9ed2e93b8dc81994b9c594614c76441cd7d2e2b4b41851_1280.jpg,https://pixabay.com/get/g9752221e0d85122b78c20fff0faa4939b4e1b670553f5f247fe5c01f3cbff5cdc9efb813605efbb1636e66adb4b629492904639a18d0b0bfa78ff534e5801c91_1280.png
INDUSTRIOUS,hardworking,hardworking,https://pixabay.com/get/gd9daf9a0ffb456cfaa4da647188568812516db0143e1e2b48254f02f15b99d3a6e37a2650677861509b4022e0cdc23f0c8c86f50f37a04cdf97ebe78456b17eb_1280.jpg,https://pixabay.com/get/gb99b53cfc6a5dc2c434c3bf380753c7c579b1fbab36a35da2eb7650dde34334adbaaee439bc29b7ae6f46850e2def3eb_1280.png
INEFFABLE,indescribable,indescribable,https://images.pexels.com/photos/10311993/pexels-photo-10311993.jpeg,https://pixabay.com/get/ge919c3af126264d1d8de3afe4c46e99eeff5b9f30d27c961b895c98fdbc97821d22d40be55ef03ae72d3cce0c671936ed33d0225b088479c345565a94ab23cac_1280.png
INEPT,incompetent,incompetent,https://pixabay.com/get/gdf84e18c9880463115d485d63ff6dacdbd6f89dc41502162870094e215bab84cd063e39fad57a3dbf2301bc296b5a545e5727f547482abcffa1c53894e65de8a_1280.jpg,https://pixabay.com/get/g0b8a8d3c111520b14bccfcde2caa92770f400065277724ed0f13ae791f82daf28488f180d3c0d62371311f4c8b5384e2c896163cbf5c8f7a4a4ebf7c674f8af1_1280.jpg
INEVITABLE,unavoidable,inevitable,https://pixabay.com/get/g1de85bb5bb0533b287f3bd4f14b0b8ab1e18aa3bb390c2dbf7d81a6239eb701e97ec3d205d5ad6f257623f445ad4359938597af00eaed7e122bf2553a32b83bc_1280.jpg,https://pixabay.com/get/g78b34245687dd05e57afa4123e1613ec832253144c507858be13febf8420ae7e038878771fbae72896bcf33ada7bd796d800e5cf5bbf598440147d214cc79950_1280.png
INFALLIBLE,unerring,unerring,https://images.pexels.com/photos/29554150/pexels-photo-29554150.jpeg,https://pixabay.com/get/g4979a1641b93d6206ff36d48cade505c513ba1ac13f4d34df5dda3b3f1724db7edeeb52328cd146bf154b4e195576137a379ad1c5a6605779091e0ee5d71124f_1280.png
INFAMOUS,notorious,,,https://pixabay.com/get/g37d4fdf319509be90caa6dc6c9b546c26e1a07f713b390f7f579636a83ea3a1788ef03685691395849407fbb0ddec3c1473f27f60a5d2689fe49806bb7c09517_1280.jpg
INFER,to deduce,infer,https://pixabay.com/get/g05434afe3d9861b76adcb04512d0158a1bb0b1bfb1d27d7c37592c637a6022f046b4020659219e5013fe6c1caa3b1b56330dc68ccc959096c28b7ca41943a2fe_1280.jpg,https://pixabay.com/get/g1b2758b43f08a31619e01dc153abed4ceb917c174fbf2ce4508f94168b92e955c803946ffe84b37c387ad7ed9a25982fc39ba7dec113a14b186c218c7c05f257_1280.jpg
INFERNAL,hellish,,,https://pixabay.com/get/g71e2f05159b22c765851caed341afcef75e000c59d2e4616fa7906eaa16f88eef4b1a21396b6c3da276db630c2c2b7050e1258fadd34c1790dc7b09339dd9183_1280.png
INFINITESIMAL,extremely small,extremely small,https://images.pexels.com/photos/17829635/pexels-photo-17829635.jpeg,https://pixabay.com/get/g804d975d5b846dd857440a5c2dbe1acb98aab4bea6db955b7b065859790ccdbdb049b50a20fb88f272961fdbc8db640c9fb68f4e7ffd841aa0f47a3d7e3e6848_1280.png
INFRACTION,violation,violation,https://pixabay.com/get/g3226f62ad2152e82c0d2ffcbc1aacfab33d1aae8955aa9374c20e089cd1258de2eb8c17d08da7c9f017b3b739760b998176bf30e54081907c19e85ffb43e3db7_1280.jpg,https://pixabay.com/get/g501658188754983634dd73db140877b727b6c3d3859a36a9f6766bedfa2ff6f2312d93c74d9d339ca08be2668ae3c7dc4e48051dc50b4f9ae3a18d0e3b205487_1280.png
INGENIOUS,clever,clever,https://pixabay.com/get/gdaa698203bd4af551f9647e1732cf85ff0ef898f90be7aaf6d79a48f3ad133b434a81cfc1aa158ceae6c4e73ec968b5fd4e752380e9d9119b5d8fc8a43130b2d_1280.jpg,https://pixabay.com/get/g1db0d827c1f5c5912382f00187814fbd73682563024068097c724efc3e952a67195357838b9880c0970bcd16a7adb04276ee394a635184b6267b3f660592bd91_1280.png
INGENUOUS,naive,naive,https://pixabay.com/get/gf3ef05faa07c19c3cbff84b96709ca1f9a23e62b1565cb073107232ab294f99893e842451e792c30e2b1ba1bef4a361ec87aceba60dbb1592d9331eb88d085f0_1280.jpg,https://pixabay.com/get/g739c6cf1350c1288b8d7110d76c7ddb05ca2dc16ffdb8a3a93dc1492aa654364891069fc3355226236143cf79a07a0760647b3dd1b731c0d019b9d7da595c7ef_1280.png
INGRATE,ungrateful person,person,https://images.pexels.com/photos/20830475/pexels-photo-20830475.jpeg,https://pixabay.com/get/gd45428d09f79d8712664037f9ecff7f45c8229ab2c7080ff0f8eae0e51ac8a0414f08bcdfffa210a394c13a0e8ae0fa283b0cf30975e53cea03a02e4beea701c_1280.png
INGRATIATE,to win favor,win favor,https://pixabay.com/get/gea0ecd1f1ea91ec08a4150606479c7684012aef4b4decb9cca1b695b9590dea1bb5b0448c9ad974ebc3aa573580dfd548018a54910a43b555635b7297eae61e2_1280.jpg,https://pixabay.com/get/g52a3c3299e51c02fb9e94aca1e65aa67b65ab8a77364d7ec37e30db5f792ae230f24cb424d9ba26be4d2ac7a46d21c1173f91b5367104d7bacc53eb13d5b4300_1280.png
INHERENT,innate,inherent,https://pixabay.com/get/gba7feee8328742b9c46dd04e5ad9e306a9d95d1acbf42b486d52b9fafd7dc50a7d196e314f810a29de8d24ce93d82eadb1c6d637e8708dffea627ec4ec6b5f14_1280.jpg,https://pixabay.com/get/g75f6ee80bed345e80161beb867a632cc3e3914c080f0085c1429b312eb095b95acfd6437d46ae4b3db484250083a9e249c0e95fa0fc154d69da00265ef57744b_1280.jpg
INHIBIT,to restrain,restrain,https://pixabay.com/get/g979fc03932e5b0bf9a97ea5bd2b11df05dd63b89223fdc2088cc4b9b993cd5b526b2e5905b4511809bceae302a72b3d8_1280.jpg,https://pixabay.com/get/g95f4e39e3f0a6d467142035f7330301a675a89879725eef93f3f296ccb672c8a962425567206e066a5c05f94fe399b916142ab4e9e896396fe2bcc696a081599_1280.png
INITIATE,to begin,begin,https://images.pexels.com/photos/13312404/pexels-photo-13312404.jpeg,https://pixabay.com/get/g9f9298f1432787a97e4fd9e8c72051d73be8f776b3ff808e786e54d0ae988e2ef38b49bb8fc2845e715efef88e0da143e15ac250f4b6a0b6c07f9ec4436e78c4_1280.png
INKLING,hint,hint,https://pixabay.com/get/gf1524663f13bd288b9bea3d472b311e7f9556678d95f7366e3113869204e2db8f5620074c1c58a43e791b8601087ff9eb5c96e5091f3e9513ec137b03af52364_1280.jpg,https://pixabay.com/get/g10e8514c29fdc67d06c770786e40e14348efb6885b2a7cc1352003314467aa08a645f0431fc6e46c5bc19a3c2548c49543780850d9d36bd4c6e457c3e8ce5a3f_1280.png
INLET,small bay,small bay,https://pixabay.com/get/gc15f86f78833f6dc48420f421a852255423ff234e98ea0099e340be312f0ed39f8161595ef47c2a1efec522ca4c473e418f51f1c3be71059fc127ed276c3955a_1280.jpg,https://pixabay.com/get/g016f1ad8b5a50be046ef2903626d6672cbbc3e7010dc3b2ace690df2d55a4062cbc244154919bd04dbd8b7f564faab37a41519f166b232ab754eb25c9e799be8_1280.png
INNATE,inborn,,,https://pixabay.com/get/g9ca5d7e1aaf93dbfa44bea95e75829e42f025ab5ed3f77c24dfb12aa183abccf375654a2245f628a599d7985c3475726940ccf85f35062aed7a6a12605fb87d3_1280.jpg
INNOCUOUS,harmless,harmless,https://images.pexels.com/photos/34061873/pexels-photo-34061873.jpeg,https://pixabay.com/get/ga1cd8f7f97499870a0d0961da64e6af24ceb7f10363c46326c4c0daf9310a0c52e271afc6510d60fcb6cae979b6e2bf45842372b164b5436bc733e6ae6f54494_1280.png
INNOVATION,new idea,new idea,https://pixabay.com/get/g0725ff46bf0e93d4acea826921e7573bc3a0f8f0fabe56cc593ddb005929c8e6c2aaecede8156bdaa031cbd8cf8d47d908d06342aa3d47304d9e4fac3812b645_1280.jpg,https://pixabay.com/get/gdd903c96697b58b2c925eda0462dfaf9dbcddf9e7601965ea55fa6b7831ba0448f04f94c635c0f4742cd295f5980535217e03501f13701d840eda2cd365523ba_1280.png
INOPPORTUNE,poorly timed,poorly timed,https://pixabay.com/get/gddb380c701c52ab894f834d0f0a33479a716d9c2cb549468c90ac1f00926874a93894d23ed3f240fbea97a0aca6bb65e872c7cd533e42d60d7bb35983f2b2f78_1280.jpg,https://pixabay.com/get/g2cf74b981e3fa55d9934dcc1f7bc5709fcc7b83bebf78a623ae6107babf47fa5ada2ef0096a9cf330f0c9af4157699915a27453ec4fee230c2be23b034997956_1280.png
INORDINATE,excessive,excessive,https://images.pexels.com/photos/13537945/pexels-photo-13537945.jpeg,https://pixabay.com/get/g2f449155c85e09fca180a082257f138d4566b61e3bd096ef73e546610b38921828d53e3255f2e40a1169c212882daf15_1280.png
INQUISITOR,questioner,questioner,https://pixabay.com/get/g01230aa2b17c59cb96867a0f774cfee256acf7adf94e757c5e2843c19a3be7be05779ed9b4a57004088868dc4bc36bd544580dc73e3eb4321889e39dd80a6d6f_1280.jpg,https://pixabay.com/get/g9925f7cc4472178d0e247faeac1f6fcf28690505a25c1a64cb58112c583ebd46e467a235b015fe1e61f0d4c9bc638adcdc92d0bb7bde190768830e8b46021dcb_1280.png
INSATIABLE,cannot be satisfied,cannot be satisfied,https://pixabay.com/get/g613b5b77e668b56fa635c3ea841a625ce63db331638f69e728b366ace6dee4e8bc79dca89064268bda457668efa597c985f94bdff6de709473694737682187d7_1280.jpg,https://pixabay.com/get/g7d173177f6e883932218c6195edb3cf13f2324ccd826c888a73703a8f5588689bcf6c63376e123b8d60e848a33dca72beed1676269a130e321e53f36d8ac96cb_1280.png
INSCRUTABLE,mysterious,mysterious,https://pixabay.com/get/g2db8e24ab8673b3b77a701a9bf045997a218a2286971850ba726a5b3a0d851d3c8fbbda2976821a54b6b58a672c82dd1af6cb877537e1fc0a021855337d3c777_1280.jpg,https://pixabay.com/get/g19b41da354d0c4e1534b18bb93585375872d0aa30670747102523cf688d6f618f0bc91dbea901531a7a8592bb6951226d2759a8b43e888a8ff2488101f5afbe3_1280.png
INSIDIOUS,treacherous,insidious,https://images.pexels.com/photos/36257903/pexels-photo-36257903.jpeg,https://pixabay.com/get/g6f5699f3c927a536bc962518c49b7c30dd6b69feab455eeb81b945eba9073e97abbf328de1f50cf80ea1fe191183c8016f5435d814facf5eb2f8ea7199583744_1280.png
INSIGHTFUL,perceptive,perceptive,https://pixabay.com/get/gcae9fe06d1d959bfa8785baf6ff91615e0f8134b37cf3302b4a4b023df9a0c9316942b4fd782febea9f1ab731d92cdaee237d66b43937471e46ebb20bff7a6a2_1280.jpg,https://pixabay.com/get/g1de6f44aff574793c54371bad5f706b53b8f6d459b4d2d5baa6c6addfedb4c546e42e86b628d5933e82d63c3526618dbfce1fd115ebe949e1cce1e176f13b169_1280.png
INSINUATE,to suggest,suggest,https://pixabay.com/get/g843ad4f0d2cbbc8ea076f7d8ff41db59f1c84eba7d5cd95294bfaacfc0fbef9ada94dcf5d11e38d51317756d3dff024b7b1db1a6bd2ba4e22c33c7a855383bc1_1280.png,https://pixabay.com/get/g04ff8ea4c1a0c04d6a459edd8974f44e855bbeee5bd6158bf387ee0eae8af54ef14d7d8831bec820c017d8c55bd210f937bcc9b136529493dd8109640e5ed48c_1280.png
INSIPID,bland,bland,https://pixabay.com/get/gb84e892589426fb77454d714c2a4e8dae37e61a5e3acd2843cd7809035043a8a73d415373335c1c67ac34019fe92da2b5940cd758e3563fbb1cd10a38a3e1832_1280.jpg,https://pixabay.com/get/g9971d27e29579089fdeffa2b080cb086fc112b343de6d6ef6cf1f79e5ec8f982177d2902358cecace4b4bca2c9e7cc5441415afe2fa4d817c3bb87b9f88a14ab_1280.jpg
INSOLENCE,rudeness,rudeness,https://pixabay.com/get/g8c4d0920ac7fd244f4fd5e678c799aa53c1472f9df1283f529baff6f89c87c0891a36bd15eb64c393c30cd62822dc875a30173d19db59e2be8e874e2943641b5_1280.jpg,https://pixabay.com/get/gdf2b24c5b093b8249e3209d40ad96322f1128a6e98a2f1b466822819e4768c18bb5f43ddf74d57e1a21738d0c8376d5e827c9b4924078b0a6e471a871dfbc70a_1280.png
INSOLVENT,bankrupt,bankrupt,https://images.pexels.com/photos/35687526/pexels-photo-35687526.jpeg,https://pixabay.com/get/g53237488cb403c282478dd4a483729067a6077a5c696a090ddfcd4cede04033421217e5b3a8bd58d94178322c5bfd134ff3e161707d672a1f36f580f61198370_1280.png
INSOMNIA,sleeplessness,sleeplessness,https://pixabay.com/get/gfd4a507b0f948cca7ee02ba4208ea58471e4edb346c824bcc4ec9ec77f0b5f33d87d499501bac89e6a77ad1eb739cf21c920e7014102da49a300cbb9a3196204_1280.jpg,https://pixabay.com/get/g228fbacf325ff3fec094576920207422196bea45bb8145574a9fc42047149ba2fe9465e23e35e0d33b5d0f6a49ddf025ad02880b144fe8394cc5150d38976a3f_1280.png
INSTIGATE,to provoke,provoke,https://images.pexels.com/photos/33328237/pexels-photo-33328237.jpeg,https://pixabay.com/get/g8a140b9423ad1e17e03a23de9b90a694135c0eafe1be1fa5552baf2120445ea93444fd3d48c23bf2a68af0ac22fb89f8d74ee468513a7e735af6fb0e3117ae0a_1280.png
INSUBORDINATION,disobedience,disobedience,https://pixabay.com/get/g2e3469b94cfef56f3cc3fc5e6558a95cc191f89c668250064f69e6f6be61d316bbe9c4027062f0bc0ecf0874cf2dd457534cc796e870610bf87344cdbfd4171f_1280.jpg,https://pixabay.com/get/ge96ba31829cdd1162080862eb9afebefb80378bb81b76c884d02279b0f910164b55fc325db328578460c751e3072e3387fa482c8bbd2e0d64ecce3e9d6a73996_1280.png
INSUBSTANTIAL,flimsy,flimsy,https://pixabay.com/get/g944bf700bd6dbe3566bd4cf361a941a02e5a47f44a7a7f040610f116049fceda2ae7333ca0936cf55c6c6da3da616c1352137369439acd6a2d6d66c1e971cef2_1280.jpg,https://pixabay.com/get/ge49be92486c95538175eafa8a6f9535ba4098bb7e1e1f68ba2aeb8f522a65864bb00a7ef0b287ae751df04aeb7e7ac49e025d420c5efa7ce1ccc372b98d10274_1280.jpg
INSURGENT,rebel,rebel,https://images.pexels.com/photos/29479897/pexels-photo-29479897.jpeg,https://pixabay.com/get/g967981e5fed26bdcac91a9d0b1ee713e74ef39fc3883e0aa7ca8e6a3a5abbfe3d6feaf2518fb324c93c98a9a89c28ab4_1280.png
INSURRECTION,rebellion,rebellion,https://images.pexels.com/photos/35366862/pexels-photo-35366862.jpeg,https://pixabay.com/get/g4342e48fe00d8c12f5123734a707e55600752c80ac0c2ec22ec661ccd4002e5c93bd4e1f11f6a5c3cf80854909cdece74036fd66b5815e16c55439c2c5baae2e_1280.png
INTANGIBLE,not touchable,not touchable,https://pixabay.com/get/g0524b5e085a0ae4dcc7427c73f0ef6a67cde069a0bc617ba3e491d2f843f4690df00355c6517eefe45b5590403eabc4d53b225a52ac7c0a059ea576f0205ecde_1280.jpg,https://pixabay.com/get/g8849922ca240066b3a712bdb7e8d76f62875e431d051182f6bed22fdf60504ea890d2cd7797daf280573ace54983650b0d92eff66111619394a4424c85a06066_1280.png
INTEGRITY,honesty,honesty,https://pixabay.com/get/ga93624ed9b173362cbd9037bef13aa5b67497a776d3f37a25ccd1d030767c71c0f1b750c1d2984a14890b091c0544b49_1280.jpg,https://pixabay.com/get/g71c65e282b8fbaa3c7ed7e6aa58202683a171745ff8ed0f44b08e1371a62ce7f80e87415e2019861852e8275d6e8a04738a76ff2904e49ae30ab732353d86674_1280.png
INTERMINABLE,endless,endless,https://pixabay.com/get/g084e57a0b606d47c2c46b3601914c7613809284f7e2f01130ca4d114a6512e684f574b0afe7173eb86767a7ec8cf48f1f9a9719dbb204ecdca9db1ffc7f0794b_1280.jpg,https://pixabay.com/get/gcc33b34234ab5c4371dd3869004229685821ff3427365971f7246747bd80f7048bf5d2d962d5c9ea651c4e7a72fe7c20570af2799c46d9354f62b36487dc0c8a_1280.png
INTERMITTENT,sporadic,sporadic,https://images.pexels.com/photos/13312404/pexels-photo-13312404.jpeg,https://pixabay.com/get/g2bac98d24fbc6d1858626b09b0d00ff576b7ef098026078eaf0c07bf5d2adcc1e76e4668a4f8c6d1f22836be62431fda355037758f7acfa2a3a198da5782d75b_1280.jpg
INTERROGATE,to question,question,https://pixabay.com/get/gad12df11b90f4dbb6b5832685a5ebba2eb9ca8809e404f39de6381fadaee0c42009b5dba6157d182de0980c223330049bd0831bfabf75fbf5f382cea0e75692f_1280.jpg,https://pixabay.com/get/g3f5c6f6b38b03a693964d8a85202e4448f4009e5b4fcbcef0fb3913cb0309c60f355071b473a957146ecfa6926edddd37f9b7b1dfb9610e63c39f80c58d5ec6a_1280.png
INTIMIDATE,to frighten,frighten,https://pixabay.com/get/g11a2d2cba2f53525459fd6cd70667f6bbd7255c25a27ed9c40fa35856f5499e00c7e9cf825f2538d49784ba1725e9b5eb70e6ac4c41a4cbd2da6392b119d5948_1280.jpg,https://pixabay.com/get/gc556d8454ce9c0182d35688dbf6f32c90ef298796f8792bec465266cbd44a691b66455dcd4df313b5f902cf418737a33676f0620ca8b7668e3d5661ff483a600_1280.png
INTRANSIGENCE,stubbornness,intransigence,https://images.pexels.com/photos/23660311/pexels-photo-23660311.jpeg,https://pixabay.com/get/g1fdbce2da5477a6ad4d3851e124d310e2a7a9670396dd2f970b6b054001ab9350260506e341097ae7f991866b7b73a5805d61e2e0651ffad7fd3aa350c12d034_1280.png
INTRICACY,complexity,complexity,https://pixabay.com/get/gdcf1719a77cd3bb2f6a438c053cf153f5838d032ccd9bddeaa250af9cc67a417a98d5531248ab03902c7ecf5d0edd684a50c49ad94e4d404f40e80051b6f2f70_1280.jpg,https://pixabay.com/get/g1d60ff252cdc92e84747c7b2dcd62b6697e8917e85e7d50fb8980b3fed92c565c64dae53aa42144e2d922ce5d0c6c83e9cd4a635a8a55622ea7af9c3057954e4_1280.png
INTRIGUE,to fascinate,fascinate,https://pixabay.com/get/gaea7962c551f81e4b9793576ee1fdaf38ff1df64ff5dfedaff72405e35f976df7e7dd716049f69e11e2da284630d6a53e1f3371cc466d521877bd2a74f656083_1280.jpg,https://pixabay.com/get/g0b5a96ead89c263a7430eecfe3fcc2da60c1c1401c3288e592a8cc9d107547836afbd4a1f4cce175e096b1ca517ebf432f7ff8fb9d6528c0f2053ffe92ff0040_1280.png
INTRINSIC,essential,essential,https://pixabay.com/get/g9161fa61e1e72baf31fe405c180f76fe9d28c94beb2722a2aeb4874cfdbea4f9e9dd3101d156efda50f69a35a8c02126746937b56196afb4288a924d64a57b1b_1280.jpg,https://pixabay.com/get/g989c1586e6ba414539a00bf20557d3f702f597671b8c40276a44907b3453d3e5ce98e0ccd482515c3ad784c5ebbbc124bc63ef16341d09c74f89ff1ccca98326_1280.png
INTROSPECTIVE,self-examining,self-examining,https://pixabay.com/get/g40f50591da14856d99c43d46a002137c89442804efe676c9cb8a35c0666a09574dd41eb16cba821db1db341da930b0f222e757c565cd112bf4894646e5064971_1280.jpg,https://pixabay.com/get/g9108647f168ad619b6f39adb3d0155a21b67aeb9f94f9dd62d9a27816be1456d1a1b0955a2a92183ffeefe7af5f68002b88aa094fce4760ebf13d6fbc1acbc5c_1280.png
INTRUDE,to trespass,trespass,https://images.pexels.com/photos/36400327/pexels-photo-36400327.jpeg,https://pixabay.com/get/g663557a472dbb9dcde6b248a46bcfa133e82afe86c1047d8ed257d3e6bc05074f004bc9f7efff4d241c9aa11c8a65ea5_1280.png
INTUITION,instinct,instinct,https://pixabay.com/get/gd74da40bae6e117aa630bf2158760fd8ef110e7064ead350162fe812a2390a1e40e903ca160ab95ccd7f95522ad2786c16e26e545c9dd4a9203948e3913471d4_1280.jpg,https://pixabay.com/get/g15c643448513b317813ce1164ddfa1ec5722e2f2e7384c61a586b344b04882ce2fe7dd4fca5d98b088fd0800d423a5ce69dab6af0cd14e91a156a78e65089f9d_1280.png
INUNDATE,to flood,flood,https://pixabay.com/get/g2452c0cb57a65916edba697e07d17bac4619b2a10e82a2816b9452680c57164517d6f79827ac786a152fca6d437572b8717d28e30973749e8f765c052e00ea03_1280.jpg,https://pixabay.com/get/geff43f5b254c3ca13d04963858942333d53559f7cf49b4fd39ab565052948defed8f0f171e0b231b190ea1f71abc381c037e277e69a1302feb7f361f4d6d0562_1280.png
INVALIDATE,to nullify,invalidate,https://pixabay.com/get/ge063b7d7fdb446395b280d00eefe338024c773d35071e1807575be0c2e09b5b7808019967a1bde4b000ae1e062fe1a1901fb884d04b8e4c0884d477f5b86c745_1280.jpg,https://pixabay.com/get/gf78a3ef6d62a4a4825aab2640859f6a0e789220bc3673ea51aa991a2e4541c7e1fb656f1463240c40c069ac498f33cff_1280.png
INVECTIVE,abuse,abuse,https://images.pexels.com/photos/3762802/pexels-photo-3762802.jpeg,https://pixabay.com/get/gb175589d46ff2c951e21717452aa6e2d38bb6e0e5f06a80a67ae36209c146f132d24428102cc6bd1546108e04f04d068d1092989c27cb67af564aad6f72773bd_1280.png
INVIOLABLE,sacred,sacred,https://pixabay.com/get/g6244d60bd8374b77f135399a796586943eb1a268098e32ca8549cb52ba77c1fd9209e9d7152199c154c492545e06ad8cb68af68debf9985f7debdece62aa4217_1280.jpg,https://pixabay.com/get/g82537bfeb7805b0b8a991b80bb9d0f12778fa87f9c3498db80436de3ba98fa49c14bb2234ca9a60ba895d93d5f2821d24a300b77b28a8c682ba1a1f6ad8c6b5d_1280.png
IRASCIBLE,irritable,irritable,https://pixabay.com/get/g9a95eba8c417bb6ae4a85f0f30c210addfda066fa7067832c5a750dc332e0adc910c1d1b082631c11034c81040cc7200174c41c5dc831770eaf2979489e73504_1280.jpg,https://pixabay.com/get/gf77235ad53f43b6d7bc6647c63b226c1f011a884d856b7961dd2c913f0aa25aa87b948955b56705e026f6eaf08081f9d_1280.png
IRKSOME,annoying,annoying,https://pixabay.com/get/g2db4c0f803aec5e49ae124febef62b819062fff23409459b5c25dc43a265dd557a683b52c6b0e5a84d28d8084007788f039ea028a22031fc30ed6156fc08af69_1280.jpg,https://pixabay.com/get/g4c5c4e200c794e96baacad44addf25d6529e5b0dd2491889428eafea31c22520578b8578bc953a2f00ced44e0fd2058988b3c7bc9437991f8ece1efa2c1e4cdc_1280.png
IRONY,incongruity,irony,https://pixabay.com/get/gda4a328816f40898d53d94fdeec7f711875b10019478ecbcdf50a9d8c1d57257cf5c58d2401d1975b4d6c3460d838267770a61a15853624cee77cf7148f03921_1280.jpg,https://pixabay.com/get/g55065978bf77922a9af99a24818eec6cb16b78d2dfbc47342efd1c9f19a1d3abba5586e92df8f4a3b06156efc1616e485b6c6afd67735834a634a050ca4b390a_1280.png
IRRATIONAL,illogical,illogical,https://images.pexels.com/photos/17691608/pexels-photo-17691608.jpeg,https://pixabay.com/get/gb877ab8df067770820b6dd6641d6fea6c6d4057c0988f397b69385f64291aa42294b286719493ff2005e5623f2674113e407fddcdaabec512ce719c6e3084a97_1280.png
IRRELEVANT,unrelated,unrelated,https://pixabay.com/get/g23467197e714456ec16b4088f460ba14670ead0530071ac8b17ad0ecfc02e586312bb428294d9d8a1d0fc3fb440dd87ea812b414bf80d54c20e8d6435ce28847_1280.jpg,https://pixabay.com/get/g15c1e99a9150f7e824df598c91952fcd898a44b0ef60ab11005d0b5158a5877ce2aa9738310cb329e1f88c56be24d773fef50556d4cff1589da9b046725f3f43_1280.jpg
ISOLATE,to separate,separate,https://pixabay.com/get/gcf5c04557f91ccc6e5576be58edea2d187ae8b5570ab8cbb918aa5be609a1831026ea25208cd1a9e3601303767e1f580be95146a5ce890615d0feb54dccb6e38_1280.jpg,https://pixabay.com/get/gafd02a740919f3b6d4ac693b7db59c0c44d4310815de630319398eabbc9feb8a06834c670524403f6cf4a7b21fa7385b85d094772bf5bbc98bdfc07c4d0421f5_1280.png
ITINERANT,traveling,traveling,https://pixabay.com/get/gdda9c4a690c5ce7ba6ee276c887a1d53b176b64dc52f79d95005eed1add340902d80d9d8b12d4e02186005236b1441c4273eb03f712d2701639f56a78019c1c1_1280.jpg,https://pixabay.com/get/g325103bb3d7b1a28b4053ad0ea21f4850e7e378c1a323d6e5e8c88d5cb89825f41c49d7971723d4d6b27e6012eb3fb282b4ddac725a190d6b21409101bc92910_1280.png
JABBER,to chatter,chatter,https://images.pexels.com/photos/7473044/pexels-photo-7473044.jpeg,https://pixabay.com/get/g3cf46ce85d0b7cc1d9d3acccb729178ca77fdbef6591adab940a52851cd2aeb2bfcc0b9fe7d8729cfd00fe969a0fc753a62191a99939a550c94a6cbeb3f452f5_1280.png
JARGON,specialized language,specialized language,https://pixabay.com/get/g1b0394657949072ef1f16040153c7da7c7a855f8b5fb5a14eb4471b19770fa1ef8968e974a4ad783481a425824fbeb95c73df8ac22c5ac508a5978d041f25e0d_1280.jpg,https://pixabay.com/get/g153365cc5e19aa0ed479f3db1acb5cc53c670ee94336677a3225f56a23badd08ff863a5114ae935517e33d0c80a669b87a824cb6c5cf3fd0f7345911f60ce300_1280.png
JAUNTY,cheerful,cheerful,https://pixabay.com/get/gbe5c868397bb0adc27ce817235293edfaaa35428c4e7583262df7786fc3ce9e8a451c1c38ef9257b8e47b9b3afae2303528b12bfcbe3c7179f3ef11cc9eb9746_1280.jpg,https://pixabay.com/get/g0b604457696801e09678792253100439f5c07b854322e7841cceebbaab0a6de60361c877d31743f34b2c917198cab263f914f507501d8026aa37583ecfea9552_1280.png
JEOPARDIZE,to endanger,endanger,https://pixabay.com/get/g34f4623c6fe3789d45f837abb4c2d0ef710860c4e98235861f91f71b03061368b85cd1037e34b74b92b2e6f36d70280f25d03a4329b9bb4eec6b988448d3a12c_1280.png,https://pixabay.com/get/g266cca52cd929eb1cf21721ba22184fcd51877f47295ed953b8e3c6d5ac6031c8677cbe03de7f193e196bd0bdd279a19_1280.png
JOCOSE,humorous,humorous,https://pixabay.com/get/g26b8fd04e7b1ef0093181eb52f34b707b379d367caaf4eb99bad684333a90f5b316a626d57c24c230ce89563734a442632625aa195071153be172032c753444b_1280.jpg,https://pixabay.com/get/g41b554410f19106173a47fa2df6de579f0b2a66198f64368c5955f0a7ecb710be1b5f93dd29e8a20681bd3311c06d5e90b1248a1b484ac13a9406953959208d4_1280.png
JOCULAR,joking,joking,https://pixabay.com/get/g7bb83927e9664489ce96758f2a68aa753fa891bc035a758ef90322ae31ccfc7fd3687bab1e19a68a50ae6041481ea563c90a46ebcbae7e84a22029364f0095fd_1280.jpg,https://pixabay.com/get/gce057490330a8a99e224099ab806000f0048ad52e878b630ec0fc80bf60492af684ba0e92eb3e5c227547dee72bc9e736ff9524ecc83e512e9b86551080ac1b7_1280.png
JUDICIOUS,wise,wise,https://images.pexels.com/photos/19399318/pexels-photo-19399318.jpeg,https://pixabay.com/get/ga0b192e03dfe51fde17ae9c149144b77501327ea43c740d1cefe7fc5ec92c2c158b579515123bbcdc3764dcd2539faa86d27e27083dd5ef37e520c675d266d3b_1280.png
JUSTIFICATION,excuse,excuse,https://pixabay.com/get/gf5dbb7a5befc6fa96acbd0f8da835c392b24ca5d00254f6c02535870761c46a5872c2e01cdc9eb6353fb08f92ffb623fc4c7e1759002e47d255a54728e2b6017_1280.jpg,https://pixabay.com/get/gc31a3f958d6541eb1dde7ad6039de63930f25be67b2ad24f6c61df9aa2f0a2d2b51686410385363fb23d57ed44194445_1280.png
JUXTAPOSE,to place side by side,place side side,https://pixabay.com/get/g5d70ecd05e76cbd6b5a1a0bff3817ea53ec6d77ff051dbc61f9d726fe2ad8701372ecf5a6e1b92cfb66283c004ad44b3147bd9825be97ab6eced236e087db07b_1280.jpg,https://pixabay.com/get/gb80aae69d5ff3414a48df053d1c31fd0f34f37f46d66b8a56f88fa15f708bb57b88773c45fc56ac15afd5d5c17eaae3f25e45587b32fdc0a9da25dc71d650c1d_1280.png
KINDLE,to ignite,ignite,https://images.pexels.com/photos/12102394/pexels-photo-12102394.jpeg,https://pixabay.com/get/g2060109772ea760906012c8e00ce38c5f65ee9e063ace6cdd61f040541545bda5a66d9ba61879b3be0d8f8aa3e21b31b_1280.png
KNIT,to join,join,https://pixabay.com/get/g8d974da98570c848593608b9f2306a50847be9c9e5e1568278b8a4baa04c0c5bd2a1fb649fc5132b137ccb857a4a2953_1280.jpg,https://pixabay.com/get/g3a2b61caa5c185a36a7ac4e2325c434c1dd7decb321d1eff245794e9bc3ae36b576e8b26f032b91a58d53940d3ece2d56163680fb9d8dc2cae9c9075fbd1e2f4_1280.png
LABORIOUS,hard,hard,https://pixabay.com/get/g8a16c7fe1e9ba79a1165a7f39e12d4b9dc3beffad42575d2c1ca1c136c0544108e52e34c585d5b867f80c774d0256de69df326006b7cfd7baf2651fa65417dc1_1280.jpg,https://pixabay.com/get/g9814c4534fc3cd77992e92ee0ca04a1f2164bb22d2a8f2707f5688f5cfd93acaab2d3d5e50a82a9870bdead903ad162eb4c8ca2e08952ad28a512f6a92a1f3d2_1280.png
LACONIC,brief,brief,https://pixabay.com/get/g1143dabe3d0376f4ed011a016509114da022b004c84798f6a2afeaf0e447d1171e743bc7a823633787bfdafefa59ac32353a4b9847cf644ad677a5755276452d_1280.jpg,https://pixabay.com/get/g0e56844d402d12f77e8ada3f2a4342b3dec76a02ca03ae2a0c4ecce50f24c8395e3c995b23a388dd731a9be9776b0d9ab10ba51fd0111ed10db77a1e9d971d10_1280.png
LAGGARD,slow person,slow person,https://images.pexels.com/photos/29039075/pexels-photo-29039075.jpeg,https://pixabay.com/get/g25b76925946abbbdc9b70377bee47ef6545aecb01f54ef8e36f3a26d5dcc73e6c5b87910af31adc017e3862d28773878836b56e3e086b3c2b2063a0d3de9c889_1280.png
LAIR,den,lair,https://pixabay.com/get/gfc41991fb325860d6ffa32c1888bc045a51146e2c7b57f01a68b8664c422cd1476f5b3de6ad5947dbd79324d230cde1cb1056fbba34ea8205fbd2b49ea4ccde0_1280.jpg,https://pixabay.com/get/g35647720f022ca5ff8fa2f5771bf60aa2d9bbdcbe6a2fe313d96db3ece9f5407b7da772c84deffcbe77cfd4399157ec674056f8b2a535122be54828bf20a6d7f_1280.png
LAMENT,to mourn,mourn,https://pixabay.com/get/g36255b6e8d3b24010d05d90aceaf88b0095e459b504afaba90b205cf5079c9357dec3376bbda53c560b062946092e4c24b8c528c2e8249e362ddca85f6f46a05_1280.jpg,https://pixabay.com/get/g3f5ac2a39c5313ab2cc6ead155cfe83432ce3acb77caf1b6624f18ca29d81421553250be348db82eee75daae22d844cb754918769639a4b3b61966c29cb2a00c_1280.png
LAMPOON,to satirize,satirize,https://pixabay.com/get/g4f86a10e09bc5e0da1524c9b01acbdc496ac64546fa585518f6fe7dd5658d91585757f9ab51112bde80cce22eb2b818f37d248fe329c593e59ce9b381dca7224_1280.jpg,https://pixabay.com/get/g742d1cb44cc0d1df80400b4f8d73cd57a028a7469bf3c2f33347333ec27c0b9828ad589daefb635a930c8791624b7ece361b7d748f301d7665e26a765f7574c7_1280.png
LANGUID,sluggish,sluggish,https://images.pexels.com/photos/18625039/pexels-photo-18625039.jpeg,https://pixabay.com/get/g0e9652d3f9788bfc562a3ef18fc0bb948cfe55d8d7655366a57900296070a791d215c0ebcf00783d25ffc5af9e97e28dafa44333c585f901d4f8ccb7efff1730_1280.png
LARCENY,theft,larceny,https://images.pexels.com/photos/27851491/pexels-photo-27851491.jpeg,https://pixabay.com/get/ga0890c352784eac72a981e4b8da858f8d8d9730f5b6be9b1dd203389dd36f0b333850209e1e539611d50f7de0c4847ab44a69725c0dcd50c74a96a23e4de3956_1280.png
LATENT,hidden,hidden,https://pixabay.com/get/gbf6a8f9dde982776a00c1dc6858139e3e71e3d6354d686dc3e8d97e1ae1e82fa96afd41c088467325706ac141682e0fa5e6d4408f5de2813b7aa2b2dcb8425db_1280.jpg,https://pixabay.com/get/gf08e41662d741d1cd62fb58a96b98ad054aed2d53b24df0ba054c57bec89c4bff7189e3d026cc1ebd7bf4b4c862faa05ed8589205a9070f7deed41155db3f80a_1280.png
LAUD,to praise,praise,https://pixabay.com/get/gdfce913c3180b6f67569a239670b34a5ccb39ef9602be8a60e4916c849ecf3761f3b2db21f3ed693052a637a44a0e8360dd125d3b158a82e15920ecc61b56051_1280.jpg,https://pixabay.com/get/g2c96b61ee4505088cf27815d60240b300be1d3ed532ea751d72388614d7e20ae41614562e450e3d65c03d610dbbc26d6f9ba5c2f55e32d76e567d7f240c890d4_1280.png
LEAVEN,to lighten,lighten,https://pixabay.com/get/gc29a89874aa4e02ba2327f2efe93f0e0961add628f28a330b0edd84f9fadf10dfbdc851772d1162411faf5270fc6ae37af26a45eb54250197f13ffa1b04a3fff_1280.jpg,https://pixabay.com/get/g0cd0ec8eb09cab0669df52a46cd14d881a7ff585ba58cab8e4ce1b07bed1d148545dd6988f52fc793fd99187fde90fca1d3cb773ea9ad5284c76e5bfd8272ae6_1280.png
LENIENCE,mercy,mercy,https://pixabay.com/get/gfa89680e6b45cf0709dd194bf71f8e677d0fd5318e5ead5d9e7c1c5abbb2068ac61c15d2abb9fc87a4be3fbdcc780b39fff2d51ed920c294221fa1756a1d55ac_1280.jpg,https://pixabay.com/get/g79fdd020d79e760d34a6617bda52f16b3ebcfc3624cca27df324f8bab748621cf002fb781cfb597f2da52b1108f731299ccb18522a7e515060173b4b812182c1_1280.png
LETHAL,deadly,lethal,https://images.pexels.com/photos/35117942/pexels-photo-35117942.jpeg,https://pixabay.com/get/ge2af3c04963dffda1c3a4a3a3e00b89b16185835f87ae95f291f712b552719c0d75f293d572a5a8aadbb0ac06e7fecb4afe63b6dbdbf33e1a7eff7a095b641c6_1280.png
LETHARGIC,sluggish,sluggish,https://images.pexels.com/photos/18625039/pexels-photo-18625039.jpeg,https://pixabay.com/get/g363b09fc185be2d9b2e4fd085ac19084f1015a832933da2a1acfec3e4e472a94d04291e0b788be9d7684de5087c4ab197d807281bcf830d88aafdd62be18ec7c_1280.png
LEVITY,lightheartedness,,,https://pixabay.com/get/g0a9426cc2082db7301e7dd5a5a19eb19daf7adced7fadf56ab5a13f04e4d2727f60f24560f6b6937d83354c83b6b1b8dd441a97710c8147336d6a31ea70da0e1_1280.png
LIBEL,defamation,libel,https://pixabay.com/get/gb9ae344186a57cd23234759468010bc6d843a671e11735bc42594fb38933b6048dbfe39421a13689ebb3755b214856b6816eb63f6422f6165f833b59bf5bed22_1280.jpg,https://pixabay.com/get/g2d326a07b91122ff83d4f1d4aa09e4372e54995b26c68a53717c4bcf8fac4c9ab53b71d2ee71ac8497032d8cba7fcebfd38b689b71998119f534a7f213978f20_1280.png
LILLIPUTIAN,tiny,tiny,https://images.pexels.com/photos/33786003/pexels-photo-33786003.jpeg,https://pixabay.com/get/g7ff95b4ede81ff519c6d32376ee72b2974f0d68de34a30755a084a2a303c49c657ad13e10ac92bb9103180b631d8b77b8ac69971712b58f3ef14b6fd8125e140_1280.png
LINGER,to stay,stay,https://pixabay.com/get/g7bbc9bd265d1a6ebae5c89f95cda81737ef35d6998c46c80e4f486783ab69aa0ea3029b29d7d419d132198ef308c5b46d5f0355133145e77fadf5c24a9fb0690_1280.jpg,https://pixabay.com/get/g1e83eaa1a5a7ed6a0406fe597c3e6f550030abf3514b829e610a0cd5fe906fd1937327b2c43607f02866912654333d35e3bb3976ec80fd31130edf162a37f18d_1280.png
LOATH,reluctant,reluctant,https://pixabay.com/get/gd567fce1f96d47d3e15aa793b6e6955d9b8fd9f15c37da47cb9cd7880ec2a39572101963a7eca666c4c988d925a9a0a3d2cb53e1402e9b1d3c86df58ed3c362e_1280.jpg,https://pixabay.com/get/g663df98f0ae3336dfc649f165f424360f30b336fab177d2a7ded030614f3eb01006e4f02ac00fc9d95419e64b4e82604203ee36750f5a3159b2ee392e83617e1_1280.png
LOATHE,to hate,dislike,https://pixabay.com/get/g55b9b199eca3e79d2a3c9cf43fb3c21f81067e7c658e46304d5af5bc883464455d01671ed59a193be1431ae62be997b43392e0e51e15f51db09ac3e5949ab689_1280.jpg,https://pixabay.com/get/gaed8d5beb20ac199c9b9f77d1afb723fbc08fbbf9c46f55373072a2e5bfc773e233aaa4bd9d7637b9297d241eaa5952de4c60a0f0c6beb6e8b7dfdc68c7d213b_1280.png
LOFTY,high,high,https://images.pexels.com/photos/18149121/pexels-photo-18149121.jpeg,https://pixabay.com/get/ga0b09650a6c064fe60a6d78cedccdd1cffeba87e752815bae4ad35b00a9f5ff30ab6a0c9b385987c951110e95154e7dd_1280.png
LONGEVITY,long life,long life,https://pixabay.com/get/g75e9abc6427fa62c853a4e86a96fc34dfd3a007e3c5a1483dddbe5f684302d1539b4b177becd692d390a7f2f5ae6ff49e2f18d241a3c5c3a2dd84c1bad945996_1280.jpg,https://pixabay.com/get/g981ed08c706ac9e4a829135f2e4620f87c5cc5c76ea9e71236a66a54728e31969ae60d40a1ccc11565ba88d77cabc3dadf505af0c50cb754abd2614e52aee8cb_1280.png
LOQUACIOUS,talkative,talkative,https://images.pexels.com/photos/32026822/pexels-photo-32026822.jpeg,https://pixabay.com/get/ge141fedd9f6a2ea012dbdc879a2987fa86a08989a7e8f65468fef83ef601248e19a2d817dbb5d0b66019bdaf2d06b43d6ae1677ff0e5fc5281ac1197e44ca937_1280.png
LUCID,clear,clear,https://pixabay.com/get/g5bb5413aa7fa47af16351bd95bc5b543b24b3df4a7b69b062f31d789dddbd0113b0ab7fced4c9a83149557d88d9ef8c8ec943eaddd3509bf5645cf0e5f1b0cd6_1280.jpg,https://pixabay.com/get/g62c8a2f11e0e739d3a260a6a136f685ed4b8c914da5f1409dfd96f34033c82ea15898d7f9fb19d1c57b7ae5d1b28b54881446a5060cc52b55b25125f25cba4d4_1280.png
LUCRATIVE,profitable,profitable,https://images.pexels.com/photos/28552621/pexels-photo-28552621.jpeg,https://pixabay.com/get/g60ffa126437c187abc16c9fc41b8d317a4977f31afcd0211cc4f5f759913b68701b0eab6196bf9fe806ade72d35b52309031f50d6602efae618d6df55babc3c3_1280.png
LUGUBRIOUS,mournful,mournful,https://pixabay.com/get/gd6eebc0726e1e071c7738afdc50878739f6daf46ebb4d463f12445d20fa871038d1846a6af2988463827e1a3167fc567c165dd5f597d56c8e14266b2775b3960_1280.jpg,https://pixabay.com/get/g54feb62c0bcc0f8bed7d6d353652141686062a989aab50a7e1c402d3dd6a4b45a36df3a0fe83ce48a15b625d419b430aab16f1ba4281c8a4732276cc984ff077_1280.png
LUMINOUS,bright,bright,https://images.pexels.com/photos/954539/pexels-photo-954539.jpeg,https://pixabay.com/get/gfe1f1541eaa55807dfa96205590195e1a322fa0032a6e809ae33f427667c196e0fb37e563db72097f8f12ada90fe6bc970f06c3a72d1b8ad9fab3546ebb568d5_1280.png
LURE,to entice,entice,https://pixabay.com/get/gc0d97998aae2db3c33567a2ff419952221ed069581cf2af869554e23de106a9c3615837e32934c4d53fd577e16c82a64a4ed38effac254d613f7cd4fb3c044cb_1280.jpg,https://pixabay.com/get/ga53702fe410635647adc14cc96de34f437b6b8e18ab05e9d28ccd487338cd864189fc10a187e18c186fd02af11bf2670b75c3fdfb3311181cf4e00f1f2929c0f_1280.png
LURK,to hide,hide,https://pixabay.com/get/g270028c8ddeb1abe1c697768b670cd02394805c7b6d024eb030bd044999eab02ee55b3f019a16ac3339ccf3230cc08dbc319902514ec802ba1f80d76c82dcdaf_1280.jpg,https://pixabay.com/get/g350a83bb26a1eb9603f50b6e5a5c6dda2f9aa39e3270ffbcff38bb3003abfcaf34bbc8525ad0159bb796f11f1ff87fa5af0cad2a67991294ec08c1c04611427b_1280.png
LUXURIANT,lush,lush,https://pixabay.com/get/gf1f92d23451bdc46b3b7628f6d5430ab4fdcc9edb2990910f2da3146c2c4688fa0422628c5de295dac0153f88b3cd905b52b0d4625934028f190a7f2bf8883c8_1280.jpg,https://pixabay.com/get/ged07d16a776e469be29aad3e555e54e31dc2533380c523a19a2ce414979c2085d5f173899a2605db4506cbf445665f1cf7733ffa37d41e229191a737421007a7_1280.png
MAELSTROM,whirlpool,whirlpool,https://pixabay.com/get/g9a2d9466ee89f7275da609ef3ce9470d648af75939bd62c0a39e2c1285315858c68036053705e10ae19d2ae891efcdf8ce52399f937c1905a9e32fecafbc1f4a_1280.jpg,https://pixabay.com/get/gfcff39a3521201cb41945a643423b15c209647f2a5c10a0120dc7162e7281fee98779bbfb091479acebde5470019236e89158d94f05ac794d43a167aab1089f8_1280.png
MAGNANIMOUS,generous,generous,https://images.pexels.com/photos/28589009/pexels-photo-28589009.jpeg,https://pixabay.com/get/g46e2cc9a602e3324c43a1e8ecc6525af8b1c217e736d0847626aaf2ab8bd4c8946684e270360e81f0f1075c953b91a95d1d7a56ede616e5fab7c2f169b17387c_1280.png
MALICE,spite,spite,https://pixabay.com/get/g38eaf8ad0966408d7138ea2a43751d87f2074431c2a506c082b92d83941293a9128c43ad3a409a2ab2fa0531f51398ba2e79a2ed46ad91e410de169007acaa93_1280.jpg,https://pixabay.com/get/g7e21f5c7c609d6c57f6db64b7354d259da64ba74ec28d42ac21997f3e6d4ab52e5f7fa22df7b922e30f6a0385d38214a03a0af3a964675baea18cd776c2c7cb4_1280.png
MALIGN,to slander,slander,https://pixabay.com/get/gc1f6b18c84ea4b8310888d8a138b4a3ddd84b224e1bdc2e03afc30cbacf4de63701b5d1bb2e8f9e4f724b6da9ef5e709c9277b1bd2a6e13fd7f93ad49afc1586_1280.jpg,https://pixabay.com/get/g7240d2ed636fa3791265c82ffc5abc3f172160e4843042bf4165b4b4fded7f074886401ce218e8375b034e4b7f4064da5ca8002720345a1eb37202bd8484b904_1280.png
MALIGNANT,harmful,harmful,https://pixabay.com/get/g378224537cfdea6272647bc5ac89d9298bbc82c373e03982a0fe3c8b8583a6fc0eb3de38fc007f5e4ff2db53bd19caa900f699c46fc90bacc7657ff9803ac7bb_1280.jpg,https://pixabay.com/get/g260a070f9c2d207cd9cb44f77f89d866aef809ed2f053a7e19633f4ad833b3022febbc24ee043422a0e5e737231ee06059352c8b990b012541936c42011d3175_1280.png
MALLEABLE,pliable,pliable,https://pixabay.com/get/gefa4532dfc494272ccc532b3411bf789bcd9ce8ebcb082b602825cba368bc15430faba0ac033339e69a1e74b9e605d69052ca0948e853d54b2185ff16e6da01c_1280.jpg,https://pixabay.com/get/g9b85ebed820b2cb2aab262c21e7a6e7053350f7bbbe5607a78ae419520490ec19ca7c5ce5696f28ea5fbcbf1aba926cb4912a734ca47ab225ddd04f5c0d61e45_1280.jpg
MANIFEST,obvious,obvious,https://pixabay.com/get/g62e0ed477f1aa32e9dd26c7e5a3aee5bf4c45c7e6e30b966dbf35aa1a543576b9f5558830b0a738a4dffc3092cdecdfa95baeeb16227fcf4a043087dc9468636_1280.jpg,https://pixabay.com/get/g56a40ad653c8912965ae1cf366e8048c0ccf322ecd1aa74159f194f5415778c562f0882641fc5136cc4be634c76a6cbc1ed610a9baaf928e862affd346faf03a_1280.png
MARKED,noticeable,noticeable,https://pixabay.com/get/g25313f7d2fb41bc951c921602541998bcf5a3a9062800671439c8734e8fd5b8419f2de4afed3a28e475bc93ba4cf64246b5af61e73403e25aa959d232dc9e726_1280.jpg,https://pixabay.com/get/g35614cd1c29420d3016ec977b1213af0b5e401636a96dac5129012fd0cc465cb00e7490402b58f7a1cbd2d28412fc7be11a7d4b3fe09f6ab898cc92958360a83_1280.png
MARSHAL,to organize,organize,https://pixabay.com/get/g67bdde2c3bbebc7b08f2881304d3ea106c4ea2de661e7481261beeb9557aeddd5a55019b2150e94cfa4e60506083ec2ae19d444451beb50297114335d7d53f81_1280.jpg,https://pixabay.com/get/g627f5e615007af7adfb8b43bf5c09deda09b434f9eb0ef8022c0b99e25450b51d80fc60379a10c4f3adbd85f43057a76d9acca87a035cde7ed262876ebf556ec_1280.png
MARTINET,strict disciplinarian,strict disciplinarian,https://pixabay.com/get/g24de5b33bc3cbb12d808d716370791c7afbdfd5a46020c0f56e2ee929937a777e8fced18eefb8db5118e99c1b2d1f40523c66b2d305503965d5044cd48760312_1280.jpg,https://pixabay.com/get/gdd0fa3f7033d01854c8cc0de144e12666d50c9880138cca4fe676e9833afa67863b228aba64334bbf272d0d63355f2523a9f7a005eb4d04e0b88332afb4cf5c3_1280.png
MASSIVE,huge,huge,https://pixabay.com/get/gfb1aaf4680b1b8d795f0bb96a9bdabf818d01be05357309d61bf45302db210bcc757bbfc64fd7a67cc04918fca592e13cc65a607e642689778d9ea4f22640f6f_1280.jpg,https://pixabay.com/get/gde9c0ab6f56dba1e661ed709313ecef3cb47c02f5e962c7b9588cb2278eaa7bfc5fe4bbc40c76967a109ee26754ceb3853af48ffb3237e4e309d05ba9e9e0827_1280.png
MATERIALISM,focus on possessions,focus possessions,https://pixabay.com/get/ga213667a3e941a5cb378d3730893ce47be1e323a435b2c64744f7271169842522faaa189d050fdc9b468781e610a40310f6cb9f4d3d644fd45f3c6e3ef2e2c38_1280.jpg,https://pixabay.com/get/g871428a78ea4847dfb5a74b3e9e1c20130e255a51cfa21f5a7f6af879aee75311a29d606ad661a4454bf9444a846b7e41747faed8d08fdc8a396ba09d0ca4315_1280.png
MAVERICK,nonconformist,nonconformist,https://pixabay.com/get/g0f2367a02c270155707fa725dfb602461c91bf9e471206af0e3808294bca9849390439d66ef5e1b7998f6becc2c5320a1ff3486cf28bfa9aa07c29faa09606a4_1280.jpg,https://pixabay.com/get/g659ca74f5cb2d03049db40b4b66fb27ba89ddeb748af41250b4f2027e78a7cd1b1b609d1fcb226d6fe4889bb7004e9eb9d9dde60eb2036e7a57eeee0a1ed6e67_1280.png
MAWKISH,overly sentimental,overly sentimental,https://images.pexels.com/photos/14466162/pexels-photo-14466162.jpeg,https://pixabay.com/get/ga51db248ca9f2a7ea67f59f7161fe218d28ca588abedd702bc56b5740f4b846779161ab1c84e89d1b8e52d0120a0848bbc2e3436534a18c8ce7d6af4b159c10f_1280.png
MAXIM,saying,saying,https://pixabay.com/get/g5b8ec04c3134d6985aff539b9d369b0611a0a7788e281a242b360614212e273c04ee7cb6fdd99183afa1a11e9bf3c35487337ffb4c2362a1d75fe1d311a9fc95_1280.jpg,https://pixabay.com/get/ge455dc7819c3bf8ec087f14fd392383dcd11af9e5156ffa7c35f6dd2fd5774fbe8d58324387aab26f183f566cc63e4d9fac41761ce706933fe5dce68425d042b_1280.png
MEAGER,scant,scant,https://pixabay.com/get/gf3a448f017f0c73f1fbee9fd7f80a781d6b55d111d1fe042592d9e2a1303f4a1cda622a916605efd58f4f7e1a26b7ad96a20b10a6c37e8ea5a7bb28b99eadb5b_1280.jpg,https://pixabay.com/get/g30dd8a3836abe0db6593535656966c1daf1d8f72ad57d3103b1b02e2f470b0e13b16afac921ab5cf183acad292a95943cd11c383c357f5ea2a9efe5d2e585616_1280.jpg
MEALYMOUTHED,evasive,evasive,https://pixabay.com/get/g620307d22761ba3c5b6a10f97044fd5bec41e87d3bf43029dc4b8334c9ad13dfeb69224c1caea47c7f9087e93802f75a098b4f319fb6d971630a5824a00a4838_1280.jpg,https://pixabay.com/get/g67b101c92f1178417f54934fa662068b0803ee1a57a53de1813eca83dc1481b45c6591cc94909b6c760c598e3e171b62e5da8450e538ee4ed3147579e6aa40a0_1280.png
MEANDER,to wander,wander,https://images.pexels.com/photos/27616792/pexels-photo-27616792.jpeg,https://pixabay.com/get/g9e9d36943980ff96b166f0918499013afca29f905d8058698bf53b7aeb53849c6681f7a6df735aadbd3cfce1711f8b5b_1280.png
MEDIATE,to intervene,mediate,https://pixabay.com/get/gace1e6dfbe8a9345d46c96cd9107e9c2947592c9fcb08cf899ff24280a5d489ded4eb0b1d6440acb4b4a635e8e09e999877ca6786bcb1f0202e4fcb0d702202c_1280.jpg,https://pixabay.com/get/gd1ac1c001452d2de6a12d6d5b8a1c8ee7d80325f1e345f07a8e72506146a9245fbd52fc0628dfdf3afe8ce2d9163cd73095ca7a6b4b5652b65bb9edcd9e87711_1280.png
MEDIOCRE,average,mediocre,https://pixabay.com/get/gc4af63860838d870f538cf39716eef4e63e0b468940c951665f57c98519e122f4926b70b65e546bf1d63e76125b0b8063568a9b23cef13e3f042266973b6c311_1280.jpg,https://pixabay.com/get/gcb04779ac04eeae4d267f475c14814fe0eb96da997674c25f11cf1bf86a0a76e81c1b607d4ca02244c50940d0fdf3cc8648a8a10ec53e1e181c70d24f947aecd_1280.jpg
MEDITATION,contemplation,contemplation,https://pixabay.com/get/g9ff6383cbe280924f27b3bd0c2c4ab0920b0d71887f7706bbc86bc85d6869f82e812e5d19bed76a7db86c1161545b52c5d2cb36fe4d2cc151ec6e21a40f08591_1280.jpg,https://pixabay.com/get/g575be93a7ea72e9eb56bec331eb7d8db37d85bd466218ed8b0b9cdec9d3c599961d113e708b2efcb86718608d199c2e227ee0c72b097640bb6d632a99ab7df66_1280.png
MEEK,submissive,submissive,https://images.pexels.com/photos/16619723/pexels-photo-16619723.jpeg,https://pixabay.com/get/gcbcafb3070b07badb57196ee6e51bddd96b79d1b584abec448636f16becae632ba6adae243b094ad812b4f04e15b484f6c81ebedb3881d6a3d83506cebae6edf_1280.png
MELANCHOLY,sadness,ness,https://pixabay.com/get/g808fbe7898d8bc0c0b22283aa2e1c7f70a91952b3185c50aac8f621fa0c0d3411f90eebbdc4d9cf55ad34c45ad9896beb724c4c7cea42a5a6c656b5381144cb1_1280.jpg,https://pixabay.com/get/g44f7d2429fc5c689c0df670e7e3e5ff085d90eba92e3cad3f4ea9b30ff5da9ec7ef9086222ee29f97c8add8a1177e75ff3edb6b6e5bc97c7a37f85af2fc269fd_1280.png
MELLIFLUOUS,sweet-sounding,sweet-sounding,https://pixabay.com/get/g8d387e98e356d8c757b586a8fb685483e85833f155ced1daed09ef016917df213064fc56283391bf81916bc23ab3b4b4436163722d593787894dcc1a555b4f52_1280.jpg,https://pixabay.com/get/g6ef21a3edeef8668edfa483984203b7e4098353d7ab1657e2bca6697821699973c554d88edc99a5cc0e570ce9fb2bb1e821096063af046a22f499b06b9eb081a_1280.png
MENTOR,teacher,teacher,https://pixabay.com/get/g3cd17f70e8423fa0393735969b4ba5e1a9369681396edeb25379713feb8086621fef2ad4cbf16cb306c6a690222a75898241445a2a280dde91d2bae284070bbe_1280.jpg,https://pixabay.com/get/gf2a544edf07688aabde9e4612e07fe76dcf2435dbcd2212d9a5e5f68db4649562076ddfd3ce6255111a040993ead619e34932ca289098afc9dee616b1d502b72_1280.png
MERCANTILE,commercial,commercial,https://pixabay.com/get/g6fbfd725f56a6785c9e7fcf1daf6a5e2da83263a48960e2659438cf608d4cfaf56f906141da5d7ba386d157dbd6b13611fa90fb42ace749c0ab12ea2fd892bc8_1280.jpg,https://pixabay.com/get/g65b8e73b17e805420cb25786317cbe4be2adf0c4f5241b199637616a166c99ee432d05e479e9a66a5450619d4f2b9fc56606cd11c21e993bd2bece7110610e28_1280.png
MERCENARY,greedy,greedy,https://images.pexels.com/photos/36591545/pexels-photo-36591545.jpeg,https://pixabay.com/get/g4d5b2a50dde550a465d49604d7965ad98cced0186faef9b294774ffdd4425d565f668bbdfec993140d18641fe425ddb2_1280.png
MERCURIAL,changeable,changeable,https://pixabay.com/get/gb00a819b5b521f8696c95f9244ee8a9734158dc5cd404e37915dbe44eb776db53669d1055ba057ab48bfb1c0da067508d63909f058cae69a371b75e5fcea6cb0_1280.jpg,https://pixabay.com/get/g104e4e8c745bbad7231644afd2131a51c691b5d572ab7d2506385cf9fbce5fbdb863e6f25ae69976be3f2f254234fe10cc7ec9e1702b6ed0c1c0a28725639df4_1280.png
MESMERIZE,to hypnotize,hypnotize,https://pixabay.com/get/g1b9d96394f407c21785a97683929bf6cffd5f0ebc85e8aa392b76bf66d9ddd37128d60eef0e5c4f68a72ececed1353b556dc992a7c09f4c1d261831bd5276351_1280.jpg,https://pixabay.com/get/g352100d06500473258ad4f357f996903e616a9dbb8511126864a53042aa22c91bd009ce2fd10fd1f633d3aa4ae6b0d6a3af12d72e590b984693115276527110d_1280.png
METICULOUS,careful,meticulous,https://images.pexels.com/photos/7448281/pexels-photo-7448281.jpeg,https://pixabay.com/get/ga955a982e51c3ed9d1bed1222b38528905c09b20a4351a30b843b6e73b7b84ecb465442951bb4597d207d7b0a3e43e9a_1280.png
MIGRATORY,moving,moving,https://pixabay.com/get/ge54f67abdec55397d1fd3d014bb701064072ac5ab29043cf7cac940f2c51b00753d34ae34b89e50c63d1c06a63973f83f6f8e0456ba87f6cb0f958a00fbbbb24_1280.jpg,https://pixabay.com/get/g7114fc499704b445a7364941538614cd793f0e1b22906e932db5eb3a8cc988f36305bc6b597e8c78f96fa09bf7268ad3361bba23655056aed7e1f54090631ece_1280.png
MINISTRATION,service,service,https://images.pexels.com/photos/11116153/pexels-photo-11116153.jpeg,https://pixabay.com/get/ge329864592898bad2e17041c80e9ef3d6862b735ef746692f7d1b547cd99e55ba607e7eb49e38f48b2953659531a4e9a86b3ad61a6f8a39a2a2a5610ba50587c_1280.png
MINUTE,tiny,tiny,https://images.pexels.com/photos/33786003/pexels-photo-33786003.jpeg,https://pixabay.com/get/ge869ed09db4ab80a70eb2b123223eb613318b78f12a89d44a64ebd27d8a0bac7cc113b40e17cde83471a5049fe70e6d61fbf03f1e4647b357609e3c52c63ca95_1280.png
MISANTHROPE,hater of people,disliker people,https://images.pexels.com/photos/16308806/pexels-photo-16308806.jpeg,https://pixabay.com/get/gc07ea96a0fd33447774730a1be657f8e403af7ad3c7681f5104a37d1bcc4c95bb5c40daeef117aa543337e0c65ffa2689fa75e9c7c3cb3321205c751e1a9b74a_1280.png
MISCONCEPTION,misunderstanding,misunderstanding,https://pixabay.com/get/g1b3f2f9f9d0edf9a7dff6cc1e84ebdf02ff32af7823f0579faa3e229723df287e0d0dbe7f74534c226ee9ba2c2246cc3726757b60d096bedecd55e79ac508fe3_1280.jpg,https://pixabay.com/get/gea3bc3e3b5f1c1bb97511fbb9b8ad83017fb1f0f2af8808d71a414fc135fa61c2efb3878d358ddde5076dd542fda0333743a62ea70939e0ab3739b54bcd05f17_1280.png
MISCONSTRUE,to misinterpret,misinterpret,https://pixabay.com/get/g684c885bbd8066a4202118ba42ce48b3fe580b8edb21508dc76bd51cb19dd567758942c37fec25155c7ad994fb6c432ba3707eec6336799b52415822cc324b8d_1280.jpg,https://pixabay.com/get/g15f0455c2edf82cc5e7f318ef3f94f5f08b5e5fec653fae89d7376f64557f23f98da4d1650e3bd3ceacbf6c8a4b07764f113cc4a94f978139f8c3d17758e5487_1280.jpg
MISERLY,stingy,stingy,https://images.pexels.com/photos/35154384/pexels-photo-35154384.jpeg,https://pixabay.com/get/g21d22f4e8cb8df7bc82f5a66d0f3f00221446231863c00702f788c44de4c785641993de7ee078744ddb8540f4aa4b189_1280.png
MISNOMER,wrong name,wrong name,https://pixabay.com/get/g11b61a4cd6770a2394bcb6d4fa95b9d94aefdf498b147e58a36adb16283700a10270be50d1287925f1a4374e5a5b81dd44672955963bfe934d262f6e35c355a5_1280.jpg,https://pixabay.com/get/gefbba16bbe6d8cf8afa4b62594b3d327fdc2efe0d32a24dc1c602ee958806958ea30553f214016ab38ce82c49450f43fa7601e2fe0e96bf02655a6f871a25d36_1280.png
MISREPRESENT,to distort,distort,https://pixabay.com/get/gffa1c9feaa6340486648bdd1bd594f14d248402242f2c22f92ac3d5f34ca593a5b9b396391f85adeb7cd692e46352c85c48ac6d9e420f0faa01ded8350fa16f2_1280.jpg,https://pixabay.com/get/gbc7be7fee0e42032b566e5fa316fb55ea729a504396fc4f6fa9aef56697a445bc2f99745c2de2fdcef92f6b483eb7e6ba9e821c0eb3b0886547f47a89c754144_1280.png
MITIGATE,to lessen,mitigate,https://pixabay.com/get/gd07d14cd6711bfc2fe95cb47b5a76cf9cd6a813d4182ddd3053550e00bf6413b90dd72263e5bc2c4cf01d88f006ad07ad59e8fc4ac0aba30e2f430d1dffaec6a_1280.jpg,https://pixabay.com/get/g7734e39099994f16ed1f272a7408e637dd3d6cba28218edb05dca7de1f0848b0a24bc5dbc5891cfad0b2bbba3ded98abdaf891998afcd8310ab9a55b966b3d39_1280.png
MOBILE,movable,movable,https://images.pexels.com/photos/13515752/pexels-photo-13515752.jpeg,https://pixabay.com/get/g9901a8427b406a28c80496c728f025bef6d4c00218c7a122574fb8a67d3add75798c355fdf8ea2af2ffadc0fb4df86ace9daf6ab35ed628e5cd87afb7fca3da6_1280.png
MOCK,to ridicule,ridicule,https://pixabay.com/get/g14f7cd27123d25e626da8cb455bd61559fd85a845ad83367346ef181e4aebf9fd83088d479a00ca53af8ff3e70b6d1bcb2a70c8d54676ab6fa56245a4534c085_1280.jpg,https://pixabay.com/get/g51617fc7def6a4e36d04ce849fdb54eee193ed6699df6ea7c3f582ce996635db81afe738f9d9901e2a4d987855756dc84722e74388001c6dae87726990001b9d_1280.png
MODE,manner,manner,https://pixabay.com/get/gd63c6d1573f6b340670d15867f5125a1a59c04edd4f5e6d36bc12a1b0356293aef2f91a301ea8bba9f080547c19d1f9d6ab19f4995f4d5b0e95976c39a40a5fa_1280.jpg,https://pixabay.com/get/gac65e5599826acb87b8a5d03c815ce73a8d24e4f23daacef50e14ae2b9f5e62e786bc22362533398733e0cbd72ea1abc2d6b0923a5b090dc4e89c19dac97678e_1280.png
MOLLIFY,to soothe,soothe,https://pixabay.com/get/gbd3dd93e1e9f6a81c2ff907a602a263190c7892b9491721388c610c683429933b6ec7528f1bb290c408152cf7355363a2cc8a35a0597a82649752732479ddd2e_1280.jpg,https://pixabay.com/get/gb5c272faacbac6252c2d48aaa0c6f8cdc0e8ae4fcae074c0a812fc6601b97c5d053923c73201f00cb1225fbba29e92f9d2a16289c5b89ab507200baa460881c2_1280.png
MOMENTOUS,important,momentous,https://images.pexels.com/photos/18644503/pexels-photo-18644503.jpeg,https://pixabay.com/get/g8e7e2727bcd4aa30a6c1f7a5f3a4c366a6a5d305314e8a64e04ba6d82a33793f3a29d08262b92dcca24c640c683834f98c2a842a74d6b75ff15a736bd13b840b_1280.png
MONARCHY,rule by one,rule one,https://pixabay.com/get/g62261e8332096d3f271e93799da1b39c1e17779d928ec0c0a2318360322e57af604163134bccb23deaf41c3f257e0bb989b647d4e199d158b33c566f14596782_1280.jpg,https://pixabay.com/get/g5586789e39b067a8b373371368194a5828e152de46a6ecdfd91670b8710be4e04a0a0b5c4d969f0f3345a6677dcf9ba9f4d937118e0e88c9c6f7328fb44a7930_1280.png
MONOCHROMATIC,one color,one color,https://pixabay.com/get/gb8280a594ae841681e4582fd637ff787ce37269e4ad65e3332eec699a857922dedacffca97912204f1619e22ac9818d97ae044f917c3ed8a56991ff248f4b369_1280.jpg,https://pixabay.com/get/gc1eafcb384b659520236ff20a8d7085afd7dd3973487a39937c882638715f6af8ed3528346392e0bd6a6fe6ef27fff04be76ea1916c3bbb0b314f851fdd2ac92_1280.png
MONOTONY,sameness,sameness,https://pixabay.com/get/gaf3ff8557ca142648e4e0ef07619bf40bc45e07d175b69500185dfdb764d21dd2a1733cb6aca27209cc641263f4eb97e01d30601651ea916a32f9e4de68ecf4e_1280.jpg,https://pixabay.com/get/gdca8462bc0dc5e855353518f88c90f045b115a6767e5bb89f827db9662a6f370b2a0b82f7e4e2bbe88b60a3c1843c64bd3a0c15fcb8c952e4e8d1951b4cc52e5_1280.png
MONUMENTAL,massive,massive,https://images.pexels.com/photos/20493641/pexels-photo-20493641.jpeg,https://pixabay.com/get/g0b681a0f21ea132d78e2ad21e7ee75ce6505065d025a160a0473256af18d11ba216e15beb77e366099a3565ee55a36f11cc9b58ac09181f54ab34629a8feb61a_1280.png
MORATORIUM,pause,pause,https://pixabay.com/get/g1e278bc978ecbcf54124ea35b2c0d1067d00e647d68967eab7ad376673cd42eef6e7389d9d3c5f0c44a08eb79ed6a07a6a50b3e779e7f171d5e7cfd85cdaa443_1280.jpg,https://pixabay.com/get/g080263c885e958232e452774a1c10e964b3ed49746b370815c8ae88d7fd9d63ea6220a80fb94ecf6354587ffaa1fdb815a3f0ea95b20cc3b785e63ce5be0b233_1280.png
MOROSE,gloomy,gloomy,https://pixabay.com/get/g158db98c4ae963be4af5fc0a00e54c9eda61d7876f78520c9845d13f957d70ab7f6e9c6149a324d3d04b024c01cc27e78d851bf7696b2f4d1d3769c3deed6d4a_1280.jpg,https://pixabay.com/get/g1b4ace00eed38fde6c80111fdb5823067c0900a4079015b7bcd2e739e1e46c66748ec1a08b6b514a21f45ee41b43bb412ef244bd92d4de0a99184faf3026c8ca_1280.png
MORSEL,bite,bite,https://pixabay.com/get/g97b45a1213ef9a7d7551c390c7b8ad477cc920f065746cc5d41dae9a36a93454cf5d55f8ddc674850c649666c648cb614a977df58ed66475e380a3cf96e2bbfc_1280.jpg,https://pixabay.com/get/gd4453450f0b4c3b0d791c53bd0b944e6d597f1368469aa922ea8f44ce12b4462816f55e8c2800c3c2888c3f4bafe223b514e5e47c657931103bdb0cf7d9f4b41_1280.png
MORTIFY,to embarrass,embarrass,https://pixabay.com/get/gf19da53c7b15e4e9b75d47cfb5506eac635f306a180afa00c68f93fb3eec85dd00e740c0aebb4181635cd86a618c0b00c5094cd70ebd3307d9698b78794e6e28_1280.jpg,https://pixabay.com/get/gf71a452b6b25aedbcaf4a68020fd53c2d3a6ad6a774594521328a6153fb95bd489e0fad35a3e41f41d9377771577a46f1d1458a882fe949b9c47bd31558fa02a_1280.png
MUDDLE,to confuse,confuse,https://pixabay.com/get/g97992f64621595655c54b1e6e5d821480852e242ec67712208d4901c02677d5990485b6a61bf084cfd4b7ffb6f38494305cc9d97ab0fed93d3abd1a8396fa688_1280.jpg,https://pixabay.com/get/g3a62bc4428ff8df30166d2bb5fa0cd427b09c46aad627ba9c36e0b9c5bb86619b0db0952c5b036f2faa4021293d1f738b7bc0013ba3e6d168a2183dfa24e6af8_1280.png
MURAL,wall painting,wall discomfortting,https://pixabay.com/get/g7e8e6d7b7e9940257a2dc16b754d939832f4e81bd8b750a7186eb638e4afd27daa756452cf7df9b8e153920a02f965b73ebdd160eb8e603084c015ec1666328b_1280.jpg,https://pixabay.com/get/g0b0a53aa1b51e2dc04518a0d3a5776be3f7734edea683210cbf85918e31889ae961f9031e23c50bd5aa1162fcaa8dbe3dc09edeeacc71beb0085b13e46400f09_1280.png
MURKY,dark,dark,https://pixabay.com/get/g4dd94a91ec503c55af5991fb49c805c97934713534ed82808a3059e6d39327b50bf47f1c312a5da6b2854012e6f33863c78b1040cb8dcc935bd0603476b79a55_1280.jpg,https://pixabay.com/get/g9f515c7c492808736d0688b7809c029662d5be17daaa7e6bf2b148bad152b4e369e7bac95b0303529f8f1784307c75326188ad738114efcd39d61fd1316b6ed8_1280.png
MUSE,to ponder,ponder,https://pixabay.com/get/g4a1474504f86013fff2a916387c4f0d3276f6d6d567a49fc7a6187bce7a97b4f3467e71c1b77a3147605a344a25ecbd68bbcf0a870ca2fdebb5f89a5b51fe826_1280.jpg,https://pixabay.com/get/ga2108a6532c8511749043670d957345fa41ea03193f114c83446a2961033cb60edfbfe79672f3dc646814a2bdd0f6745be3e83aa7bf2ec1b94e41127aa2f7239_1280.png
MUTABILITY,changeability,changeability,https://images.pexels.com/photos/12497792/pexels-photo-12497792.jpeg,https://pixabay.com/get/gc4391df8bbd87e564af93a45e19b01e0b31add4e01abd8ab11e2b6141eca9c70dcbc008bdf9fa56887251347dd7864e3c289735a444b589865b279a59b919078_1280.jpg
MUTED,subdued,subdued,https://pixabay.com/get/g4dbc968ba8c3711d32fe1078c0fdad31af8869872ce256460dfa6a996e7c809f341c856e81f5c5c284c44e0339882184dd08f8b863519eaa92f40f2837cd1e94_1280.jpg,https://pixabay.com/get/g2046d2e573bdd05bb8793ea47398ec962f1861ed76528dacc94d91f3467d929ebe743c0a701ca4b947588f9e38e3156504e6b03cae7398f350dbe00385b6b479_1280.png
MUTINOUS,rebellious,rebellious,https://pixabay.com/get/ge0344b9b4e842bedb4f3abe61e443414d26a10b7021f1b3e6e771dfe3ae4f5ca2a4bf0253d809400925767f82f2c8eb440cdc5dfa391c982ad99930eef5a74b7_1280.jpg,https://pixabay.com/get/g179c1f790c3f614c15091cfc4835c5ef07d83b8e3495d50dae744cb6dab58ed10351b9048edc713291a94232310215df54312211647253594ae4e8456efb04e1_1280.png
MYRIAD,countless,countless,https://pixabay.com/get/g543621f37732472bfb5eeb88dc193a7f7d065863262e944d58fe51632b3dfb54fc19ba7f33e69746a9d0077ef0a1376e6fe7b2c3de9f21d5ad0ef93e8efe4ffd_1280.jpg,https://pixabay.com/get/gf1271219bece652ca0773b41e1f807adf73d47a6b664bf3abc52e75ed379c048ae9f9c2cfd744ce5da78735f71a6f427e5c7712a1820e782834732ba2628715c_1280.png
NADIR,lowest point,lowest point,https://images.pexels.com/photos/10311993/pexels-photo-10311993.jpeg,https://pixabay.com/get/g79c5556cea2491b9572407771dffcd19c9cfe496470b336022da375090f617f0c173e80a0c2ce311811f884e131f32025f9bb6d69871e7aaafa18893c2847a44_1280.png
NARRATIVE,story,story,https://pixabay.com/get/g0877c4213a73b88a80f42acd3cf58d211b29e68fded3a1bb51048ef95fb6bf6360a8276ce32a6e1506c4a329f606c5146365f007856990f976b68f5851eddab6_1280.jpg,https://pixabay.com/get/g74399405b065837a8af8b2daeb095023dacb0b3b5b59be85732e466f43ce0624557d4280ca552b5d121244698c6077b3bcc0ad7ddc414b044e4a5f248ef824c2_1280.png
NAVIGABLE,passable,passable,https://pixabay.com/get/gc16f8c1a933937578c3bed9e4d02dd66ddce2ef3c519cd93c6c00cdcb35df27efa3805b523de80c4727dceeb2bbbf3362e2d64d3dc6fff3a8a6ff0590e43f48e_1280.jpg,https://pixabay.com/get/g8abd5bf27c52db6d09984f713c5e6ec6d57e96f74d2927be2c64d5839b8acb8b9a3836ad3d0a4c2231707c555ab6892e149a8c844ed7430b8bb2c591d8a16716_1280.png
NAÏVETÉ,innocence,innocence,https://pixabay.com/get/g985d82cbbf297a3c50aa9d9302366ee2d7bec5f852d77aef46ebb5a0340ca8120bad71461b5e370a259a356b0efb34126fc225eed7a72ab0e6890674b6fe11bd_1280.jpg,https://pixabay.com/get/ge4d5ae1a4207c3cf830a1dfe5a42d181f1153b8261f2b85f6098980aa0f4f043bbdaf129f2e54b4a46694db40df777b0174241ab9ca03bf184e5e7a1a966f53c_1280.png
NEBULOUS,vague,vague,https://pixabay.com/get/ge45d44b1db136b792e1d7a289bc51c3417efd301621eb89e6c4c139b9ff51472afe6e915a5bb5a38124a068930f1bb34b817fbf4d440ccdb36e5f9650c4aca47_1280.jpg,https://pixabay.com/get/g02e850533e9bee4a997483f65c6eccc70f8090d77a929e27ee767a94c36bb9b96b76ffc4db68f72969fb2a72804a6aa7596d9fe5e99823e1bf90a039cf9ac390_1280.png
NEGLIGENCE,carelessness,carelessness,https://images.pexels.com/photos/35687526/pexels-photo-35687526.jpeg,https://pixabay.com/get/ga5e6a042f419c296a5c60c13f7eb50831b4efbb479b3e5b200efa31f1a2aaaecfdbda076033b94f4ab1c9ce8484e1d215f5299df7cdc43428771466b8b8487f7_1280.png
NEGLIGIBLE,insignificant,insignificant,https://pixabay.com/get/gd7b3c14c8096c23b241a93473ad00623f2cca179e58fee6cf0de684046d657d0724c45527a71c6503e8e66d144386d50e71a404c93eccc624e15df7180bc34cf_1280.jpg,https://pixabay.com/get/g9d93624fca89cf632074547dc5a46a067526567344d67f2348bfe30738a4b30fbed1000cf0841f63006f0288af11e600f330649b8d9fe06f078131e2b7cfcefb_1280.jpg
NEOLOGISM,new word,new word,https://pixabay.com/get/g859b31a47a6e1f61a8d90c9ab5fc3af8e75ab80022b19da728cf1c2a3a93eca5e518008a5b41a4a3b4ae81958ffefefd15af3cfa617e6ace2f28c8f829f89d16_1280.jpg,https://pixabay.com/get/gb1fea139a7d7b12e2ff6c8bf68c35566b8dcd0ae80efbde9cc3098e7375c4625aa321f0a2b8434f4cca98306edd8fdd1f9a9897bf7c788016350df572ee489a6_1280.png
NEOPHYTE,beginner,beginner,https://pixabay.com/get/g1f43f36523d2f1cb8e0f5c5f1f6d74fe78ed13f959f5a0447848b01fd3c2c8abcd1b85d59fc85cee49b032cd1b02ff84242efe246cd19c7aa18abca1010b528b_1280.jpg,https://pixabay.com/get/g553b5307583b07224cb2c96e151320612b7acdd7e1b3e93675d85d984e5a832464c1ce2483382b0af8632947b4cd5e9d281615fb2cd9de6909bb2a42fe05806c_1280.png
NOCTURNAL,active at night,active night,https://images.pexels.com/photos/4389265/pexels-photo-4389265.jpeg,https://pixabay.com/get/g77865dc57b1c9d9ce8bf7352e28c57e9680d71ac56e24a3fa7b23b425e4c56ed0e1a9822a130fe01c087a7b76ca51a749686787a7d0ab96a634ee7cc0820601c_1280.png
NONCHALANCE,indifference,indifference,https://pixabay.com/get/g638401a7f9248041e6bcd84bee2d0626e2e71640fe7da53a04c4b1eaf3babe19a719fc29947d249ad1f4a9460618019a7bd67cb237aa6d45489932e485a2bf10_1280.jpg,https://pixabay.com/get/g1212ee94d2f62cf347d45244a2ebab9f6bafdb432f5be5f7bfb57af2d5ff3490f5b8315a68a87b1adbdd2f235c5b619fcaefa77e552af11eb8e722e3143d3292_1280.png
NONDESCRIPT,unremarkable,nondescript,https://pixabay.com/get/g183a8dd282d2a66a044719b5392ab9310aa50805f6fb33a60ad3166fa16c329e557eab2cc404a7e4fe0e181237b103da8d9a43a1c416c6553c530119a13df064_1280.jpg,https://pixabay.com/get/gd331d144026fa57f601cf7e9f3d938d0a115054f10fa9e066c8d3ed30e1943b246148769ca89b1b87aecf607c947c55f21db1cbebac2803307fb0a896e1afd3f_1280.jpg
NONENTITY,unimportant person,person,https://images.pexels.com/photos/20830475/pexels-photo-20830475.jpeg,https://pixabay.com/get/ge377b42bd646af9a9be0eabfe1be867f1c47a55487a0c96d4ec8b0965a88fb3eaf1afdc020681d53fe9f9d8d23c6b6ac3297b0194bf81fc490068eef5f78db1a_1280.png
NOSTALGIA,longing for past,past,https://images.pexels.com/photos/16010575/pexels-photo-16010575.jpeg,https://pixabay.com/get/g1b19cc4e8911bbced18ffc62ed9f8c01bdf422cd6b8c8ef2b7f3ad3a5b56b1dc1d00551bb8b392840e97050cb9f3f0f1f7d74bdee664561dea0192ea0e81cecb_1280.png
NOTABLE,remarkable,remarkable,https://pixabay.com/get/gb98191cdf921abc1c0148f0f1d40f1df6bbbe33c270adf01ecc2d6d569704321fd9f515db4feaac8a4ca38d97bf4df23ccfbfd099146644e42d352af7c532fe1_1280.jpg,https://pixabay.com/get/g57314eb32a5e71062fc74b1d66fb84dd329a2c32347af3e2ebbd2966f5eee809d0048ab781b350450d143afb8d1325d647bcf8f117e11a45d765fd22111f8ed1_1280.png
NOTORIOUS,infamous,,,https://pixabay.com/get/gbc589ad4b8c501b1551132c7d26e8000521ef6eb1c05c19eb56f6ee5ed1874fc6a7af9fd58aefc3c4a0d418e7d4bc8ddf1f3f2bf491bec4085caaff8c2637bee_1280.jpg
NOVELTY,newness,newness,https://pixabay.com/get/g436945ca93696e8c7a8980ccb77c914409278d54a507aa3b74a4c2961ddfa657f5c0804f2996386068dcaf449be53098b33f509693bf609e33fda98bd4780990_1280.jpg,https://pixabay.com/get/gc76587baec97349a981fb78ba78c6804da06f00b9503a4f1900f4f15d2313ea09641670c4c011e6864a809f87feb589e3ca780a74c76abc42eb32a0da2d8f7e6_1280.png
NOVICE,beginner,novice,https://images.pexels.com/photos/20460588/pexels-photo-20460588.jpeg,https://pixabay.com/get/g8d2748834638f465489c41faa7216ce34c617e688122dbb9165bb140101e8cde98e3ae2c767f8e7c87fb2dd76a0655279351de3efa671a963d048cb6f8f7449c_1280.png
NOZZLE,spout,spout,https://pixabay.com/get/ga42096e12d0e35398699ad54df118f2a254f1eca64d93f79a3836a3b1017e6448a3d4e133f8ffa102c36bb3aa1cccd530269de93a9f77f15c779508175097ac6_1280.jpg,https://pixabay.com/get/gf728c952bfe25e455fc95892dd9bbb639b49c402aa2d8ea0d64cb760f82b82fe1e0b9f0fa51971b73c88f1a1f29570d5_1280.png
NUCLEUS,core,core,https://pixabay.com/get/g176f5571d663819e48488333c3baed80e6a092fe23203e6cef80bf347f8c92ee637e075925a9ae30bf5f3a5ea4e4e5392d3f3b6601c16244ceb1efa8718f329c_1280.jpg,https://pixabay.com/get/gd4a005a85d7ccf04a73528f4c0d9e9a7acf9ffe5e81e4e73fed50db1c795b651d45948f41465a9d61c476e0d040668219272ef7d6ea06899c385d70151e7d2e9_1280.png
NULLIFY,to cancel,cancel,https://pixabay.com/get/g184f09feb8ef8f1822f86d4b225ee3d73c61bec9bfad98d6c33fd4578308c8f3702095d738a2369de58b83edc78afbee7737fe16b54151e200deb041c69cc389_1280.jpg,https://pixabay.com/get/gfa09d6cf0145808e8748b784d347847738de24d099f17742dc71eb4d8883664a8f7bc73a8429596dd9c7f4f779aa0ae7_1280.png
NURTURE,to care for,care for,https://pixabay.com/get/g8863b983408d3e4aae69184beb9b5099c759c5210f319848b353b75c148917fab43f499f349d2e7c87544b2bb07a2c0a7555edb61042d812d7aaf7cf1b3960ce_1280.jpg,https://pixabay.com/get/g52b05083d98a28d293e06c279c98513488f716c9db3190425b49235e90d64436e68f60aad24c46d9df60db16be1f1187e8593cd547c18fdcd796a25f5ae20942_1280.png
NUTRIENT,food,food,https://images.pexels.com/photos/18698261/pexels-photo-18698261.jpeg,https://pixabay.com/get/gb751a3eadf95b580fd566abae9b6bd875869bf62e783a7dad0e6f117fb531ed3d5f11dd28a921043f30bebb795e45f0c0c13627456a9f11aa0f644efd4c05894_1280.png
OBDURATE,stubborn,stubborn,https://pixabay.com/get/ge32e88fe9da4ed4cba93229d0128cddd09b4f7d7cbff37313a73cb42cc5791fc88e9b4d274a59146bf1936573da3673efd107863070cd559638aeb998cd6d2bf_1280.jpg,https://pixabay.com/get/ga07a6d9b57d058b4453099fee5d6e77c79508b82c72c3fff5f7696962183ecebbd1a45f923826920b3f6b61b5badb905bc459a69c0904414fd491dfd9ac4a7f6_1280.png
OBFUSCATE,to confuse,confuse,https://pixabay.com/get/gd3aa717c61c3266492748416c97be26b4e5275dc1ddeb86bdf875b5a900f48058bfd0a968420f7561de7237be935f36c3e3dc0865419fad4a6da8b537e2ba2c1_1280.jpg,https://pixabay.com/get/gffaf18f93b4e143638ca9009a440dcf405fc2dd7dfdea39e6817f237946156b307c32a0d67ae073e17a6d0340f4ff0256e8e0010ad754c305435d40126b96acc_1280.png
OBJECTIVE (ADJ.),unbiased,,,https://pixabay.com/get/gcf951a4a9d8b14a0f9e4fc5659514d844d76cd10fca6dc97c9064f6e58c49e2f1d1983f2f86c3e5f20b7ef76e921b0b39da0d3436ac447c905e4169d74927f4d_1280.png
OBJECTIVE (N.),goal,goal,https://images.pexels.com/photos/36803598/pexels-photo-36803598.jpeg,https://pixabay.com/get/gf423b678089b9d2ea5864fb4bf8f7abf125ab7ffd766f21f0a615f4b31bce9ed5cb21abb290af8ae234b4bec23e78718333d08fd585039ba34193eb25ed75441_1280.png
OBLIGATORY,required,required,https://pixabay.com/get/gb39286a681d0c9f187d3d8daba5a21886dbaaa8ff269a2682623e250dad59dcb707b5e989aed4c41797fb0fab372b5d08a0bd548e173b68166f994389338dca3_1280.jpg,https://pixabay.com/get/gda58166276c4cdad9ded1bdb17164a979d4d1d6b1c83ca0f788f4238389d1fbcd298c88e281c61cabdf37e76f3fe24e1fc4c3a13916316a23d26bee0bc12a44c_1280.png
OBLIQUE,indirect,indirect,https://pixabay.com/get/g0a3afa47e1a15bd4422aa3923a90c79ce0042d7b0aeedd217d65948d7d933726058eac63437d424e6f763fb68105fdd338bd262bcc3c9722c7e71de45838f36b_1280.jpg,https://pixabay.com/get/gc6ace2364674999650a46b7c92f9332bd34a70ed1283250ef2ba98d9655d635302179db7e3d863189c4a3ef8c791f3f2722418714559a8550fec5fbac965c4bb_1280.png
OBLITERATE,to destroy,destroy,https://pixabay.com/get/g7c01f95f68a34f9d8e57564d7f323f378dad79580274719d07c0b942912f19121e0bbc527a806be47de3a12348cb2d8e2bdfe575ed0e27948deab4a0105b5480_1280.jpg,https://pixabay.com/get/g350565250c170deade430486420d704da3058030913b6405d04e8c6dd6d8a4d4ab0497499ca9d4d845a2be44b058dc51013effdeb8d6d3d2688270d8097c91ed_1280.png
OBLIVION,forgetfulness,oblivion,https://images.pexels.com/photos/1253057/pexels-photo-1253057.png,https://pixabay.com/get/gf677ec0b45f2d10cb3ee93f7064b7ac789e555803d163b48f664d4d918e61093167f1c144f5d449497aebc19a39e09ed25b5381ede35659cf0b1918f1791270f_1280.png
OBLIVIOUS,unaware,unaware,https://pixabay.com/get/g5d78e8edcaf45910990431513db89b6ef390fa8d55956baf482b45b5dfd86dace14bb8ba02a030f7a5509ca389c7d400ed33c148869f55c2c25be2b7d84cb31a_1280.jpg,https://pixabay.com/get/gae3756bb5ad11660928b1f1183796196c33f07a6f6b1e7657812fb6218bcfcf4dd28f15d6407058efb5c4be06fbfabf4ce873b85b73be938173cd23785fdcb44_1280.jpg
OBNOXIOUS,offensive,offensive,https://pixabay.com/get/gcba547eb39ab4bfc77e5489a224da6a80fc766fd19165b9144f2ac0b04b466f934a2d5c6f21ff9f22417872a7948e0cbf611fde44d87f9a6f99184df6c869ecf_1280.jpg,https://pixabay.com/get/g02cfbacea030602530d687f6905ca33d1948d2aafe69ce105504dfc0ce0cb4b924c5d10c9b9fc0fb1cdf05d1e2ddf810d630fd926c47026d99ef23863c77ab04_1280.png
OBSCURE (ADJ.),unknown,unknown,https://pixabay.com/get/g3c1b8af7bcee20faa730ab17ed5a0c8f5a7023f991e1490041e2f2ba7adc41e5c6465a09c3b5dd56deffd628ad09a4ede8dc2259d5e24da65d5b412e8d68d68d_1280.jpg,https://pixabay.com/get/g39e5931c715b555a9c82c19b3afa549e224485b8435b213fc31b395f515660189ec5cec6b5db15faee830e725cb926246feb6852e202d0edff3e944af745994d_1280.png
OBSCURE (V.),to hide,obscure (v.),https://images.pexels.com/photos/17691608/pexels-photo-17691608.jpeg,https://pixabay.com/get/gf1ab01b4771cd164a78aa6cecb167eb22ec29633db8ea42f2742f4dc46f3220e79de0a296efd7dc61feb2823f06ecdc921fab0b35d5dcef746aaa05735b7c0fc_1280.png
OBSEQUIOUS,fawning,fawning,https://pixabay.com/get/gf1a63f2c9e52bcb44a2046dcf761f7ffb5657530ced6ac1ea18b08521a89057d50d1e5a3848c3f6166b767c8e81ba9e125adb72acbea33db41e8622ddb961f7b_1280.jpg,https://pixabay.com/get/g40af2ad5c7a845e17ea85ff10fdf3e1fc28900ce2ad8d6b0c2df361e59a774790482c3fad7f38e18b0e7e371e81747f5679ad682f2cd37865106f977ecc2da80_1280.png
OBSESSIVE,preoccupying,preoccupying,https://pixabay.com/get/gd9cae6d42cc7e32295b1d40526fb445bc567dea6859162245cede297d5bb27e694d12309482a01208f3bccf49d2c8b7310f31c694e42735a45d989bf5d3dc527_1280.jpg,https://pixabay.com/get/g3c9534dabbf4b4db8c27548879439e2910f92e71911af7f870851c8a8248dfced69f9492c3b7af9a009ce41c54af9c68_1280.png
OBSOLESCENT,becoming obsolete,becoming obsolete,https://pixabay.com/get/gbc3d421faf9429376b0ebb4f0ed20d14510601391b85d7f0ce3e64e4f815aae801f77ec6a63a4c6e16e6220b7886a7c5e2a28a2d43a2bde5f51718b565cb5296_1280.jpg,https://pixabay.com/get/g965e45bae6da5ab26dd9b4f8b8ff3f3cfcf3c2e79a587b430fecbd8724fd27325b5babb4dc9874f07054652f5f6a5b36c07df17084d83cbab7dd9481f5e7ebc0_1280.png
OBSOLETE,outdated,outdated,https://pixabay.com/get/g86f25abb4d71a991ce6402217c58774019a28ec82b5d9040930d6d1933c99022dd794bd593a35a83b4d51ee66feb9e371af7629083c5ce9de613ff3f1a79a432_1280.jpg,https://pixabay.com/get/ge8727cd7aa96bd04f5a1edf83b5b15452187ea2152ba9e21c6344f1138d3ba74fb876753a7ebe476b8f79b165fc0c9a1bdc1a15d7f3da4820faadb91e530dad2_1280.png
OBTRUDE,to intrude,intrude,https://images.pexels.com/photos/33418893/pexels-photo-33418893.jpeg,https://pixabay.com/get/gd1de0d1140c4457cd82d3de5189d6c73b2dbde3e4aaeddbe859677d032a06ab89614db63e1214e46b8aa7a0b38035b18f54d78a083475456180587d18df22ebd_1280.png
OFFENSIVE,insulting,insulting,https://pixabay.com/get/g17debfdb5425131762def296725763c469163905968fde08f87e59a7b7088242f1aeb61ffec2b985a17aa6f28254c1b49b7e761e2ab2a7c1d5560f3c0ca3cb42_1280.jpg,https://pixabay.com/get/g4e0d21ef2d9d6d895456a326c1e191d6e14d58132d31d621daefa6572f1e5656d78feb4453e53cb66555873941d15ec485daa1b049b6fb0953e5178499e651b9_1280.png
OFFICIOUS,meddlesome,officious,https://pixabay.com/get/ge01797b6f2c2e1325e3e8b8b5272a38a0bdecee1c6992e33f44e7b02e37fff336ac420a6e894f9c8caaef9ba62af0a942dac202cdd093200315d038024219af4_1280.jpg,https://pixabay.com/get/g94009917c76e784bf1ab5f78cc524eda3acd65f7458250df3c9cba05100b336001283c1d99c45f8fbadf62a05a328993_1280.png
OLFACTORY,smell-related,smell-related,https://pixabay.com/get/gd5ac16a1bb4648123cdedbde5cc10b04ef68a6284b8c2edc95424f98920ce4e4b9aebf774d0842de3a478880b9fdd50243f5894f8226956df58d9119d272bbea_1280.jpg,https://pixabay.com/get/gd2c8fd9a24d48517f76aec5fa2c63edaa58e3105511a2e9cf67d5ad4989d8876e051847343cd191bb9fdb51fa36b769fa3f25150abd840c08f4180b3320a617f_1280.png
OMINOUS,threatening,threatening,https://pixabay.com/get/g59f11fe888b131cd49b46cf08d01b489244907878ea10c2fb1825266ae8c93f1f7ac0b2b9bee0d606f628d59df234c36db3f46f2b5f246b050178ab0a62596e8_1280.jpg,https://pixabay.com/get/geb069168f5d1318644945258c41c22468016eacf0447b1da98625f9ac6f9fdfb196857b7772604728d6c2f3240a29d825b4329691811c179469b57827453e3d5_1280.png
OMNIVOROUS,eating everything,eating everything,https://images.pexels.com/photos/35760323/pexels-photo-35760323.jpeg,https://pixabay.com/get/g0f7afa471285b8bc99df22aa7283f123afa9e24bb8b0835c0eaa18ccbd2b2a67c0e4e82394dd74f0434f9d14cc5a7ae35f1030515146d8f9db7ffaa65f8acbfb_1280.png
OPAQUE,nontransparent,opaque,https://pixabay.com/get/g614877d184bf3400aae19af148274bb3ca32f10cb66771205bae7590883e436dafbc7df334e3ec6dd5671b333d6b9710706d3eaa7f8d68292ce790f9a9caa231_1280.jpg,https://pixabay.com/get/g2f44e53d0b908a419b7ac8ab1de1508dcea4ea6840683569161fd949dc906d89a3f78cd22f133bf34b9f55d5bc7035d2ea616592f778f9216ae669fc89647a54_1280.png
OPPORTUNIST,self-seeker,self-seeker,https://pixabay.com/get/gdd22bc6ae8b94c833b00f1c7a89fcf492f4fcd7b2d3a06bcca63d10843f06b1dc08a12e1fdc827566d88bd014db5ea8e5899617e3cc1b9ee45ab59ab8de6f295_1280.jpg,https://pixabay.com/get/g9619ee9b67ca6dd1b5024542dd0a899551fb2780bb3424636faec5a7dc99657c0543486400333a0ffa8b5cd8bf6162d1bb7af8c2d9d4bfb64ce82957f0103a3a_1280.png
OPPROBRIUM,disgrace,disgrace,https://pixabay.com/get/gaa4760870b30a59cf954435a90c57d162b0aff4b9f6ddc77f33baf9f7aa783a0d767a17310d1fcbe502f827e8206f469f1c96ae3e963148fe265ce4a608e2ae3_1280.jpg,https://pixabay.com/get/g5f9cf84f3f26d78105eb8b884b2a588ff1608ad06ece02ffab92b5d3bbf29dacf673012d24fdc84862387055c5f9c9654da7a657295ea6b06faffedaec663a59_1280.png
OPT,to choose,choose,https://pixabay.com/get/g4a276e462d3a8443998d27a3b884b603aa377683c99aeb16127899a8475024dba3623ef83e39f6fd7002ab580e92cbed06a34c8f5375aae9df662625833a8a1f_1280.jpg,https://pixabay.com/get/g37c97a83a9fa8947cb4753122d6aef90b50d742469c292506c1af3d1810d8ea02c03d3a0767ea16e36783f2f4b9b930608f0ac280d7e39602dc59c35c66781a0_1280.png
OPTIMIST,positive person,positive person,https://images.pexels.com/photos/6102841/pexels-photo-6102841.jpeg,https://pixabay.com/get/g280901f9e1d871c5225ab44bf374bcd3be79d9f12ef303c98f85c255660a4ba83b590865e2dd2abed43668dfe25984fcb61d2773810b1418fbeea4c4279fb646_1280.png
OPULENCE,wealth,wealth,https://pixabay.com/get/g975588c3c97cfc340f4d4e4a543944200856c6c810e768442a74b32ee12478bfb08117af0258a4c09712362c1b7c0ede6d280974810b68dbff23be5869d254b5_1280.jpg,https://pixabay.com/get/g45c3d08f8c99027fa7a80b120904d1546ea8e0b8abf8f9f2e5cc809a6ff76ceb7376ac52358c4f124456768a467920c75e88c4d56547f550d21b5743f6bd0779_1280.png
ORATOR,speaker,speaker,https://pixabay.com/get/g25803588dd9cf56053afb4054e87772a13fddbed171391ba6a20a113fbcbdf583f85ac200ad10b11379e456ee1cfea99a943e3ebcb3c64377137520434d976e4_1280.jpg,https://pixabay.com/get/g1dce0f26e59d5d299e45fee9ab2ed81a31e48c1da1222d587e646296b06dbb36f9b9a1240fc7bc87013ab9fcf848e53ab4df79f1e10a3d76ba27e46304bbc71a_1280.png
ORDEAL,difficult experience,difficult experience,https://pixabay.com/get/g037862d4b88dc4303aaf0394018beb5dbb3419f568dffd564587f28f0f66250ff867972ef383c9e3bc998c551bd71f0a6978ab6697b0ff147cfeeff6eeb2b2f9_1280.jpg,https://pixabay.com/get/gc69dd00ddf30b371aeb51288cf9df241dd4353503bbfbf63fa73789e7dbfb770159b2d3d3b1e282681cca10ecd76b2ee5a76ceb6e5500e6eacfd119e56854460_1280.png
ORNATE,decorated,decorated,https://images.pexels.com/photos/6109584/pexels-photo-6109584.jpeg,https://pixabay.com/get/g2230e311e7b5d6bd1d3cc33c83340e3a64fbcac090a64e555728d7ad21c20ee77f98be4427ed2b9490795ef06e6b9da49224ff5904ec96afdd036c3c14c6f3fe_1280.png
OSTENTATIOUS,showy,showy,https://pixabay.com/get/g2e9a34a27bf2c4af28463e2b8a0a5ebd5f9d0e3c093373278c06d37de061dc7d14e881c8336ca8a2f4a68cedeba41c5af19fe50cf40e510938b2031d40587beb_1280.jpg,https://pixabay.com/get/g8c1bc252c0a03f8434647d96b160900236fdf1e6ee88f792582857d683750c9165b355b16051dfb3a025e5e8cc8c0d10_1280.png
OUTLANDISH,bizarre,bizarre,https://pixabay.com/get/gef3fb699c24cc403fe2b2c36b83083a98b2d8e606de6c4bfc855749e65c65f9ae7c6392c126a47d4d751c06c3797d35487704c7da23796eb14ab0bcef7272a92_1280.jpg,https://pixabay.com/get/g82b5e64e9a4825dc7bf89e1eb722a3944f2e47cbcf50e74f8de2bed5e455516a3320d3f870ee311ded205dbf52bf9435a6dcc39b764eed566e7d314d01fc529d_1280.png
OUTMODED,outdated,outdated,https://pixabay.com/get/gfdbd8c1e0867260048b58116be8c537f666e5e41848fded2426a144c3183509957e4f143ec34a9e6bbf67e0f2729f0d1e2b70e030ae9b8f2a26cad14ca938c8c_1280.jpg,https://pixabay.com/get/g013e8154c7dca0d40ac9edba32a12666eb1814bc4a209a51314ca5e288d47365c9837e97dc55fec08a10a9e014a7d76946d26fa7ec00720403000df5a86d6a52_1280.png
OUTWIT,to outsmart,clever,https://pixabay.com/get/g55f88d85629fae8d9ad7aea5c82e1aa9d11d34042c9d97f998bf38c46f92a08d610658f43773e7df1a1a11c9e50e1935e33b9f2f178909efb73cd7d5602f5e98_1280.jpg,https://pixabay.com/get/gc1d69a600181d856fc050d9093522c1c2d22b64f04264c363a5fadf80de4105bebfa4d0e688d458e044e504e872509d331164198b2aa167341d4d97cef9ac995_1280.png
OVERBEARING,domineering,domineering,https://pixabay.com/get/ge5eaaef0fd27fb0bb2290a49220a7a969d773943cb3076b3d3f2db1c461c15aa915f40ee4f428e00f60491899d6ccd0f1ed5f91a67baa212d75575135f1856c8_1280.jpg,https://pixabay.com/get/gaebd22cb02e70eb28ffc7bc460f731c17eaa980505e196a9bb78282c2626f361fb35d2d396bf4db895eaa3b3fdc0fc9b3fd431970fb853210ecd4aa7730e7c1f_1280.png
OVERT,open,open,https://pixabay.com/get/g456a7c07c7dc623aa0153e8e1e271045e1285b8dd957213f13c217cd5d6684901b06202e5e3a4550214dbae32daa1d3680a2b865923b4580a9f5a72f47a49804_1280.jpg,https://pixabay.com/get/g9d2954cb1a2c1906ae6048faceedfd3a0b448989486459849cef3a643345290fdc98ffe6d071e600c855ce528ecdeaa32d17abc4c00515e24adbfb8f65a2ed57_1280.png
PACIFIST,peace-lover,peace-lover,https://pixabay.com/get/g8f66fda0ddad7d7e129a942003cd367dbcc6d24625a150c240ca92e58967d9d9580bccfce63dd99c1d519d9e6a8ca79a960fd101a63a8df2c4a125dbb5cfade8_1280.jpg,https://pixabay.com/get/ge1e4df68e10d03bf1e96a9e0063b34049b356a592ebbdc6711a3a75c2a49435f7a48d2b8d7bd58c54922bd77baff48a939810e0a80d9def961290f5611f85bcf_1280.png
PACIFY,to calm,calm,https://images.pexels.com/photos/831904/pexels-photo-831904.jpeg,https://pixabay.com/get/ga26a34e672252f2782755ad7959e83d9906a1d8ed748b3d17a8038202228f02d472c42bbcefcaa014dac44f29f3d1eecde7cbc1202a86c2733840c27087706e0_1280.png
PAINSTAKING,careful,careful,https://pixabay.com/get/g43d033ebf4c611d80afe3024801cf911c34cb45b25126fe459abdbfc23d06a48f3ca0ea232d13dafd15e6428326f541a2e74bb021ac40ff2d708910a4358b968_1280.jpg,https://pixabay.com/get/gc00556338d47e6b8d736e7858ee57ac6625e75302770098b8d238166f8814376fd189c2bb81865964a458c97defa3414_1280.png
PALATABLE,acceptable,acceptable,https://pixabay.com/get/g0f03fd5515163f6877515cef807382fd1db91d9fce3f4872b263ec5dde5d9bad7fb3a7bb7f2850382810feea6d389bf16a7023a12ecea29862c3f12b4c9f2128_1280.jpg,https://pixabay.com/get/gee91e67ee2754ac900504b4e42894ea4941e4932b75976e3b5e82532cf3a39da8fa3a3f770b69d739486c9a0f9da45b3_1280.png
PALLID,pale,pale,https://pixabay.com/get/g860cfe62235a2f5592b750c9435116352d3e6dd98f8dbcd37303cb56682466aa8c013652c6a9419ea69f6c6a194cabcef4d1e3bc9466befd0be419e888f7cc16_1280.jpg,https://pixabay.com/get/g408720eae820a85e3d74cfa720a90bc936e483e00ccf3dcf40d805d02fe52a0568c9e55c417321fb5d0bea72370badce432bdc173770f218d03eaeabea2d8526_1280.png
PANACEA,cure-all,cure-all,https://pixabay.com/get/ge22bc3a0c7656c0497268f920e0df8831996a3f0d66dc77bdba0d9af16cecc204193486ca8bcff98ddc8c2f98905d209c1d64f50e52e4e6b3239d00e1d7a324b_1280.jpg,https://pixabay.com/get/g220f4ff61fc5bc1a34874657330cb6963ec15adc2323ec7491bac40db12785eee9dd3c9125161157f361fbf2b1dab0658666f26144004bf3aca88bddd09ef5f9_1280.png
PANDEMONIUM,chaos,chaos,https://images.pexels.com/photos/16005629/pexels-photo-16005629.jpeg,https://pixabay.com/get/gfdd24390aeb0e49a7541882b60a9f402622be2a34d510c89cdf11a20bc72170dc717d793f732cac0897aa94279037f8fe897cba6a8aaf7b9c07e2e31c41c6bf4_1280.png
PARABLE,moral story,moral story,https://pixabay.com/get/g7c8fdae15ebdb9bcef0ba9e33c8415667e171b3886c383fa7534a99071f4d45d16b8335fd21eba2f76839d10e8d7a45fe248aa2bba1e0dac04a18203c4e2a8e4_1280.jpg,https://pixabay.com/get/g8c7703d5a9f4d8a090129a22d8c7eda39090a999aa2aa8cb319d2a3529d6e98a86b9d7f24a194b9334ba0b27645d850732bffac2d3950e8bc7dbab91d430970f_1280.png
PARADOX,contradiction,contradiction,https://pixabay.com/get/g55557290b32b53c2de37f2500b0728e29480e0dd7373cba1ac4268b38096bce1fae69ede2a8b3a02e587cb9d4365e623230f13f40afb31140eda344798df3bdc_1280.jpg,https://pixabay.com/get/g285299c8afb41bef1bc56d9f74095c43558aedc6782034cff23889f156fae6f8f936cb59458ba7a9d942bfb4a3fc2c00036a04698300f6376f704e322d9e6a8d_1280.png
PARAGON,ideal,ideal,https://pixabay.com/get/geb1c6b1299e919222f6f5e309ff644679d37868726a1b99f169a759924e8a18c7ac1cd7e2c26e42d73cb7ad97a9eaca7b9423b5286616e73bef741d9e070aa1c_1280.jpg,https://pixabay.com/get/g452268976f67f6dcb2192d139991ac0cde2e9a07799a6685ab62cb71cc4f8ae0883aff2458dee21afbb4be54a55f3beba3f9d26992a5887dc271f41be10056ce_1280.png
PARAMOUNT,supreme,paramount,https://images.pexels.com/photos/10813370/pexels-photo-10813370.jpeg,https://pixabay.com/get/gf265e7c8087127f7c409ebe0562cc9b0d0744c6e30956135b626d42538d21bd2c1a63acb7e10b44b1e2302e7991ca44d24f5dfd2aa4ad512d69fad788d9041a0_1280.png
PARCHED,dried out,dried out,https://pixabay.com/get/g2417e184c86f066a263f59aab33823bc01e65043ac2ccdb3d9d13e96f223a368e724ae42ccea34e9d1e4dd10c5c9f5729239fa78d78ead5e6e60522a5f879f94_1280.jpg,https://pixabay.com/get/g52b6ad7d6292d0966e6afc30a01fb391a7137c18d6ce1362c1f6acee0790096e33449c7784de1b99077b885224ebb06d5dc4db3f1403226c717ee905a8b840e1_1280.png
PARODY,spoof,parody,https://pixabay.com/get/g5ab7a58a23c1d8a570f0e4eefe86708d7386d50875bc77975e3426fad18eae62ac5db6a1fad50f8b10cf950ca2b353fd8c7656001639c8675b980005f86004ba_1280.jpg,https://pixabay.com/get/g30dd58bd5b841eafdca36294b98e03beb54dc6bb4dfb18f3f82ede184ebc384cf131cdfebb1d2d23158c94a0ebff488aef203a09798c8d4ff719c9ce1673a284_1280.png
PARTIAL,biased,biased,https://pixabay.com/get/g2b28017534caf5170ac00f91d9c4aa4b712c235a70dfa9589f0a66af740649e24cb3385aa18aec1857c7509a481f35840f1274bbc6a0a2575f04fc9d6756d721_1280.jpg,https://pixabay.com/get/g0c5fbc371e55de7e113a018e7e9e3f1429f0e4637d573dbd22b00c944067cc5f7b52093a60483c11c99a25e98866617e79c552f8b14d0aef88e149069797a329_1280.png
PARTISAN,supporter,supporter,https://images.pexels.com/photos/16550006/pexels-photo-16550006.jpeg,https://pixabay.com/get/ge0942e079a53038d252f0ca11d0318cd8b61618a3fbcfb5366527d05d50e45446e6d0937ed5aa2ef34531462a43d53482655fd46b14a8a811c9b48e40aa830c0_1280.png
PARTITION,division,division,https://pixabay.com/get/g6f088f049edc3706c537bbfb2f6595a0fe6f4e6d3d8592e7083e6f7bb9246ec39fc340fbb0c4f1a384e8da30fc3de0ef5d44015d13842e4c0cf8c138d7c1e180_1280.jpg,https://pixabay.com/get/gbe64dfe9d3e6c8eaa3e5e33417761ad5b4de552caac3e73a469c14484a57384a5c4c349bfa67821bb505e2f5a3a2a92887b230977d30b0b1fabb52842f785389_1280.png
PASSIVE,inactive,inactive,https://pixabay.com/get/g6a72dd4d8726788149b92dfe273f6a06daa8fe2ea06690cb13ae2d624b97206ce9ee626b54556d6f5f9938d6839a6bde8c50224edc6a4f3e46c520d33d571d18_1280.jpg,https://pixabay.com/get/g9ca617442883c215a11735b3a58e6424045318ced30e6b5d37de232ebdce2898ce160258e4f49d1c9e3e4c76580ce3d9e63b86d0d3e7565b8d457add11bd6d8d_1280.png
PASSPORT,travel document,travel document,https://pixabay.com/get/g90b2a12a78ef32ed4ab066b86f119b5c4e29cb56af040f65c15eaf35aeb1e5bbe896ff128ece8fec433a2e5f5b26b4b8cd4003af8925028b0a50a10755386892_1280.jpg,https://pixabay.com/get/gb0f86d388f30f3fa9ee016d940dd337d3e3b3624f80fb5b3869548d0298302cd519b7d6d835ef3ca39cd882b321ae0c66c4a1e2244ae7f196354efff21a9e85b_1280.png
PASTORAL,rural,rural,https://pixabay.com/get/g648ed99d012a4a42350bbe73048302d6ce88fc9cd40ae4b49c439d07ff09d90c669fff2d9a4ec0587898aa3ede734dfe85cdeed849ccff1272e2c28a1cd2f44a_1280.jpg,https://pixabay.com/get/gaa634125417c3b49fb78fc873dfff639170c3f1d45fb373604cfe89b3b88083fc08b145718d167586e20106a248b4013d7cd88fdcc4d6002b69d6691b67a7b7b_1280.png
PATRONIZE,to condescend,condescend,https://images.pexels.com/photos/15686842/pexels-photo-15686842.jpeg,https://pixabay.com/get/g3d1510029d89519a3b34fdc4f28aad04defbfde3ee5b02e086a6fba9d17affd6837268d3b69563cdb3899eeef6f3cb14ba20fcd4c89884293f4e4bff50e06a1a_1280.png
PAUCITY,scarcity,scarcity,https://pixabay.com/get/g0b2ef843b466ce8ee961da9b907d26bc7e2f61ed4d9b18971dc44b199b4532ada93c2d82fcd65726437e5cd7fe732c221cc013650b382849d5af663ad6c1911d_1280.jpg,https://pixabay.com/get/ge997676fcc6e155cee5c6f530892679bb7b289e47d3e120d94ee751bebb7fea55303a1b67d23c432f47eadfdd9b1bcaa733b0eae27a2cc2c29c441b85d8d7578_1280.png
PEDANTIC,overly scholarly,overly scholarly,https://pixabay.com/get/g39bf344e2d79a562277901cc4a0557ba37fb7993641fe16815fc0cea2e83f62dcbeb9f6c9f1ba967191e142677884fcdb0b3b42f7d3b88512dc07b0348f2fef8_1280.jpg,https://pixabay.com/get/gdc1482527992306cd3d67ef46f1459e5eee257c1977c81713658bb808e317a2578f21fb651393e332f4e6ad002d3019096339b116e0b138138a7828325fabc01_1280.png
PEDESTRIAN,ordinary,ordinary,https://pixabay.com/get/gd2a7392d616e2677e38a2bb575c9a7b1d51647d4d225e4980bd90ec934df3c3ff75bd0e9ba44db9ae60d297f8e330e97571976dd01aaf2d38c61149ff02cfb79_1280.jpg,https://pixabay.com/get/g6577d36e52244c03cdbe4aca6d240fb9a09ce45cbaabbade18e8d49c777e57c7974238e1c3fd1bb0a9f7170e0adee5d28cd204c3bc1b3e8e3deedd7495254548_1280.png
PEERLESS,unmatched,unmatched,https://images.pexels.com/photos/18294743/pexels-photo-18294743.jpeg,https://pixabay.com/get/gba9cfedefe214fa1b0b3993d371851b057c8c84eae59c95a8b18b0b29a0b2a4defe2c8264290096f6a40111217811914d832a068809c6fe0b749471787d47688_1280.jpg
PENDULUM,swinging weight,swinging weight,https://pixabay.com/get/g437c36000ad2872899e7a40a79ff880b9ae67530b3fab416093d30e92f4667385e9bb498cfeeebbb17b5fee5c8201b5d9a96a43d1222a5caf1f0cb99c472d98f_1280.jpg,https://pixabay.com/get/gd8540edcc64d8b9554af4495e0c04e7af1a6671e0ecff676374163070c0cd2766ba27b6063279aab60a349971697d8a5d92a96d0e9e90228064e19071d5bc2a7_1280.png
PENITENT,remorseful,remorseful,https://pixabay.com/get/g571f62bed5d999f3560af31371735577331c1928f0744677cf4d6e9917fbaf2f290696a76d7574fc37e9f66808d4af0393dffb66b2c4840e20bd26f5f1c99696_1280.jpg,https://pixabay.com/get/g8284cc8d7269100ca2d080ddb5730a51a58f120e23dbc69937f067c1507b5970b45025ed327fdebeccd86b42271099b589463749ef2c1cece55ab00537e66993_1280.png
PERCEPTIVE,insightful,perceptive,https://images.pexels.com/photos/20664801/pexels-photo-20664801.jpeg,https://pixabay.com/get/ga85651d594f8108904b3003b5d91f86fa91cead76c9503bbefc152d47aa5f5ecab0b46ea4ac368293ed292f32d740f866bc639f8fee3c78100ca17950776cf1c_1280.png
PERDITION,damnation,damnation,https://pixabay.com/get/gdb132d9f08325b5dd76041d20a933ffd586cde05b5218ab899906c0900f4e29d093ec4abbc24075ee0c6feb0a236c6bd92cae89a93749adfad53e33df9115046_1280.jpg,https://pixabay.com/get/g473fc3fb20af770318c78acaff7908458a8eb922c5c44575d81d4fb94fe31991d74624b5a559db6c7e2fcaf5ea57616b62bdd8224de789d5a3582c69e2d85ac8_1280.png
PEREMPTORY,bossy,bossy,https://pixabay.com/get/g0ca6735d213ed74fe9ce9373fe2df9521c5c09026dc37be2c34b19eb535b9d8409d611f702fbfdd503e2c33fbb477fcc0cfe005402b13527014bc32887fec4dd_1280.jpg,https://pixabay.com/get/g169129bb8a5829b8597ec82efe8f7eee867afdcb9ecfa3ace53195773471dce040658cae1de932af414a23d8af5f824a982d3a68dfe3f24b28689601472f3d44_1280.png
PERFIDIOUS,treacherous,treacherous,https://pixabay.com/get/gd7295b0296aef563246c4605e1e6267234a0bd7b105d74d438f41ce13ea84005334d9998b5a5d990ddb2c4ab3584712b_1280.jpg,https://pixabay.com/get/g11cda0b9f5b5fd2ce1546237ff600a988a21d089a495b328bb7f6434d159ce1b894631706c1c2cd206755a0b868d3b35647bb3eaef71fa11583784408176238d_1280.jpg
PERFUNCTORY,mechanical,mechanical,https://pixabay.com/get/gf901f8efe31165b50192f080b40306c48710e0ba7843c7b0bede6e4ee1e44317daa6fed125a15a8ddc2a9697b40562a04b284bbfb622074f3835c74e1fb9b0ee_1280.jpg,https://pixabay.com/get/g86ac5d29186781841b9543520cd7914b06d377368ba5ce459ad1653e2a0919c9c7a1827174e82f8ca09b0bcdc44375383a59e480c3ff48ed21cddb31f56f303b_1280.png
PERJURY,lying under oath,lying oath,https://images.pexels.com/photos/3762802/pexels-photo-3762802.jpeg,https://pixabay.com/get/g7145d7671e2a1066287fb60d5a9e5b1243d39e5e5ac4a391fe82c3c324cd8be4dbee133aa6d097a8ecbffaf43eab1b2fd18d3cc32aa37a46cb52b88dd89c4cc5_1280.png
PERMUTATION,rearrangement,,,https://pixabay.com/get/g461c91e34466d86b51bf755950e685384c00e95c7c012072e1156db31cee3496bc1db74324959cbfa737f6df05213e5b1bfd74b6d3022cf9a51596179f44016f_1280.png
PERNICIOUS,destructive,destructive,https://pixabay.com/get/gd0ae2bfb7d2e31d6ced21a06fc833f2d5961f96ab4c17f0414021cb9a6177625d2f87df4b66d2fe8ed1204bd8ab6a7b6c62f284f79c784394fcc8fb45fe6ac7b_1280.jpg,https://pixabay.com/get/g23055d96caba0c24ad581d5b958d3e75d79fd5f5699d3e040bc46991995ec2170f0d8a3be1cb3f474ccb4a7f6245c6b70a989de6108b3ae2b583a5583990881a_1280.png
PERPETRATE,to commit,commit,https://pixabay.com/get/g570aba622589a5326bb58888910794b74bcf788bfe280080b92862c7a5f9817ead18fdcd28834f1d3d002a0542ff14dd3287ed7c334fd28d22c59f76667047ae_1280.jpg,https://pixabay.com/get/gfe0718b367674c9c3ce564c28dd9940f5e8fbb325e8ec4c7f5b903cfd4a0a20bd968dc5d44512675bc72e3d74a93338d90496c5d47ea310ba74d83109e1db66f_1280.png
PERPETUAL,never-ending,never-ending,https://pixabay.com/get/g2dc5efd3663e3dbb80af630b1369cb7fae06b210f2f9c53942766cc43b55624f5701479c41444a8d80577636e536fd575c4b20539d60fbb790a89888b598b0db_1280.jpg,https://pixabay.com/get/g0b45b249db9351be6d0972d40865a5ae9016401986423b5eaf8ca61e2d88fdd22d7ea22741efe703b1b76d56ffe66d99e862f41210e41ef983aee50f8e57a0b5_1280.png
PERPETUATE,to continue,continue,https://images.pexels.com/photos/24701909/pexels-photo-24701909.jpeg,https://pixabay.com/get/gb129ebdde53b74743971dac4c2ad90cc1952f06a60ffc3c5fa703b583651851797014dff1abb52ae933bd3a3626011f5_1280.png
PERUSE,to read carefully,read carefully,https://pixabay.com/get/g8e6c4d860e765f2d0b2d261b25a5e883c9d4253398782d7ec7b0c64edff585b566b52ab84b4dba0df92bcd94c1873c347889142eb8363b08defed3cc01f4d128_1280.jpg,https://pixabay.com/get/ge483740be26b30712a5ba6923ab60710b6b300fd5be1a738f3ae66e80cdd13c67cadf1f8e22e8055eb880a97c7a605c8_1280.png
PERVASIVE,widespread,widespread,https://pixabay.com/get/gb1b3a8b7be5cd0a793910cbf01ce582d735a336180bcc28a4152393327c3b310e156d9b3638385f2a3442d726f9e781ce4bbdb2efdd1f2f0d5f9df7b4fb23269_1280.jpg,https://pixabay.com/get/g76dfc0decad8f61d0b7e0a8c3dca7c4f5f60c3b90f39197ed35ca4cf084edba303ee7062fdae58ed0632dcc12b4687ea415b922befc706f7f69744f902f6c19f_1280.jpg
PERVERSE,stubbornly wrong,perverse,https://images.pexels.com/photos/6233426/pexels-photo-6233426.jpeg,https://pixabay.com/get/ga870be84dd2d13f5e7e557782c79ffccca1f0b107067a75ea4d343fd859d978befb8b656304820f16c73e65612907e23d89506bacd06a7c9adb471817063997c_1280.png
PESSIMISM,negativity,negativity,https://pixabay.com/get/g88c3f52b5e9d49b3e89562ddf00f76f223719793a4377bbbb81d627acfbeb09386196d0e2392f6334812d8dce7bb5e9508197f14166fe0e2206bdcf7dc0e4972_1280.jpg,https://pixabay.com/get/gd9f0a91e8e3e1651cd81a76ed38a815f2b57dad6e10fcaef0889b2dafed5dd67c21f9eddfec77a56cc44768ec928913a45e96edac818d031dc861bb13544ab55_1280.png
PETULANT,peevish,petulant,https://pixabay.com/get/g42dbd88456491b4a8a604be089b8b8fb3b30c38679608eac53c81867beb9d5532470652c9f1c7b40e5c145abc741e1f62e69a1cd63ad04cd014964efea563e1b_1280.jpg,https://pixabay.com/get/g3a73eaaed5e4df43b2ad24ecd7c17db20552df6204774a559fd74ef8c4ac22aaf8d5dbf56e20d584667b694f677d37448e1e2c5719de3ef57a7d81512b851025_1280.png
PHENOMENA,observable events,observable events,https://pixabay.com/get/g2d6c34fc0f8baf209dcdbf57d087c2bc694f11b93df8e651cd8ed2ebe13e30d363e81fa05d7b1af99fa7a16840a396034705a24e5b54739a75a20ab65ed60397_1280.jpg,https://pixabay.com/get/g876444dd08eb3e1c54cf425be64ad435d5874337e125359d903fa6af803b6086b5e90ff214edf094777caa09eacb8abc_1280.png
PHILANTHROPIST,charitable person,person,https://images.pexels.com/photos/20830475/pexels-photo-20830475.jpeg,https://pixabay.com/get/g5f37005cc6c8c837cdd37cf87311aabc2553c05132d26ecfd03c3d3e696224a8a5a47c24d4f57b8ba0e7586f4bf9561bb971f93b13e23d8ad820536afc92c8fe_1280.png
PHLEGMATIC,calm,calm,https://images.pexels.com/photos/831904/pexels-photo-831904.jpeg,https://pixabay.com/get/g8b2dad00a4417ddd8cac77019d99a08384cab5bc5bd14cf1353814907f0b99fc74d22093088a164be8c61924c7edcfa2d2112cb24f3a8a453c254880fa541f81_1280.png
PIOUS,devout,devout,https://images.pexels.com/photos/28792247/pexels-photo-28792247.jpeg,https://pixabay.com/get/g70291cff8bdc36cc092de7f5a0a489a775010a455c71b24f928e4b8881529a71617a52214bf0db20d24519f544fb14debfd750e583ee0f073801fdffac4b1b49_1280.png
PIQUE (N.),resentment,resentment,https://pixabay.com/get/g6835364a7409d2223974a2e0a90d2b6f72d89817e438909fddb8441be62d67f89cd3b602e7a32da8d93867f8f173f64ccf2ab16c7f410bfa1200f085ec4cf6b3_1280.jpg,https://pixabay.com/get/gd47f05557ef27c5f0eb9059b3afaa7fec6e3c166bef18b846c9cb3d28ec076526f2a9492d7ac4d7ac651527fac0ac3de576346c515a90d1982544aeb772b5283_1280.jpg
PIQUE (V.),to provoke,provoke,https://images.pexels.com/photos/33328237/pexels-photo-33328237.jpeg,https://pixabay.com/get/g5c0398d859b1ff02febed75366c5fde330a5a623bc71fdbf67f0be25f1698b01230e0249092e1822f0d6597496a08406fe9d9d92527c23da5611d295d2221ff5_1280.png
PIVOTAL,crucial,pivotal,https://pixabay.com/get/g293cffc43ae9501de0c1b870fc3302863b56a6dffe8f1c20c504e723d8d8002c7c72a2fcbcf29a249ada11a848d8af5874bbbf6c6f167ec6ce6642c8c7325fff_1280.jpg,https://pixabay.com/get/ge766823e890d151ee32f65353183d0aed2b0074a66568c67140d1fab22ad2a4b36e2f74991f2c486498854bb19e4498cd7f309ecffadc60c36a4cb5cd469470a_1280.png
PLACATE,to appease,appease,https://images.pexels.com/photos/35471193/pexels-photo-35471193.jpeg,https://pixabay.com/get/gc0c6a0f09b72a3b7ad77c65732e6040209ba8cc39ba758ed6708d374bab217a17f2770c290a9471256861c4531576c21589dad118f22fcc4f5f34d707300565f_1280.png
PLACID,calm,calm,https://images.pexels.com/photos/831904/pexels-photo-831904.jpeg,https://pixabay.com/get/gcd7b0dbb261d43436ab0b4c4f366a2dd7077dcebf4c74acff1ee806a9024e38c62d8201c5d7228f8f1386158945d06d9fe7afa24e9fab56f994c430cea2a0405_1280.png
PLAGIARIZE,to steal ideas,steal ideas,https://pixabay.com/get/g4c58b104b630da3d2a16f541f123858bc97674fff0df3ad98edd32c2b5c0b5038b1816f6d1b04f79be3b10e067df16ba8583391d9a83779f753c3d3538484013_1280.jpg,https://pixabay.com/get/ge9a2eda32624a3a977662f0e7b8753874aa39c7c6b3b0eeb6f340db57bcaaef3a5cf63c4d138566e7de5c77f6c65f7a7990c1d5fbf0c08877870ca5262c86d0e_1280.png
PLATITUDE,cliché,cliché,https://pixabay.com/get/g53575f62b25cd8e7180c606d2921aad8239d581af01a4df78457aeb6c6b1cc7299b68bc09c72b176b74fc9d8e0f70c94bfc5a422cffdebf703f4f63bfaf2579e_1280.jpg,https://pixabay.com/get/gc3d0d58e88ca96ea0cef96c2dc37c9421944b0d9551383416a1978f5bdda30ba79032ba382efb3e4eedd109d195f736ab7dd7605c5bc3b4195c2f8d23bd2b9c0_1280.png
PLAUSIBLE,believable,believable,https://pixabay.com/get/gcc4e7a49d94d9af9ee98e5a9d407400fd971f37327b94cbe41c0279d25150e495407958a04deed6524a882b700c79982b194d240a8ddc023f7145a1436197ae5_1280.jpg,https://pixabay.com/get/g40bd5a055caa51150bd4311112f7c1f174c2bf98d3697b53011b956606903cde9eca90ed3a04051cd89ac2421eea1841854ea7d7af6eb9472448d4bdde37f37d_1280.png
PLETHORA,excess,excess,https://images.pexels.com/photos/13537478/pexels-photo-13537478.jpeg,https://pixabay.com/get/g6f7c8b80b645e5bc8d697a53a475a0857493f01b4ab9b46c75894a8e0f55cfffb3f8e761dd1b6721157dcc833c45c024_1280.png
PLIABLE,flexible,flexible,https://pixabay.com/get/ge80c4ef01601e6322620286c62e01c5f7e466eaf8ec401252aa6f08c993a18c604f5d61042c04741ca8c0fadf0aed0922ed48b088ea86b1e859ba95084a69ffd_1280.jpg,https://pixabay.com/get/g8b5f9c8feb702f2f77d6594dbbd7963f2e161d73d266f0a8bf576b2880487c1edafc347b67597c4fd6c0cb6c61e13a783ca03f0f950e97bcc740b6886bbde728_1280.png
PLIGHT,difficult situation,difficult situation,https://pixabay.com/get/gba10971a554d78af4b936a0a4f759184a43e81cabad866bba585564f0bd72669cfa97ac44e536fd8f578143a6c52217ed3751fdb8d08c0159b7fbc12f6005430_1280.jpg,https://pixabay.com/get/g2a5c58c48c42feeda2e76909bf0c13263e112d63038f55c99dacdc88d5d201ac2b0926d5cb099e4dd30a8ffa47b4f82f4973f2c2065b3bddee26cc0fbba3fade_1280.png
PLUCK,courage,pluck,https://pixabay.com/get/gf4ce5b8a513af58acc243dfc024de2852a090653ce3944bf666407fc455a8d8bc15419f2eb87a0305dc139339e55d05e3819717990e70a43d68fde0cccbe10e6_1280.jpg,https://pixabay.com/get/gabda07ed2c6ca8257fad890001fb54bc27cea8c67b1f3bd4c404577c50c943366aad6a418b5051a532f628e6d2de626d_1280.png
PLUNDER,to loot,loot,https://pixabay.com/get/g7e8849b00e6e5de7d31cc74dae8c8b5251242dd4cf1dbd427a89654eb9f6d86038a4d5bc8a6e5927f6dd95fe44df3bdacb15b8c7f7a94807f5590afc34953659_1280.jpg,https://pixabay.com/get/g77fbea0fd0a90bfedc42da27f57ef25789824812ae58f91fdf4b21a72f4b286b5bcee5374888388cbbfcb0379826fda7991ca624b6d266be176b562cfc03f239_1280.png
PODIUM,platform,platform,https://pixabay.com/get/g12fde17c92f0e59291c0b949ba2656f16751898278d79d93fcf2f1920ddf8f3950a71aae5a07d33ddd163e86500c5edfcef9896dc0e161f0720a67f758a9ba3f_1280.jpg,https://pixabay.com/get/gf6e10ad533e6b10887418d556d5bdc15796c66f73837ae0e86f3268d21eb54b2fe3b9055aa50a92dda8d7f459182fe51_1280.png
POLEMICAL,argumentative,argumentative,https://images.pexels.com/photos/3762802/pexels-photo-3762802.jpeg,https://pixabay.com/get/g223a81eec6bfe856060f00d38746ef2131dd0524646512b92270b7a69e732fb005ba833b69ff6985c52ef9362a05b53133cc656af82046600ba8f1abbcbe84fa_1280.png
PONDEROUS,heavy,heavy,https://pixabay.com/get/g5a0587d51713f580abdf4c6c450ca99cbb57af596432b7dde86a5a142749f8e4cb6ae51440931c284a5ba3dd6942883796b3f7f26dd0678ac1061b7e58173897_1280.jpg,https://pixabay.com/get/gc8d9149177d6c99ded7d319e568b10d4729ab4b986c5a7464d634210a9f7a9afccacaf22962412c2ae7081c52452c69a3e648e31b2fc8cdaaae4c5dfeeb81491_1280.png
PORE,to study,study,https://pixabay.com/get/g1561114cd7d8c137a604ad29a870a4fb71ba729ae3a09d19f800bde5753cdb13aa233464bb9c4fc5529f994febe8617c090662a83947a02179f2cdf45818fbad_1280.jpg,https://pixabay.com/get/g5e21c195ab60a5b33b5930d9d9ebc4c2f7c392e96ff72c9a5dfab1faa64e5925c92a0d1b5ddafab1013adb820affc52f16eb2d8d5f95378a16cabc53a0a7e39a_1280.png
POROUS,permeable,permeable,https://pixabay.com/get/gda6b131b87614b2cb0a0e8c2cffce538b1c7d6c6cf5baebe72782de92ec379c220e511f59f15a84cc4c1e38bf91d70d1_1280.jpg,https://pixabay.com/get/gc91d891a74297f41e07886aaa62e65a1e5d7c870b376f18cd3a2e145bdea11b9487a432dcd211b4a53f8add1c46b44b300803feada9c8efc639b5be2d486037f_1280.png
PORTEND,to foreshadow,,,https://pixabay.com/get/gadd4fd617d0c0bf27006c2817c5fc43a7a8e9e32735843f0abc36a864444eeaeca81bd9a7dc6dc0881b30d7f989ff94f9b2c48b03d9263e5ef7e2e055d77e03b_1280.jpg
PORTLY,stout,stout,https://images.pexels.com/photos/11942004/pexels-photo-11942004.jpeg,https://pixabay.com/get/g54c4798efd3cd12b3003244112f3e043c307e45a8b679c956c3308c0c20d06099acb00cfab2b31c584c5de9d840d3612897f688357d65c927e6ff26ad4a31e05_1280.png
POSTERITY,future generations,future generations,https://pixabay.com/get/gbef787cf7eaceecacfb1eecb932b381d6ba43e6fed9dbc2cc0d86a4db4c094f4c84da382d52430f72fb24aedb9823d2ee36f84e6d3d595258916e300d7ac20d1_1280.jpg,https://pixabay.com/get/gdcd2c39728a37de41eac7ee102b4a4635c3c8b5b6332a2f9fd3b43056101a923f4d7c16dcf21d11195d6e2540ef6f549c656ae8e63e728f8f1c350fb3cc2ea8f_1280.png
POTENCY,power,power,https://pixabay.com/get/g1ddcba40a538e5f7c0e4e6c5bfcafe17cc9f3ddbc0e6e70dde36e7a572f9be79f83c5ec04e43069878ad09d2314a0026fcbfce909a66b4bbe3728ef8fb8e4b68_1280.jpg,https://pixabay.com/get/gcacf862d0daf2b8792db03f4ac3d913ec42380360d7b7a47f5aa6966823bdb055601a423128c14f9dae1740c2d95c3f6873b2d9a49e44d3477bc136d04b1dc28_1280.png
POTENTATE,ruler,ruler,https://pixabay.com/get/gec34c7d2bc6126a82015031d08f20ebbd4fb3f3305e2615bde942f7652d0ac51d2049cf7a63e5ed04db37240dce33be9c77d4abf1458a4786e8a70380e6e1a8f_1280.jpg,https://pixabay.com/get/g674fa7bccf97286803bb1e92df658dd064c2676444917925c8d8259787280b866c964ec6d4769155974d452812bf25f40da1efeda6e24c9ff3d929deabc1e6c8_1280.png
PRACTICAL,useful,useful,https://pixabay.com/get/g61ecd12ddf42c0679d30dee82c65305279e2363f49d0abdb2155d6140276dbce3e072c2dcb76455744e0bda63c0bd995b7a8f8a5cfd54406a414c8f656b1f45c_1280.jpg,https://pixabay.com/get/gc287b1dac7bd215b2b205584bb9e7c2480c2b7b386f148037cc812055874ed94c469f3c61f21bc45a4d2cbb757920bfb002143370182be98e824d6bca4a9d3a6_1280.png
PRAGMATIC,practical,practical,https://images.pexels.com/photos/28589229/pexels-photo-28589229.jpeg,https://pixabay.com/get/gb2a846d7382186d61f5bc1a61a7bb153b4e9f860330988b597f33f811eb10151a9a6f93b4d58285242090076346c2e4235345cff73ea844cf33ab22b82341ea5_1280.png
PRAIRIE,grassland,grassland,https://pixabay.com/get/ge9f6c827d231abde37335101278c1f12fb72242b35a023704b2ea5a367d1e38b64335f222e8931adebef2633a7620d049a194e1b8af041a3c1a36f0506c2c802_1280.jpg,https://pixabay.com/get/g5d65c2b824f147c50bf4b4492c9152e9b1312ed2ec4338d3b2233d2ac12a530c1b91927245180693bd6e1d9c76f017bb53abc939bef465ecc92f968262a0ab07_1280.png
PRATE,to chatter,chatter,https://images.pexels.com/photos/7473044/pexels-photo-7473044.jpeg,https://pixabay.com/get/g45915e43dee1dcb1e65887fff72b911aad7bed70a7ef39696bfa01c82a20fc1db5a1933164cdaaafb95687ef44ee06f8d19eb1165b52742c599820cc0902bfc6_1280.png
PRATTLE,babble,babble,https://pixabay.com/get/g2cfd406a4ef25845082079b45db61145adc3d22c2194c806791b477ff2175381f785c81d1317c0ff3d530d6074ab7bfee164bc740d58254811fd9c6bf66362c8_1280.jpg,https://pixabay.com/get/g6679e9e04b3a87283f7eb6ec5286d244965ff97776aed77e8093f783906a8228c8241a8b622a7b776afba69c853251e434f8baf766df92de76f5d9d5075affe7_1280.png
PREAMBLE,introduction,introduction,https://pixabay.com/get/g023504f52dd09bff3d0b93b1f36d5549d878649e2a32f5cae9765dc126e7443ab4c8c434efad29adb38eab0365085324334764bc586380b8fd3197913e5691a6_1280.jpg,https://pixabay.com/get/g0e6fe8ececebd5d2928314e652f8710efb6f84b9896004f79d36766443e6a3837184a7b246e2a73df5aadb0e20902d56b0daecc0a746985b5c679cb52c52ba01_1280.png
PRECARIOUS,unstable,unstable,https://pixabay.com/get/g83c4fba555b2c3331acf423f3e08036ddd1bb590d90bd3811842d0a15fec8c46485503f977837bdabcf2b7305a83ac98d24572db8826c96440d0d0a2a2b4f94c_1280.jpg,https://pixabay.com/get/g7fbc786f4283df4b5073041ebdebe8db3b5b3c726f6dd8ada68b2296fc64eef58ccde965ca0814aa37fd60fed7539bc59f354e50c6f22101b53be81a9beaabf5_1280.png
PRECEDENT,example,example,https://images.pexels.com/photos/19664310/pexels-photo-19664310.jpeg,https://pixabay.com/get/g30c17b93f47c66d1688633e75a80ab726e313feb7fe788f145bf5f9f936d4e1827a6c51313947a85de99db7699fd2f387154c804b97f44e5b65154322195dc66_1280.png
PRECIPITATE,to hasten,precipitate,https://pixabay.com/get/g45946d2900c278ee72dafcc9fdfb1de16ea99dcc4d935a90f546efa70a11250f45f523c02ce070a2e1173a3b395458cd87357ba1c658018eabeb8348967ff06f_1280.jpg,https://pixabay.com/get/gd8ad23fc501cdc2ebe78417e274d8c428b4c238bee1b305a2b1e27f011660f239f239ff5d78dfd4c469c0586e68146dd_1280.png
PRECIPITOUS,steep,steep,https://pixabay.com/get/g575083f6aa742c4e49f5642103d40fbc7290a32e483f1fa86146073c6e5bde5f25814158a3a74c509d1d0562deb279d16333356fe6b3a396a781436a1285e66f_1280.jpg,https://pixabay.com/get/gcc43aad7f0695b789fee29402d9626326a601aaf9f88836ca329e8823c08bec5b39ec00d0d03cd79de0c658072069b50985865f13e011cdf293dc8584f7dceb8_1280.png
PRECLUDE,to prevent,prevent,https://images.pexels.com/photos/3762802/pexels-photo-3762802.jpeg,https://pixabay.com/get/gb0f6a5902d75259f3102f2a1c2041cc7bcfbc48a1d6337eb4c85f5324b738e13236d3390bde24893d0f5876c1d7c7d26abb494763e09514dd421b20edd449c94_1280.png
PRECURSOR,forerunner,precursor,https://pixabay.com/get/g2faf789414986c6428acec8a134f28623be2703db78c812b9e9f26ddfccf89c6bdbbfdba7abd0ba9fb4e8b93ece425589cbda987e7e0e27b1dcee73b7cd2a8a3_1280.jpg,https://pixabay.com/get/g7126c56da943d3b01d9fe36f95f9837c22c0089bdd633409b08b8fb70f7787eea5fcdfd94c8eea2239509b567c52e12f12d7832470d703e4d56b194aa6d662aa_1280.png
PREDATOR,hunter,hunter,https://pixabay.com/get/g1a1721de5c8aa19327b801fe8a5082ba058702dd548dcf4556ac76226c3682b2b695f7f05b91eb2e872879653e1b9eb5ee10f717fbd800ef48e24e669c46b3f0_1280.jpg,https://pixabay.com/get/g9479ca88aa801f3d7ba7913a95196f1394e3757dcbe9f7fd8a2619f931e77c2d8022baf2f52411f6cb803d27748ebde52c0f93ff21624784c92432cee9c88a4c_1280.png
PREDETERMINE,to decide in advance,decide advance,https://images.pexels.com/photos/27075544/pexels-photo-27075544.jpeg,https://pixabay.com/get/gf710fe7f399fa79ca88151e51d9996c725d88e019ed089ed278455cd2ebada59d7fa4616af5e44463006b2b60dbe4b99be560214f5e916e38af932f8c28ab4e3_1280.png
PREDILECTION,preference,preference,https://pixabay.com/get/g69f77624916c41840504cd570a25ceeccdd78e0e2065bb7c51b6d1bba5a39f3300a0377a2cf64affe53a5e99d7dacded27cc37bf3b86c47a0fd887889a670d1c_1280.jpg,https://pixabay.com/get/g49de9bed887acd37ab7d16c3a9ad80200693b722b7d7d7984ad122e8f9f4c98bccd6ec26b7cbd20d1cfb59e127a8fafefd7b5837a7dbca50e22a357f97249499_1280.png
PREEMINENT,outstanding,outstanding,https://pixabay.com/get/g1930b42fc23604573ad19fb9f590d6d5bd428513029fd24d4742809f3314966f5d73ae9469b0f7876af6f74da412f04eddb899128458ebafccd5250287c95877_1280.jpg,https://pixabay.com/get/gd4a4b45c587dad5ab06da92a1fe701fd062cdcf4c04130ab27899cbc188d64c41257593308bcc19b866c3ca95465d7f7d2f67b91249c36606490d0141adef273_1280.png
PREEMPT,to forestall,forestall,https://pixabay.com/get/gbc72eeaedd1c448450a73f9bdb55fa32ff88589fb4b18e69ff0eb4caeb76142b86729472a39a2dfd71a62f35dc99509345ae281c2843a85333e2322d2465a8f7_1280.jpg,https://pixabay.com/get/gfcefca07c1a8754dafa9cf21b838493bed8166bc592450f935d427174ccbd847a1b9f1a0e313b9727a5a4cfc8f9b0aec74fe51eebca7e33f0abb76f70bbd0281_1280.png
PRELATE,high church official,official,https://images.pexels.com/photos/28181734/pexels-photo-28181734.jpeg,https://pixabay.com/get/gfb0521e0f6db0729ba77b91f27b5529538b635a1bd3fb30c48de70d791ce2919b959dd2aa46ae08c82e9521e1904c958_1280.png
PREMISE,assumption,assumption,https://images.pexels.com/photos/30622394/pexels-photo-30622394.jpeg,https://pixabay.com/get/g718a7001c9c1458c60bc6efee510e477a39bdf2edd2df7549aeff385b83591b93387bc22e99a89ab7fb06ae7aea3553a53c7d2e22edf550deee92ddb18e3cdd3_1280.png
PREMONITION,forewarning,premonition,https://pixabay.com/get/g76cef4d3840c0f5b24f3c6ce58f66797c42545b8cdda544666db4335e82f4ecd211dd045bde14ebb53dfb30f474dbfbd24b9e785bb867dfb2a275f98d84af2b3_1280.jpg,https://pixabay.com/get/gb0a73166814fe27d896e0e02f10ef28c28a1976f71478acab656632dbee173a7eb76c8a1de30f954150e5eebd647fb0f2ef0eef8e6d34f72a961cda7ae1960d5_1280.png
PREPOSTEROUS,absurd,absurd,https://pixabay.com/get/gcad85ca4eadf9ab2e1738d732d80553be8cbaf2fe66681fa29334b026019ff50c88a51d5aab2687c80df602b5bfaedfe762c5d5ec0bc4fd860e0d291ac7181d1_1280.jpg,https://pixabay.com/get/gab38e7e6044d6d2f858c3857cf2bc736d5f9e742ac9d50250a200e8a59da78cf1f3307af6408119c405adb51b1712d018e76163a0458ba9c5b74253389c686e5_1280.png
PRESCIENCE,foresight,foresight,https://pixabay.com/get/gafbba364b6b61364fc09c5fbb4a5448e0de819bf290252867c8a8344f67a15212ce4f5a154800dcaf7249c8efbd511da6efd0f72462ab1124ab73dc0b44554ca_1280.jpg,https://pixabay.com/get/g793f5e730e6bc26db605b6860af7ca1192d79e34688ed2ab9824568c23d261a1022f7f453367638f1810ea8e315802fefd490359d1e15e6fbc8678d7176fea33_1280.png
PRESIDE,to lead,lead,https://pixabay.com/get/g1c69ced6aa0cb1314a9245e672d56be808c3251a3aeb03d49fbfcf9bf119fd7eeee1ec1f9969affb16634545d94f8df577c61e6ca1fa6ce8aa1c2aff72da753c_1280.jpg,https://pixabay.com/get/g4032684f3711568a6ebb6fe9452ccdd742adb3e3d47e9022fc070113d8f628854078fd371ca3b76cd75b021709ac93a7aaf8200c692a1d477f6058e5e6831b54_1280.png
PRESTIGE,respect,prestige,https://images.pexels.com/photos/27851922/pexels-photo-27851922.jpeg,https://pixabay.com/get/g55c220ddaa044926be7580eabdb5c2ce09edbfe5f79a5d61c33747c38e5fdab637ef9015ae5e0d6ade76365cde188c04f0ba26a1764c2b23b410a205d3af4e38_1280.png
PRESUMPTUOUS,overconfident,,,
PRETENTIOUS,showy,showy,https://pixabay.com/get/g747894c5390ac14cb09d2e5bf35f445fe2a7dc93659fba706795db67f33fcc71e313a3e9cb3cf6e6532507c744e715149a21295d581957f0bc5e66a404c12b58_1280.jpg,https://pixabay.com/get/g55ddfe0947bc025647191ef1adb32316904652d7116947d64afefd2acb1922d4e662a805dc5a645459dd6e4aba75419c_1280.png
PREVAIL,to triumph,triumph,https://pixabay.com/get/gee445cc9cb2e10636a59e30d5014e47f55b7c9dfbc75df180df5415cca7e07ff11b72e5d03d4c2c2037c1d74247b482f8045fa3f91edf90e73477aa46cfb4d18_1280.jpg,https://pixabay.com/get/gc64ef4958a1fae4a196854664d56db09de88c82c0f1fef40ef78fed674177ea83292b102232f6ab157d386eb9ecf1474f41a66378172ea79c3fcd6a40f99e6b1_1280.png
PREVARICATE,to lie,,,
PREY,victim,victim,https://images.pexels.com/photos/17691608/pexels-photo-17691608.jpeg,https://pixabay.com/get/gedecf0108531598f6dacfd639bde66abb6c7935727abeca3b59edbc4a8bb0c8087ecbedc9f2bfec0dd7003e42d8e258d3bfecc879fc821dd752ba6a8ecfc29d1_1280.png
PRIVATION,lack,lack,https://pixabay.com/get/gf3b3c15df165908c07f989a2e43291b519c720c60fb8f770fc44e0e742692fea6c762019cd8d7cc830ed940a2080b38203a835022da63504e424b23297da75d7_1280.jpg,https://pixabay.com/get/gf61b65883cd5d6b2b79c86587513b99b3e6af966de217e471045f2939e7511ea86d82321f85b16becefbfa101af4817989003a7bdf8d8d487ff4964ad1f420ad_1280.png
PROCRASTINATE,to delay,delay,https://pixabay.com/get/g77b36e4ef1d4dd66093bb1e43bdc54950e2fd281006692ca7496312b607c4b82e765a25b0d48849a68cfdfbfe83bb5a0efd81139137191a8dc4e60ca358ea863_1280.jpg,https://pixabay.com/get/g3c5e465a6436e5ca1cb8095cfe210f006657966b9cd46284091186d1d23e9b78760425d17504f01f47b01f6f4414b91a6eff9f5c2dc227641a1c03f9efd2df4b_1280.png
PRODIGAL,wasteful,wasteful,https://pixabay.com/get/g111d539d56f90e4a495869d47f6a1cd8870e4bc9e104c572bfed0081a924e518a5caf27419dd982cfd355a80d54ddcd7aca6884a1d63f6b89dd9090c4a52820d_1280.jpg,https://pixabay.com/get/gafb753c384752c950b494f9bd5c026bfe90139cdac93f0def275795e152103f8912ecb6ddddd199444a50a50e5a1dc4cc2b2db70fba4a7948d494795fdfd9fd0_1280.png
PRODIGIOUS,enormous,enormous,https://pixabay.com/get/gdb20ea4ad04c1ac9ecc60edbf3b06f4cb6f35c2afdf338407df7cb77bbed370f3bdf63dc79bffefc94bc701f4768aadd8f1401c200a5f562544e5863d002e0e5_1280.jpg,https://pixabay.com/get/gc863cbb4648649975fdcd669042d3521843184b7b41d5e0bab5d6e2c2140431a69a6968bffce010a150fdee6519e2c9855d63614d99cf16dcfb733922f570827_1280.png
PRODIGY,genius,genius,https://images.pexels.com/photos/12045722/pexels-photo-12045722.jpeg,https://pixabay.com/get/gf675bd91116e9f7f65f3c18fa9d2ef40c751a2714d57c0139d334c550bcdf7fb0195773ac968fc73c0abc7f0d9ad2c8f197c68868deddcc73c4dfdffe715bd43_1280.png
PROFANE,irreverent,profane,https://pixabay.com/get/gc8efa563816fc536fae100912ae880bffe0cf4d36bb3f8b53586d09d417aa33984e43b03d8a025c1f5cbad6c48b12969150647127a47f8dbc9ab49e5821a3b9f_1280.jpg,https://pixabay.com/get/g5e5166fa0e21a806961ed87495ff0dbc93bb786cfe070fc17f8ce13a8708c3d2d88a054f5879c59558ca6bdf917cf1ae881f6c0f46a0fc4c3ec329e69993be44_1280.jpg
PROFLIGATE,wasteful,wasteful,https://pixabay.com/get/g6313ceab44496c55cd7d190dbad4e21d357dcae72ee05a3b51683338539508d65edb3e68aa030cacbdc1eefd410c8c66486d1ac3ca25f9741d92251b24eea07c_1280.jpg,https://pixabay.com/get/g8edacee24f54015d33fe828453569c1b34dd7c3309582e5a62a2e3341ed7a3f31eb55890400fe16eceb15fec16e28e2b639b7089599d648ab46ca1073e31a13d_1280.png
PROFOUND,deep,deep,https://pixabay.com/get/g5ddd197247d19847e6b8b219ea58c3f026c7adcd52703eda35ae555a7fad0a1913ce766ce3cb5a4920e7776c48bee970626e3c0430fae4eea6401ac584245dc5_1280.jpg,https://pixabay.com/get/g324371d79758a9f0700b6bf08243de831c245a54e7c8ba68956bf87e8d2aebdee0240e8d79e6ce6f549fc7f3c914456809841d5946d0149c530576a22fcea464_1280.png
PROFUSION,abundance,abundance,https://pixabay.com/get/g89af1262c649197aeaf2f924aac6af1a330c1356b3d2412926bdc86243450889d7e6f0f10265d19ec7eac22d2c5c388b8988b96a60f2277171b8f2f3a9f67bc5_1280.jpg,https://pixabay.com/get/g462998e8c9d480cc6bc674053f699c309e4b7a594e6ee91785c8e3f003245b7cd4fa468b138ba62787b5afcf06397756398a8c4bc12719648b56347e0b015fd7_1280.png
PROGENITOR,ancestor,ancestor,https://images.pexels.com/photos/16010575/pexels-photo-16010575.jpeg,https://pixabay.com/get/g991f8a2c03eba1e21131a23cd0bc43890b33bee357131efa6849e5a9860256b644bfde06ec00d07a6a8cf6696c9b7c986c6a07211a924d00f1df6cdd584f593e_1280.png
PROLIFERATION,rapid growth,rapid growth,https://pixabay.com/get/g405ac6099dfa5eb06731ee97aad671f068512f79845ea224452fa0ab1c561095a2b325d9d8c2740f44e0c15df1df268ca931569c0f932bc187be90d73b7c731f_1280.jpg,https://pixabay.com/get/g04f4c31e5d4ed3506d99f742077c9e879bdb8eb1ca620e16c9eff12197be184f197130599dec7439cb691700075c33ffe3b0cff86864edd1ca2e23d341123c37_1280.png
PROLIFIC,productive,productive,https://pixabay.com/get/g76017a2615e46d9f0bdd2622667f0abf2635e8eda83afa6a627dca8de9d4cfd22deef05fa2217e7d29fc6f2602443d372f7d44d514ef7c2d24387a8a75f7fce0_1280.jpg,https://pixabay.com/get/gb97e991ef2c4e38cfeb4f793ea04e9a0d01de9d23f6356df51979df12911ff00b92ac3bf2bad4e43378e82b7fc7af95030aff6c5fbf68bf31dd808cec2452d26_1280.png
PROLOGUE,introduction,introduction,https://pixabay.com/get/g3191091bb8762435bf1b67bcb739185f4e7f57328b9867b7dee9440d7a833ee4ad7677c8e8beaf35c16b163d1fc64222b3b2edae6b729e3f88fb12dffb21306d_1280.jpg,https://pixabay.com/get/g07dc82798ece894b2662842db757caefeeb31fcb9e6e1615b2f8a895db45e8251bdbf95180f3b34437d96a06bfb335a4f4cb00e2e3798abbf23f9ae8539ae880_1280.png
PROLONG,to extend,extend,https://pixabay.com/get/g0b04219409e91432ce9b0194f666f5d250dd51e806ee1d6887a8a8860167171eace082cf6be9c61e786b3697fa51fc3d6cc77f0e171b9fe5811c68540d28f94b_1280.jpg,https://pixabay.com/get/g8fef91087ebb19dd3daeecc7fba2b9347bde99b1be8af1ea6db26caa845f84a9d173ce2fb88a9ab5c6d6588f81284c81cce0d1e62140b4c4d1f90987a4b182a8_1280.png
PROMINENT,notable,prominent,https://images.pexels.com/photos/8451911/pexels-photo-8451911.jpeg,https://pixabay.com/get/ged6dcc21fbb14afb094322bb8f53db4e3159e60269a0182f75dcee173aa75816c77efbe65f0b29e71b235e6e27e3202126ed7e66ced15fa7792e1e806cc908d0_1280.png
PROMONTORY,cliff,cliff,https://pixabay.com/get/gefdbe7acba336b81f61fcc18b9ebf79bcad11e0a6afc347ce0a7cfe38be32993eeb8abb49462e262c37d62893b474c09faf5292a6b12c0b4eba703432d3d4be8_1280.jpg,https://pixabay.com/get/g0b246547b1eca6c5b5ef883ec7304db67c91db658f5f33c6a2d41db0914bc71afac9d136e1f5c493ce8ee3ca610f82b592382b167aa6bf81a91a303dba111879_1280.png
PROMOTE,to advance,advance,https://pixabay.com/get/g44684671ea8b526671cfbde69eb6db1df7bb66744973dfa2d1b19c0f599fc5262b1d0209eb6b05678a3d1fbc7784593fd3bf342d461140a9098bec790a1645b9_1280.jpg,https://pixabay.com/get/g7face5b014fcb48730191415dc5eaed788337958ad731583e96ccbda78ef7d4f6c15969e167449336fc059b66a24100ca8699e78aefb73a3b435e381e8df14b9_1280.png
PROMULGATE,to proclaim,proclaim,https://pixabay.com/get/g434cfbec176ff418d66a1a571732d9c852ccc4e7edc8ca065a6ff7526aadbd25ea2a1b3a1f7c9b89aeafb0f14cf69e17d6f16e75c52b93df7071eaabc8d446fb_1280.jpg,https://pixabay.com/get/g0011c455421ceba87cd6ae9d558fdceeb78383d5d141ffe2438d051dece002f363f9c0c4fbe594d8876ea0cc4ef19c3e1d0cbaf10593d9f40e3e5bc342031e15_1280.png
PRONE,inclined,inclined,https://pixabay.com/get/g64fd306901705354dc59aabc1d8aacb87b2f33b858c251adb83e99d9a517da3541cf3823f5c91745f837747bbffcc0a260cdba9eb385b1926be07710fd3961e6_1280.jpg,https://pixabay.com/get/gf24f73fa9147f051e53877bb66dbdf970b4c5ebeda8d638dc0114320abd29ea261be8a79501ad38e28eec3328a4ebf4f1ef47b3fc983b538551cb0c6fc5d198c_1280.png
PROPAGATE,to spread,spread,https://pixabay.com/get/ge91ae4271b0ec50cee06143db862f1c738961fd8a2bb82b32cc67b0039e09868d254137943eecb830793bbc0f9f48f3e5efb8f6d4d61ffe5b5e4d07ad1acac53_1280.jpg,https://pixabay.com/get/g27f9934cd449703f42356702de4e18a43009e0621496a9e6438d4b54cb35e5e934eb617ceb8d70010b106633be21e136_1280.png
PROPENSITY,tendency,tendency,https://images.pexels.com/photos/7448281/pexels-photo-7448281.jpeg,https://pixabay.com/get/gd139889ec289b5ace21152fe2769fea5f399ecda2aae154cc1a0596360ab5d9b5c5162d963804735ff47ab138da04f696d4217fe44cc6a6e7b406af9f3efbadc_1280.png
PROPERTY,possession,possession,https://pixabay.com/get/g8b0146e783371479b6f019ce90c7f77843fbd797f7fce16c600e3e3bbce7cb1965bbd37394a3d408b16c23bfe0945ff71c79660d1fead4fe120e1373ffc65c09_1280.jpg,https://pixabay.com/get/ge6da70150b1953e2367e3b9824e1eb4077c4fbca23141eca433640cd394cf8f175dc5f59bf3711a14f462652dc235c882c0fb2898da64afbecba5bfc1d0cc537_1280.png
PROPHETIC,predictive,predictive,https://pixabay.com/get/g2dec410c970982301cea7a53842b0680142b132b5ce29aa706c1ae5a2b61df11a16c00f096b61ff3408820b08f562ce7b81fcc9d87e1df688286ef00e6b48ccd_1280.jpg,https://pixabay.com/get/gc7dae28755753f4aaaf44ea75732abbcc2d7da880769aeec71dfb1876b40c90666f0600ea35fa9ae25c99e18e6bf190a_1280.png
PROPONENT,advocate,advocate,https://pixabay.com/get/g0c313c0e36c97f044ec9344ce4a9c27639b601edff5873906dc20056bb33738a47cb1dbba16f033c96d398774ba06bcd51ecbb9042b43d1148f12dbf30e85089_1280.jpg,https://pixabay.com/get/g3cf7bd9d2510ea4f1d3c31c8ce37be07baf9df0011b0fda0a65a73ed7a8329deea4b13aa91f94ee690a8cdcba4da7bc3_1280.png
PROPRIETY,properness,properness,https://pixabay.com/get/gee3c838b677687709ad00dbae27f8c2adf76e1e227ec074e89ba363f76d12381849cf5d0980ecee9b246717dd28225c47d51759304ff9b7d5d0e0baac1a9f173_1280.jpg,https://pixabay.com/get/g585b79717024625a9d62290c67276d250b0c2fc3197c07f60fe583a2943071fed726895b6b1fcd1bedfed1fc67579b6ca0a8f7ed55b409a34c0af3b0ba769ba7_1280.png
PROSAIC,dull,prosaic,https://images.pexels.com/photos/28181734/pexels-photo-28181734.jpeg,https://pixabay.com/get/g12665b717603b51dd1a093be2a30d0fa1cad7160b43ec3766ab18a4f85716cb897bddade8da947ffbce18a5f3f3f41dd_1280.png
PROSPERITY,wealth,wealth,https://pixabay.com/get/gff6bf08c45757eb54bc0c1eaf90519d05d695cdf802d8ae05d21f0aca5985439266fa03fe996690e9f083adfddf96487c98bd5462bd27e950ebce8f11f011bd1_1280.jpg,https://pixabay.com/get/gb5b64abc4b8eb79d0ff9be4bb6d8caf2e39ac994c422f46281b2727152f7754b09fecfd34c66ccf613ad2c0d0b4ceaeee195800334bf0fed6a18653a6c9fd844_1280.png
PROTAGONIST,main character,main character,https://pixabay.com/get/g762a5487aee47b32913db0c746b480973511f88aa7db3d61cceb52785382627d8f37f7aedb73502a0cb1c40ed74f7e7d6a44babe91f0e83f21801d1143276358_1280.jpg,https://pixabay.com/get/g4d5646382cfd70d3018f41700534c9691e9d977d31e155d758d6b5734ba441f7687ec97ddf21975965fac84ae57238f0024970282276f09cc3498a0b169c0613_1280.png
PROTOTYPE,original,original,https://pixabay.com/get/g2311e391019d98a934393594ca0e0b6efce035c321805945d29ccc0f0ccad53922cb0c8129fc57fceb961902038563cf3964f5ac1538ff8f3b1408fcf16d9f4f_1280.jpg,https://pixabay.com/get/g935588704e776ebec8c27d4322e1d86ff2b5dbf5606360c4f17cd905e47a609382c10aea6bbc876fc6807eef3a086851cf9e7fa38f8be4af98d47bfc53cbb7bd_1280.png
PROTRACT,to prolong,,,
PROTRUDE,to stick out,stick out,https://images.pexels.com/photos/7448281/pexels-photo-7448281.jpeg,https://pixabay.com/get/gae0d53c3808eddf72d0dbe297369f32f9a35131a38e3fa99d1cda1e23a8fe16a3a84b8982f590f316000ec284d78b063b685062a0333faa46b2ad6de03f558db_1280.png
PROTUBERANCE,bulge,bulge,https://pixabay.com/get/g9520e7e0d458ef81a61306ee16d564cf8f5551e7fcbef475dc2cdf8168e83c79aa42ce9da490e35f0414df6120ec81954dd6879762941ee39ba552763e43ec0e_1280.jpg,https://pixabay.com/get/gace7e67b994bce30aa8815e634a080d4e438643c552595683c9cf9d4b2090e4ae362e9d9e63fd7b69b256dcffcdd6438_1280.png
PROVIDENT,thrifty,thrifty,https://pixabay.com/get/g9a0029b0a752c2e7229772b1b8dd60d6a4cb1d951d25c7176a728e8137b0b14272b1719a29cf43944aab75992d6afc6721e85dcbf9987f0460759fba5ef5d267_1280.jpg,https://pixabay.com/get/g7437bc5a90eec96e3c74b60a760306b0a375ce0cb43eed9144d5461bbfc1f56af6742be84e2ed7ba13272a06703440ab6be5d50e36bcce6276552b9ecedbdfeb_1280.png
PROVINCIAL,narrow-minded,narrow-minded,https://pixabay.com/get/g6a32ee8910c44548c278887ac31ee1ae6400458c309d87afa847408caab326bc7d82124e86f74bd235fc3d93c82ec1eb8f1c6a79799aeca3e124506b4849e580_1280.jpg,https://pixabay.com/get/g4d025454826556dae2ea561b3c6c8dcec50a09b1ace2ac6e17833cd347f90c727202b6ddf9db889d636b1ad1119bfea7de9fcb448ec183a66c7c121119a24e50_1280.png
PROVISIONAL,temporary,temporary,https://pixabay.com/get/g2bbe50099f9531dcdf04dd17e13788c0d99d1c94e51da1a9c7efb8f3a044cfb3ce53a48017906ddacd402965c463cfc63603dcad3e8b8583839e1f1027fd8ae0_1280.jpg,https://pixabay.com/get/g421aa84694d5f9252c578d4a8e9408356bf15fa448a1798302a5959d610ce3fa9ef1af103e4067b150ab8f298d42c350_1280.png
PROVOCATIVE,stimulating,stimulating,https://images.pexels.com/photos/15367731/pexels-photo-15367731.jpeg,https://pixabay.com/get/g5d5606929671987e187a60ef4b1cf659ae9be39fe7cc028c527d0bac60e0f21151b309d431845f41680f4c842ca9aae03b3294c4d1f90e7ac653b388f40f9a1c_1280.png
PROXIMITY,closeness,closeness,https://pixabay.com/get/gf580b7a20b54facb2c56b9b20829d721e597c4f08778a16d351ead66371d28c44a708201c04f59c8fad4d9afc7970512769bb368feeafe79905724263394a926_1280.jpg,https://pixabay.com/get/gbeebaf95487c19b85e52bf1c6d69307e7fe26a97a022f871d03a84a07d5fbadcccea7d0b2c10886b415904fc295b003745f6c4de5185e1eb5d7b0ac53a7b7128_1280.png
PRUDENT,wise,wise,https://images.pexels.com/photos/19399318/pexels-photo-19399318.jpeg,https://pixabay.com/get/g2231ea148a7bf2cdf104cd375cfa7fa00cdc8d512f29d72b3aacfce36c27160484078876898a7b8b66dea6030c500758ace6daf2ce49c137602b128e40c4ea87_1280.png
PRUNE,to trim,trim,https://pixabay.com/get/g51d20bcc2cecd81d6a66d9e948cb34ca84434d7fa3e695242c349864a2815d5ef6066c16f4eb8bd356faf90447e1c58980188c5596c57d6a2addccab502573a6_1280.jpg,https://pixabay.com/get/gd75314179ca36ddc4ea23992738c015043b904fbba9a587e26f09ce4863a15026e01ce0d923c78ce3356de8218bb2878cc90920b58d70778a4359d70f5164744_1280.png
PSEUDONYM,pen name,pen name,https://pixabay.com/get/gfb26a5f8ad2c21f4dc8175b79aaf94e5143b068cd67e07860bcb1cb3cfe637dfbc9ff129875f0cdc47af93ad93ed93d7660c731afae64b386332dc253ca89a9a_1280.jpg,https://pixabay.com/get/g79782709400a44da62d8885ee2c020f20ba19cd10a8732f0684be096ca8a51c0c011cb7b8f428062d69b9fc540ffc4f9_1280.png
PUERILE,childish,childish,https://pixabay.com/get/g6e2c801eb5cec5d36e3a94fe24d2fb3b51e9f1eb74cd8d5f511991994a98f88b4f4982ba16e1683984878d3abbf76ac4ff67dd20a816ef7d7f061e7a1299d366_1280.jpg,https://pixabay.com/get/gc343d0167b0259bfc6734427dda9e1d5d68857da40bba00a4b250283128b29203c86d6fe631e77e36071df12cc799db57de3d92359c170560f144e61d0a3ebf9_1280.png
PUGNACIOUS,combative,combative,https://images.pexels.com/photos/35057569/pexels-photo-35057569.jpeg,https://pixabay.com/get/g4c8e36e958d0e85fc0ec8bf60f2dc710fe0086f6252b8a5ace93995e781337c752b00b36d3af057719e519dc6c240f5a87634012436ba0845cce19ec503923f5_1280.png
PULVERIZE,to crush,crush,https://pixabay.com/get/g6d0cb65d3c7cbc253c52579f717be5afda5571589f03f6baa58850e2f4fba905e85b834c0218b1f5aba9d04c88cbafe3f41f97311bcdb57f077cc3f1b7552951_1280.jpg,https://pixabay.com/get/gd2c692f90b34090e7e02f1ebf2c9cf6ae73eb2fcad1ff6d983d92182120f11c0d970c7340f28150fd511b8063f58327ce52161337f3c3650ea616c85c5f8d503_1280.png
PUMMEL,to beat,beat,https://pixabay.com/get/g5dcd8c6d87e561ff0c35fbf11540fce29d3641ba786e9a96db856c412e9929ee14d2a94a1e9f18cf6d83f6094540265a65ef586e8592e8d3a2e2f3e298bee3a2_1280.jpg,https://pixabay.com/get/g6e22795dc20b4221719dbf160c5c6e57e87c07dcaef140f7251d984887f5688cfb793fbad404a66d73b787572f6b2695303875a3fe5ef6ca661f928df3358b12_1280.png
PUNCTILIOUS,meticulous,meticulous,https://images.pexels.com/photos/7448281/pexels-photo-7448281.jpeg,https://pixabay.com/get/g4d9f45ec3a04c5fae86327d6fb264aae12d5f4a8177203919b5b920ff2bfba4b5348b9754f5b2da978ff18cf3fb87f737c3ce404cb37e2b4843e70561ccafc81_1280.png
PUNGENT,sharp,sharp,https://pixabay.com/get/g589db935761978c490e37ba98cebeb9f5962effde372b7f8e16868cf2d994d58697904662e33a4832fb94e8eadc30fc20750fb1c354d77233bf60e4ae5da574f_1280.jpg,https://pixabay.com/get/g65355f6a22c28aa52c7be6a645600dd2ec1288a984794e6437ca4178ac73a4c0d82cb837679328cae42c6f912f45fdf4_1280.png
PUNY,weak,weak,https://pixabay.com/get/g4ab6cf48641e68810de4fca43045088b626d0ea33f51fc38e6b3b21010f67b2ba358ca6edc6011e6837feda378a12a59205adc83c2216a62ee6c94cf561924d2_1280.jpg,https://pixabay.com/get/g29b14a00e7c2a02fef86254272cb9c11d0d11e0546f765126b9ea669e48b1acbb62ea634ffe2c446c9d094296a1b885edb679dadaa9cbb806b1df6151197a5ea_1280.png
PURGE,to cleanse,cleanse,https://images.pexels.com/photos/16329382/pexels-photo-16329382.jpeg,https://pixabay.com/get/g13c46e755df5edefa0b63adcaba04610504fbc144d9edc1a8f1ebd3382d9d57055577eb67baa57b85b4c54c39cafc2414f9470c02ee41271c32955a41ad0b797_1280.png
PURVEYOR,supplier,supplier,https://pixabay.com/get/g6cd3bdcf5f23c0f00db3a92f08ec56601b5a51bb945fbe37a8ea8a91b39b798e7a400e8d31d17bd1230339536cdb80ff574cdbae5e709b1bf3a68151f17143f3_1280.jpg,https://pixabay.com/get/g55a32eb0197a6c25da0320880a39ea1a968afa8a3f30dda56116802c33af93ec4314fc58dd205df3b37e9b1bc16ed3cdcd14137db16134f5f9d02da4bfdb14d7_1280.png
QUACK,fake doctor,fake doctor,https://pixabay.com/get/gcab33539c4c6e411a49bcf6b9d582e709c8893a4dfcaaeed33fbb50caf2713f1e7be6b99fc036bfa84efde2e690b4991ae76124013c4cae7b9cc124c61cd6544_1280.jpg,https://pixabay.com/get/ga17f96065d1292adecba08ebf5d862f77ca6cbe66e2b42b523a2c03f243a03fc7c4b90853866c8763ef3709b1d9e371c5235d7aed6a2e240d2eb14953c2c93ca_1280.png
QUAGMIRE,swamp,swamp,https://pixabay.com/get/g46120148e52619ada6ea8bce20ee2390cd598b754b6b3050edfea6679816bec02d541fcc9862ba7b014bf0290232e590707b26c95a49245e0dbdb052cd5bb568_1280.jpg,https://pixabay.com/get/g7bd51f15b9fd40c0221401a7413391f3749b6aafd2f689f9ae608c7d0fcad250506b10a0ebd54a74a0bcd09006337d356d1352cc487acbc218369a36816c5d20_1280.png
QUALIFIED,limited,limited,https://pixabay.com/get/g6832aaa38ee13ece84f34ee2ec7457493d3b16e5d173a23b5ff2ced69fe734190e9bae8f4dbc66b2b495fce3dfe721c98b24b529ad7600cd87551d25ed32aa7a_1280.jpg,https://pixabay.com/get/gb37917f049556152c6469e57bf28cc32eaf51be996d4e8ebcd926f4437aa683f989b83287bfd220c32fa4b1051ad5d7e257b0af8dcb20e755e499a1ec9a7d90b_1280.png
QUANDARY,dilemma,dilemma,https://pixabay.com/get/gd3e1fcdc34a26eecd43b0b9f0f564b36da18cd5c8032680d3fc01a74fc2aff341effa4183826e27e837ceae6305210554297350a697e358e8b9013bf7a53a745_1280.jpg,https://pixabay.com/get/ge3377d406bb8ac6c0c0cb34bdec391f7eea4213e15647aa77ea965f27296950b24572405efbd254cc7d1d87cb5357981b575633fe414c349afebe185079ba221_1280.png
QUARRY (N.),prey,prey,https://pixabay.com/get/g82e6dc1021ddef291b551d2a96778ae134bcc49e69c63bf43e86d0d8d547f74ac6c48f4300cd09d6cd01e009340af25ca637fc7f658020bdfc32e33b529276b1_1280.jpg,https://pixabay.com/get/g05cb352655ea3ff2909d7a1728ea4124ef93892023f99a0e28b8f3de020295ae939b23b654ef8bb7ab1c1dbce6517befa2506a08cf892779bbf0ce02881a4657_1280.png
QUARRY (V.),to extract,extract,https://pixabay.com/get/gc8f2a716b5f1d75be61caf90cd54f26a903b18f605c32ef121aeb38953fd84fa5fd8a0022ae99bbb09702a3d56956bdb78fbb1358e003ddf6b6f649d93251378_1280.jpg,https://pixabay.com/get/gfc8822c0c5c19b93d0490d27ad199aef4f0da7261c6b1e3412b0c7a5d423bc3e68bf9d9bd4628d18370b41744a3028ee30807f970e11fd0a6cd75fd510178e99_1280.png
QUELL,to subdue,subdue,https://pixabay.com/get/g8d3ec220c6e60005ebe9ef2fb0992d1437ba97c867b286f8ec2a91afec00e7cfc67651564efefce971f9fbfa448576ce34d805ff8f59105ea00e8b5668f21b67_1280.jpg,https://pixabay.com/get/g2bcae9d8f92d3f9879f1db8f51646cb5e13a421db8c8d052e12cf728a6e58421b453dd3bfeb689971c344638d1aaa5b80e7a6ca0633f737e1f156bb66a3eece8_1280.png
QUENCH,to satisfy,satisfy,https://pixabay.com/get/g174de72d75656b85344e0d0ea4b3b5508e3a70485457a95ddccdde83f3704a7fb3bae844feebb813b792be0fbc5e8ac8204d441fb82bee4f2c4bce652a77e9af_1280.jpg,https://pixabay.com/get/g8e06c851765d6e67a6a7a9f6483c5eaf91007479f68f694c87921d96c483dd9ce9cabdb895bf284f3da9db54c669b37b523b59648d627eae503ee74d5f182897_1280.png
QUERULOUS,complaining,complaining,https://images.pexels.com/photos/3762802/pexels-photo-3762802.jpeg,https://pixabay.com/get/ga13551f6260f5a6bc4d0540225beb038130932eba32e8f4adac958e1d9849ce3886c534ed17f944c3901cb8ce766926a368c408e269aca8c26ef4172c17bc978_1280.png
QUIBBLE,to argue,argue,https://pixabay.com/get/gb372cec4cdc05e660a89150c2b723898b09add0d10c78ba29cdb2d2796359401c3a03bd2c357a2a8824f8591c99c6d084db68b087fb3082fb38d7e9a57dd0b3e_1280.jpg,https://pixabay.com/get/g3af90b8f09f8c552b6186615cc0cfa87e9acd998315a0fd30f9b7fb4c87c46460c906fb33dfb27b8e4b74c1edc390a53e487cc40f830fbe2b70b7bd3044e4ff9_1280.png
QUIP,witty remark,witty remark,https://pixabay.com/get/geefc729ba2985a142253e699fe50afef5a05b2ed1b79d9a04e8045bcb713d592c3a6f9c1b963191a0a15afb2802d3dbf3abeb08cac5739c86c27e7d06f3e6b4f_1280.jpg,https://pixabay.com/get/g8bb080989e88fb9420b509c43b924f5ed0f12eb8fc570230d36d8ed4796d933a84aa72a1810d72e97ec5c52640a23c73d3d5d550dcbb44146d266a7b27abaf65_1280.png
QUIVER (N.),arrow holder,arrow holder,https://pixabay.com/get/g74bc91d5be500c51c94f49123e1f033f7934b53c256b7fa3e3eb2b0b8446b6ed6c5432d9663cb9cc859f8e8c6433b016c7c74cd543530a8739b4e29e884d4c60_1280.jpg,https://pixabay.com/get/gd970784343e4fbc62da32bbd560609ed4d6e7e2d4d91043007c20728ec1f3b168314be73a1ad4c549eda2674d2b2db5d_1280.png
QUIVER (V.),to tremble,tremble,https://pixabay.com/get/gf712f92c3e85e796c0a96dc249c5d9901e9ecbb7789c8346c8a4ec3e1aa624abd067075622efa3ec60f7fb9347cc815ef28b06456b3821700cc3633d968440e2_1280.jpg,https://pixabay.com/get/g5fbf9342b056af496ce48552b4ba946844b4744edb269c3899f7eb83f6276c1cb77e5ce73e558f1043670bffed1bf85f9e68b61883b4490e1a0183fcf24c4346_1280.png
QUIXOTIC,idealistic,idealistic,https://images.pexels.com/photos/35471193/pexels-photo-35471193.jpeg,https://pixabay.com/get/g5178309423e7667b9c5da7a024f6e46c37f2370de8621b7063684cc3fc9c98d10a34edce0822d34a43a969bbb9acf557b69bd39d0183977517ee52105b5cb0a6_1280.png
RABID,extreme,extreme,https://pixabay.com/get/ged1cde8839cf58df9406368d9853a297c2d6a6225f22177c4750dd062a0823340e6253e7b32a977891a0c80e87ca4a89e63a279dae32556948b663b82cb0a1f3_1280.jpg,https://pixabay.com/get/gf9beaaca6c7d2d2d2d5b08ee448763a26d3ee5f3b8cd7faa2b7387850264c0d1f3986ab3084e5f980ee425c7dc9a380774cc3851cdbb29403cc552a8aa1b9d80_1280.png
RACONTEUR,storyteller,storyteller,https://pixabay.com/get/ga9fcb5e7bed01c979d4841d62fc8082cf67fc34c198c0c2f35ed8015fe38f7bd7f2bb49ca2860d163a46242a1cd0d06826f719f3f1fe5274f917f9b29a2f978b_1280.jpg,https://pixabay.com/get/g90a13e0d9f616a5f4607587b5e8c7679a8e1a42786110149f7297b55477fb67a12166fcce59a8d9f447345d0cd5b430e5589fa79962806a65e3e7cf92975daa3_1280.png
RALLY,to gather,gather,https://pixabay.com/get/gf65f069df3981b7b14699b0eccac676dd5b722b897541aaa6b439f00cad158a45f79c9dbf9363a56ed3d93e87d27d039dc67a1d52179a828a35a4d91668b2681_1280.jpg,https://pixabay.com/get/gd11ca8d2f22425f601e41b9d65f443bb880d2d4cc8404cad46279e5684af657117f170d7c59ac29fb01b6a97c1315f57750fb66d4ed4acb71d9cfde1575f16c0_1280.png
RAMBLE,to wander,wander,https://images.pexels.com/photos/27616792/pexels-photo-27616792.jpeg,https://pixabay.com/get/gc7c808da7d091653e3e2394561becbff5c03d0e5b44b0ba7249418941e068a9de982888456d031b9dc85c7a7652af509_1280.png
RAMPANT,widespread,widespread,https://pixabay.com/get/ga457b95954248b04a2e79d83040dac06703a6009180b640845797218892f892470504702d763dc640ab392e973c3632ef14509fbc2f3b026e2c6eaa4b2ff056f_1280.jpg,https://pixabay.com/get/gf6f53a26889ce4f4df3c5213250d03d1228f0f05101a28368c58c6f010271f601c5cc9c04178930a8fb7bc705a69a1b9d9194385619a0f08c1a7727babe65c2f_1280.png
RAMSHACKLE,dilapidated,dilapidated,https://images.pexels.com/photos/15631838/pexels-photo-15631838.jpeg,https://pixabay.com/get/g32d12a1f1f59b7256a2b2f2cfe49add0adc3e3517fd9e4bb9bebd85a874430818cb53f2b6ad58d676e8ebbdf2d7c37b909f922b7615179b5ce8d9befe9f01868_1280.png
RANCID,spoiled,spoiled,https://pixabay.com/get/g05b6ee1a40599c3f7a82a6d5a6b276a50a6c4ccece3f9c7a18388c01d111d21d660964f714de51bbb3d6fe4b32f206d0073bf38daa4bfde96d1bc504054dd756_1280.jpg,https://pixabay.com/get/g8baa460dbe1acfa3ddd8bf6afeeb801cf05d4f9af5d12243ed761d1eead5a9a1ce45135eb49581a94205496ee9b8fd496652c661eb18f038f17dcb79e3ad7297_1280.png
RANCOR,bitterness,bitterness,https://pixabay.com/get/g9a8c2b52f03941fb1afb650298ba217ff19c227f8496dcb935b1ceeae0f6c029b1a49f8c6096965e748e43ee6617ab8ffeebfa9ffe7d43bf8fcbed1b8e8dd232_1280.jpg,https://pixabay.com/get/ged33c4abd9f876491d2741ebbb286f88eeb60673ef6610782320c8a8dd371a80f4b78b59c3a7c927ad85a8d16f2b5eb5845dbe16bff0e05f6778ea539023da66_1280.png
RANDOM,arbitrary,arbitrary,https://pixabay.com/get/g6225abfbb9c2a4dc0268879f0b53fccc8274bc4c191844372ecad81e05d8228f3114a86743a514a9d59224f06e01aed84fd940072035e71cd86f315bdb822f0e_1280.jpg,https://pixabay.com/get/g6a9e4193a92ab59b368475194fd368d77cb88a315f7127603eeb229ce8335983d47f071623d44778960d9ad637e2dc13c4a9e1a2eb4d074d6992c35b25a07835_1280.png
RANT,to rave,rave,https://pixabay.com/get/g614d8031f6595d248a7e33d269a8b97521962e777c770dacb549b4f627c222f852a681719cb577c6e9df8cf1d48d68db427f8a4538741e9e91d8ddccf26df531_1280.jpg,https://pixabay.com/get/g7252af03609d584be6c4e661888b003ac66eb9a0696f7039d7ba8508985a5b9f54a71c3508a8ccbb56b49d251d8410e2a418137d558cfdcff441a3c040dbbbba_1280.png
RAREFIED,refined,refined,https://images.pexels.com/photos/12137473/pexels-photo-12137473.jpeg,https://pixabay.com/get/g112c0be38fbcc11ca04035ca215799dc665f9c5e98a487956aceb9fdec63dc2e2bac0b1d4965cbf17b2a653761b445b40a133c9e770a2def97c67bfdaee24b36_1280.png
RAUCOUS,harsh,harsh,https://images.pexels.com/photos/30345758/pexels-photo-30345758.jpeg,https://pixabay.com/get/gaecac74068dc1178bcbf1016c8db1d88189edb2fb07fa9259b7578d01482ddfe7b18ff2c6910e8ec5958641b101e2b194ad6f8ddbe97924ff1269a357a92cb89_1280.png
RAZE,to destroy,destroy,https://pixabay.com/get/g0a2b7559a158380946d392f8de8ae54231b3032621bdfd75c9a366a0c55d33a4721fc5c3384c5a00487936750923fb531ee73408fc3fe72de49b2e3e5d71141e_1280.jpg,https://pixabay.com/get/g149b0832b186aa7ea18309ecbf8f97fd14b3cfadbaf9a874754e46d711e8b6a11440f8f36d7225a6786f88d82a943bce1b913cf2fe55868ae6f046667c5fb0b2_1280.png
REACTIONARY,ultra-conservative,ultra-conservative,https://pixabay.com/get/g33b4205513f131849644bc27c10758a93df31e0b78d5f034cf3e9b3e3e5dc25685f802ff7305ccdbcd5d85959be5547c0da7d0c0b5795796c2af91d45cec9117_1280.jpg,https://pixabay.com/get/ga1b6b1bfa89c6137c9ccc9465393358052a24fd577c8929ce2664176adfdf71085d5a078d7bef83338db15d3899e8257_1280.png
REBUFF,to reject,reject,https://pixabay.com/get/g4288408cc31cbd0fe0b975a85333989df3b0b72b4fad1e4b2690676b45b11cc9e244f57b7c1d9eba6e0aec309c611c6071d4499fbd08729c8c912a36c01b38d9_1280.jpg,https://pixabay.com/get/g380dfeb30b780acdbd42440d8f442f337420fe14751045298c8d6b5c668d9a99b43b0a70fbeab605e06bc6113380140e_1280.png
RECALCITRANT,stubborn,stubborn,https://pixabay.com/get/g23e10d8fd591a04d70cf7dbc9111dd04416a0eb94019d01cf98f3f6bd335cdba43c645cd578a59d8dfc5632a23790dccc9d1037dab703b6fc45bfaea29775417_1280.jpg,https://pixabay.com/get/gbb14416e75f9da17ae7e3872dd0717190d9f3dd6826ce1bdb5b0519b6cf6dcd19b0752116117abf3f729ba46cb8413053d4c67938760c1c9ea48a07e87a87e9c_1280.png
RECANT,to retract,recant,https://images.pexels.com/photos/16794265/pexels-photo-16794265.jpeg,https://pixabay.com/get/g92803a4c36bf9fd6bba8b083eb4b973e9143b720122137a9d264c601fe9ff2876863417444f7b32e48477ad970d73932_1280.png
RECAPITULATE,to summarize,,,https://pixabay.com/get/g9a00aed1edfa80a67a8b8bee4ce703570e07726fa1670365246281325c2053a81e98582949973a88b0dc0ac748cbf0e3eb55ceed9ce7f6c818ded6502b05bdb0_1280.jpg
RECESSION,economic decline,economic decline,https://pixabay.com/get/ga3b409a597fad29b959a84b7a503ffdcc78bc9b469410fb9dc33c79421422733eea1ac25d55b2920517be0e87bc88652854d39e86affa5a1c0d2c5ff792a1915_1280.jpg,https://pixabay.com/get/gc25f0456803c6efef63a847a9970a62ba53d607e2966f7dbd175b5b32c6696ece6540a67997ce029c5d8a2ef1b65560e45ab50a217b63642b66b769ff26ca767_1280.png
RECIPROCATE,to return,return,https://pixabay.com/get/g4afc70a9a6e659cbe71464d81bf08b2459f8ab270d4ebeb51de37b6ec24efc5c85a89b81b0a57392e477c7ff36ff45ad69af04edbfd749776c4797a0ce8b01db_1280.jpg,https://pixabay.com/get/g46abe4cffa1d86bc93a0363f600f1359a9d2e2145ce45c3222d52932876930734b8fe1ce3bba1cf483da1ed6102e3b7695d445f3bef6bfb3fb2a746cc8bbd8a8_1280.png
RECLUSE,hermit,hermit,https://pixabay.com/get/g5098781c4edf9cbc35c7e070244ac6f51584e38740dfa8813a4134f06f0b815b5a571dfcf0ac4bf8eee9f96cf5f007197bd45b6d956fc4e843cc9f736eaaae99_1280.jpg,https://pixabay.com/get/g850c55990feb2fb64ecb75328a7daeb19069fb001ec87b74a52fdc2bed6e7cd1fd8b8f00108e7155c0977c10fe450d1b21900c56b41bb9545a396dbcfedc300c_1280.png
RECONCILE,to settle,settle,https://images.pexels.com/photos/14781780/pexels-photo-14781780.jpeg,https://pixabay.com/get/g2bc4dbd5b2ea4f795a7ed35b09e0de9b0272fc65f146cec0f0cee3b1d9fb517526560a2ba4428407e201191792e58f89_1280.png
RECOUNT,to narrate,narrate,https://pixabay.com/get/g5fa95f543df4c6fcf89a1fa337573fc7c23605cb4c3c642a2f11c00644d58dc158c2837c087d28c8b2c04ac7822d0bab5e337f48d4ffad343cc097ac4dda6ff9_1280.jpg,https://pixabay.com/get/g9aba352f794c149ba4a808fd7813914a94e8bacbfc1b0ed71fa1ae9416bdb52146a49ad81e794a2c857c870a34e82c4fd7f40b47afbacf9b8b9f5249de8d17b0_1280.jpg
RECTIFY,to correct,correct,https://pixabay.com/get/g8473658c13ccd2176c446a8495fc131820f782f874e784e7b114ca36e9f9a9f5a8662bc2ee0840dca0e68e4dff7d1b698b7b959fb7d6a23a165e6d0179fe6445_1280.jpg,https://pixabay.com/get/g254d7ace42b6bb9981af408815f979e7ea0113145a0aeebf5bf582878fa21e44ce216192f44777f68595334d0dc6d2bef4abbb5a41bdafc57ec96c669ca5adc4_1280.png
RECTITUDE,righteousness,righteousness,https://pixabay.com/get/ga58b9d8b01e592091ab0163c029b0856b7d79648e0f69c194aa670e858be6e5ee6b057e4737b0bc8781cca96ed31964680274c2bb239f3e84c4dcbfb8a66942c_1280.jpg,https://pixabay.com/get/gd7cc54d9a7edafc65e4ce29c7f16177a1f76998332f12fec0b2b7c020b00bc458f587d12fb0ee3db2cb7608ea3b6809be5ea054b80b8e690dbdde1c9f7fb19de_1280.png
RECUMBENT,lying down,lying down,https://pixabay.com/get/g89041c9baf9f410b5f9955132ab6afa03d59a9db0f9a117d4c7f3949c8e9591b06c9b697057da7553d03ebab5a8286ee6df3f7638585d3f4877d5ab01c152784_1280.jpg,https://pixabay.com/get/gf081e9a15f2235f804a84e0d129ca9cbd33eac51e9dd5c2660a72e4eaa332fab7dd6c756d30bc3da120741b4cb743761_1280.png
RECUPERATE,to recover,recover,https://images.pexels.com/photos/32885654/pexels-photo-32885654.jpeg,https://pixabay.com/get/ge77924feaf56dcd76336e4fcaaaab478597d47406502ec44e6674a639fcef01ebc0e0cee2a84d9416e298d1889ee05a26589244add8ee2da86c4b7336242f526_1280.png
RECURRENT,repeating,repeating,https://pixabay.com/get/gbd4406b728988ac752ee306e6af1d5cb72003e2c974fc36c5632b978864e84fb2bb4c2c2f13bfb087a98615cf1952357c52c79125399babd257cd707ef3a7fb9_1280.jpg,https://pixabay.com/get/g41c76bcda039f50c976b9c8c142f60dd4b6127c0b5405194ce445c71787aff70b2329e9eac8b56cbb50685351ffbf5614e61801d2d2679f2d9ad476a9e2dcfce_1280.png
REDUNDANT,unnecessary,unnecessary,https://pixabay.com/get/gccc179ab6b4d56f2e28e11434a06722cf73ac4e81f5ce40a6f6e61f78d2bbd38c71bf1ece144f0933bb0835337fce9812fd4517f610d1885ec9ec4cf97a99f06_1280.jpg,https://pixabay.com/get/gae535c743220bd3aa1d5cf083e48d8edf6b1bc27dd84d21ec052c7bd2c5bfc8e99a5b20213c89b72b8a157ddf2f37921c787e06632506f4b3cee3568c2f14522_1280.jpg
REFINE,to improve,improve,https://pixabay.com/get/g5b1b01326038e53f8a888b8da91ca204919c8807fdfe83f05902f13d3d2eb9c3742c6d2a37abf5ded940140b6be4cac48e25ce2393a89ed59a8f120ff56e9982_1280.jpg,https://pixabay.com/get/gd5728a1c294074d0d099c587983937fb84824f814f985893675a7d01c4eb79c9945c71068d345c0d1b4686111fccdc4f75bf55080eb3ac405a5f5875f8939a23_1280.png
REFLECT,to mirror,reflect,https://images.pexels.com/photos/13537473/pexels-photo-13537473.jpeg,https://pixabay.com/get/g6eda88974ef96692dc0e63ed4942fa97ffd24738c93e8af2f6f030f549b28e5a68ae8c8cb0338cccceaf3118a93cf2e964e271a8ca343e154b3c4d89e18db925_1280.png
REFRACTION,bending of light,bending light,https://pixabay.com/get/g6238a4663f0f4fa2f2af344be5924ce064931abed313298bb5c34c0a44a946a2c47c63472c61cc1ac9f853b471e625cc321b7fa9a7bc4a958c73016e3e8cfa05_1280.jpg,https://pixabay.com/get/g678c623f093261cc48d038fe2e6795cca7380e6b328d4639612e22e0465c977d8b4083e46249f566001ff718b967224d_1280.png
REFRAIN (N.),chorus,chorus,https://pixabay.com/get/g0cef145271e3e90832afac5242aee93f9284f585cc28511fbfa2af9bc20161257cbf513081b17c16abe495e2ca2b217888460dda17a14d580743476dd9f12712_1280.jpg,https://pixabay.com/get/gf2394eb6670901faac525118472ee86b216b526eb46821864d3fa37f935d42347e1725de9b292446bc9c50fed6c31f07e19dbbe050a31c2a365c600326ce1f95_1280.png
REFRAIN (V.),to abstain,abstain,https://pixabay.com/get/g36bf89c2d343919c8269f5f0f21a2256cc3ebdd18feecc5370c3d5fd53695a20d0b4c74d572e8407aa0726fad5bd2428_1280.jpg,https://pixabay.com/get/g4fb902d80fc4917a731223db534be60d9ac97af98198c0ce2ef7d72facb5736bfca8a2d5a395d9067e654b6af52ae580f2b029b1622d1399e91da995eeb85eb4_1280.png
REFUTE,to disprove,refute,https://pixabay.com/get/g818105adfe28d34d04e9e2655120473f4a089f67fe8525ef1004671871302259ca136b44feb0afe6fc626b136c4cb228f5ce5fe56951473ed349b1a528acda2d_1280.jpg,https://pixabay.com/get/gcb5374991b01aed657030361094b8587515be3a9a0f13245519b4a130012aa110467ceb82d4e0c66982d6bbb1e69dd69692ffde7ef0bfcaf72a4b49cb096debf_1280.jpg
REGRESS,to revert,revert,https://images.pexels.com/photos/13312401/pexels-photo-13312401.jpeg,https://pixabay.com/get/g927d37e15f81c42865864cfdaddc2291264a9f7aa92e9828eb3ccd0c56f2d21e95dc85d9cb4cce87a4e713b5e81173e4ffebb9a63a7aae658114142e660376b8_1280.png
REITERATE,to repeat,repeat,https://pixabay.com/get/g9dbcc15cd3ebab4f9bc4ddf6230996d1e6f78c9f2e92c872aa557dd56231442ae9515d916b055d09630a4ee4da0f3a7d483720b52861cd5ec8eee37df19c1a67_1280.jpg,https://pixabay.com/get/g4cecd476d4aa15432ad08e2ff704ce4f8e876b8f147f073006241b67b1a164389495c2ff888f2dff63087500abed754c_1280.png
REJOINDER,reply,reply,https://pixabay.com/get/g88bf1b5635acbf0828883a5d8ea21d0ea8c0f5cbf54d7124ce07ef3942e4c91e44f3616360e6c952fdfeeb80b3ba8287d0ce5fba2739101a0a4e140a40472997_1280.jpg,https://pixabay.com/get/g98efd9da2cde38dd90769bede83620fda1ab5e2ced59255de14de01071f801b80e94a472e002ea72591060a1d4c753d5_1280.png
REJUVENATE,to make young again,make young again,https://pixabay.com/get/g2df8932dabc2ee01bd43a4da2d3181eef574d08fa0e999008931d5eb1750870e9cf8c8e52cdbab7ac43e90a294d6c3fbf457836ec0b89960cefb29a248280a60_1280.jpg,https://pixabay.com/get/ge022f5c87f8ce7debb9cfd7c68fa1f8eebcd330d4ecaaa573306d2a9e1554a34987f94edf4a153099a321d3bf58c7a508d6174f3a95981be2907c173336208ad_1280.png
RELEGATE,to banish,banish,https://pixabay.com/get/gda7bfb0537e15eec7f116fd18f23d355cc1889488d2472e2b69defded935827e1238efe8253c3e139c2cca316036c86f95099468184d1a694cead1626ee03bec_1280.jpg,https://pixabay.com/get/ge87f3a09b86f72a195159445fc14c1695228029c64dd12b929cd7add11105e29351d8e71b615dbe0aff368626d124d5bf520829e45f79da200fafe5668afcc46_1280.png
RELEVANT,pertinent,pertinent,https://images.pexels.com/photos/28589232/pexels-photo-28589232.jpeg,https://pixabay.com/get/g149700c4a50a63556a61f80022fe4047e2fe06ec22902a30addde1eee140de96ca8f903b4f9401a092545737ad94d71dcb3dcc9de2dd1872baa40b89a828b032_1280.png
RELIC,artifact,artifact,https://pixabay.com/get/g088b1c7335b81ce685fe1830f03dc4f58a9abd07ff9877ac05d9f72016e6c07c415ba058eb7d7e532e3ce646a55793792dfde2596aa75206896a468b26304a76_1280.jpg,https://pixabay.com/get/gf6682d331519252e94df016e28f8792bc3bba835af65caf91df2783fdd8f712a26b1caf0121626cc3563e0a9bdd3362bc34a49956c628cbc02c6ca682a4695df_1280.png
RELINQUISH,to give up,give up,https://pixabay.com/get/g3d3ca7bc3aac1ab5f812d486bd3a0231bb7a6d1101de270182150edb2692a3a78c239f7b8b036db06cfe3c4f0e366601c28adde19f93e4495e0ec6e18e37381e_1280.jpg,https://pixabay.com/get/gb9ce7b3ed6dc1d476d3ed400aa6e98725c492333f85dd178df36deb1dfa2d99c9e60cf6f85f40f9e938b09bf6a4259f5d8b30843e674ef06bd7fe3df98ff2010_1280.png
RELISH,enjoyment,enjoyment,https://pixabay.com/get/g233bad13830ef9bd9fc815e2cb5bc47668dbe9652d47890029496362ba84a6334e8575deebd7bf190bcfe52785b1985146d7f7e6bb2841964ed73e02f1c127ad_1280.jpg,https://pixabay.com/get/g75c2646f9bb2957056b2bc3b5e8bf4998ad9e597a7a5ab40166b5b2d458b0fe8981c6ca15ac65543f5939a46e8b689c04ce19774accd111287ae94746f78c96e_1280.png
REMINISCENCE,memory,memory,https://pixabay.com/get/g7eb553b1799944c4afcfe157f183a71fcc9e4ecaf2144995f6bb7572eb67f0bce4b1f229c6ea5995be00ce5a37fdde72c0c1bca46e5ae0e7c49a078d2868edf7_1280.jpg,https://pixabay.com/get/g4984b5c7a6104c75901ae74de46f6a3372c643a884117375384cf58e14f6738eda92a1a865a8ad80d9a5adb67e6c4311060ff0077f266ee24db33d20087cbbc5_1280.png
REMISS,negligent,negligent,https://images.pexels.com/photos/36400327/pexels-photo-36400327.jpeg,https://pixabay.com/get/ge84a33902b19e76be1202813507a58c0e962f0c4d24e71d9a1f45c57d78cbaee39802bd4aef75718b597061426ad8f32588aa787eecb2739a981e7c1e21a17f8_1280.jpg
REMNANT,leftover,leftover,https://pixabay.com/get/gc11fc2869d55cf052d0ba6d81e49c8e391d9317e05a0ad444db0a5dce3352c3804c0a7234cc31d4b7cd908fe1322688493e1413c1f150b904878a78e5c0ab59c_1280.jpg,https://pixabay.com/get/g56e736b6581770a926f6195fb74dd5c463b1540df6fc015e9cf66b5ae8e184d8a3783cf96332b4171a870b1ce5fd1f97b8c327ddefea085e308ef5d0d7d29252_1280.png
REMONSTRANCE,protest,protest,https://pixabay.com/get/g8fb0324558eb7e9f441de0c1b4d955e3ec214ee5dd94411ca1408e3e47eb36799dce4e7dd915c086b71500ea64253748e3c041bcd76e467e1f3307f055c17d32_1280.jpg,https://pixabay.com/get/gb1e9b68a509734e27b0cdef6d91d0ddc3fecd3a5912770b5c815d992a3727e9b11634006bd1918f44c40cf372b3b461ecbba9e1700a152cf0f5c013db3475b64_1280.png
REMORSE,guilt,guilt,https://pixabay.com/get/gcbdf3b4aa88a018d55a414a919f1fede9f05f9bb30e3e748442c5839956825243b1a2d0289561d04edbb0d15fe3c276774a34d5f407c5738034862410f21d55e_1280.jpg,https://pixabay.com/get/g262fcd47736e1e53448c4c948e0cd85f97d6e0c1b8a4b3e68ff3769cb4bc6ab7b5954a94ec1686cd34ac96fa17f2d662a593f7d5f92a1ab06de9a11bd1498a03_1280.png
REMUNERATIVE,profitable,profitable,https://images.pexels.com/photos/28552621/pexels-photo-28552621.jpeg,https://pixabay.com/get/g58a81d34dc9e8d2cc28cab2afe65ddb2e184ef989e535a729fd7204fc30d8ca8a2dd6f1a99c13c0ac6676ba7b945d4c5f9a39603acc9154bb2f3777b19cb1305_1280.png
RENEGADE,traitor,traitor,https://pixabay.com/get/gdee79c4814997343b73ca00afce8ea03b1863a84e02498623c4c2e85f6ea7ca758e1feb9be03c4319aa19b874824efba514f4917c15403107cd4b4b46fdf8553_1280.jpg,https://pixabay.com/get/gc0539ec1a4c3f2c362ef980a1d0d738dce48652742a237d229f25ebb6759a8eb97b2e085834dbc3f7d6b53028bd643c6915dcfa9bd7f0cf7e2b3200925026992_1280.jpg
RENOUNCE,to reject,reject,https://images.pexels.com/photos/3762802/pexels-photo-3762802.jpeg,https://pixabay.com/get/g6685439cff47a70a2795b62257fb4fe8571db5966c9f56a611845bdfb3a3df12f2944a6a41dc0177ee5eddc7131c4605_1280.png
RENOVATE,to restore,restore,https://pixabay.com/get/g64350a3c5f86bc0c28b08ebd031349b545a0a16ee648dd2d0994cf3cc1defb98351b70ecccd3c7d41cdfc0a0fd50abe21c71699f4b85378fbd37f3445cd93ebb_1280.jpg,https://pixabay.com/get/gb3d0eafa68e8456bda4f006a37ae17f0f55ee89e476093b800e37af39bad9315714580d818633839195b218f70d65426db39afc55670ade0cf22cd42fa7ab0c4_1280.png
RENOWN,fame,fame,https://pixabay.com/get/gb2bd241e210a5d8fa3bdf6b5f106094ef0f94a216335f45a724208e4b0bf966e0d50acc40505d3e8d08a1fa79866b01001c328e521cfced17f43534c33bcd233_1280.jpg,https://pixabay.com/get/ge95927c496f7ae2923f804f2260622f61f91c08e28804ff3cfc5956667ad0320e9759b2fd4daf6f1e0737880e5c93f52afce4f9e5e2520c366d9620493d63d2a_1280.png
RENT,torn,torn,https://pixabay.com/get/g2516a8155312fb2bf68f0977656fd9910f966cf9fac90070c56d1f09e35efb81f62c59b63abb3a38251ae9416930450f74574d369bf42cc175a2504363a67475_1280.jpg,https://pixabay.com/get/ge4431d6a733af715f92d15d46970a7748e9e2978cc29423119568c088a79218844aa8a0714a0240353f28b9cf1d7e33f56c90bacb15e038117ed7fa73d490321_1280.png
REPATRIATE,to return home,return home,https://pixabay.com/get/g5d418389555a30615a1a9d7ce71fbf08a91c20874996a48e30198b5f9b79f5e5fd1dbf31b5543e36b370c5592e82bb2d_1280.jpg,https://pixabay.com/get/g8d8cecfb8997d66b92b6b135e11bde1f850a6b6af9267eb6ac5b72939534486b8a0b70588dc6b82c16f4f87137b406820f16eedb10d33ad7b96b473a1a0441a0_1280.png
REPEAL,to revoke,revoke,https://images.pexels.com/photos/35976083/pexels-photo-35976083.jpeg,https://pixabay.com/get/g927b76e8cc6dfac92a9947a39bb963fa303f5b41ead318e3afbf054e4be7d5fa056e08205012c6e0738198a93c2717e4adff71e0e6df6c9b86513ea7f7d055ff_1280.jpg
REPEL,to drive away,drive away,https://pixabay.com/get/g239409d82964724ff1f6ee2eb4e5985d3e0e202b0ea796c537939d59ac79268d92ab2695676e9c6ba3dcfe308127feceb963954bcfa40d221f9d3fc06c9fd9a4_1280.jpg,https://pixabay.com/get/gca24a2cf8b595763e3199878385296c7c7bfc3cd6773ea27737f3b1d89bcf8b8ef37e06cf3c9553dccf97a438481b1bc_1280.png
REPERTOIRE,range,range,https://pixabay.com/get/g304198ed9045879b03491f72ca5005a0eece03242c8946e88e49fa70cad90bd4b9620f9db5c27e140c580f1652486c1748bc75ed65ef8f3470ee94236abb43b9_1280.jpg,https://pixabay.com/get/g7134e2cde19ad8577ffbc4e44e20531a2bad9f746841221db157c492583a87139a8bc0002fc46e49f851d227ef24188862e8c3a41f3f244b0394ecf0ff2a67fa_1280.png
REPLENISH,to refill,refill,https://pixabay.com/get/g8675e131f4196a2165438c22ac44918839cf294b6b6f655339d7e0ba551bd32eb8e4af53dc74bc05ba8af15096b838efddb29a1f0909eebb03e7e577cd7d99b9_1280.jpg,https://pixabay.com/get/ged1af12d8189cd7682820194eb3092f97075b84979b14832a7661fef3e22193ecd55763d12276ada6d67e847a45174578e772a4c41841cd9b8e823cdeb4ae439_1280.png
REPREHENSIBLE,blameworthy,,,
REPRESS,to suppress,suppress,https://images.pexels.com/photos/3762802/pexels-photo-3762802.jpeg,https://pixabay.com/get/g52a76a1cf4712d2e4e41599ea7dee8f345fca2e9f32fde919752a063791039a09bd4d95c600674f1dafecd9d439a73f1d30e8ab6c394e8fc3e0d0a1bb0a35f7a_1280.png
REPRIEVE,to delay punishment,delay punishment,https://pixabay.com/get/geef947ae38744869097b5aca2cbc79c3b1007eba3cf22a873d3267800cc757254bf8ddcf65fc309d6e4b7969653b2ef0d48a4cd52a71c63581a67eda21edb089_1280.jpg,https://pixabay.com/get/g4fee631503a305e3993e4868fd634ee3842af81a1f6132bf3da0208bfa2aaa3ce4af6c76e76fdfa49111f68d3ed2cc65df99fcc7f09c3d3c4fc99f533a98b6a4_1280.png
REPRIMAND,to scold,scold,https://pixabay.com/get/gd2fdcc001b5b846df23297601cd6c71ca8a51157fad1d6dcc645fd8a77f5b60066a1defa5e09df37cfcf1d7fd8c3450a2fb204101ad4a94e3bc67efe759c9dfa_1280.png,https://pixabay.com/get/g25ad8992d77347a45dd2845ded5d0d3fccf388c07ba5c4e88cb3591d145398a606476f17a8afc5fac115242a8edf55f2_1280.png
REPROACHFUL,disapproving,disapproving,https://pixabay.com/get/gf748911e40470f1ec724fb9adc93859472b3977b14955626f408c3d1b463151f1cf90d633ea567d9d69c1ccb679d9dc7f0e99f252bbb39c4515c01a517575e41_1280.jpg,https://pixabay.com/get/g8be450bba6d145d6ddcc8bf7f8fc56075a9350f0917271983b55e56210fa79d5a37d4e193ec2b1b981b6a3a1b0ca766f00d07c689496b6e11c6ac8f25cd5a43c_1280.png
REPROVE,to scold,scold,https://pixabay.com/get/g0f6df82432c91c73f5e43bc95edc671f5bc14361edd8943d4ff8b3ba906a942b6a85a799b7524a53f39cdd77a3ff8528646433d4d288b99f44885ed9ac7c8863_1280.png,https://pixabay.com/get/g110617c962b4fabced92446df5a3c8456794f4070cc6203ec7e9de9363c0569f45120a9d9d650c09ab171edf98bfa135_1280.png
REPUDIATE,to reject,reject,https://images.pexels.com/photos/3762802/pexels-photo-3762802.jpeg,https://pixabay.com/get/gfe3999e47f05db66e8828eb95fe829bb44388a172645de6fb466ef56601bb1fb91c90c276b2c9c569a72e9b5179dc418_1280.png
REPULSION,disgust,disgust,https://images.pexels.com/photos/33204142/pexels-photo-33204142.jpeg,https://pixabay.com/get/g145529053e100946e1860cfabb9b6008e0c2fc3e7a8c29c7ac448adae71cf1eb36c3f1bb46f25091a262423b01f12f076cf82486d89c5f2528bd14a290f9e584_1280.png
REPUTABLE,respectable,respectable,https://pixabay.com/get/gca23306665cac2882f991a197229dde14f01707990cae8f9caf30feb7dd73af52cf5a386a20d14b0c8675f29c5d5c42b7b6758d34465ff71b5854e9e119d604e_1280.jpg,https://pixabay.com/get/ge63c8f6ec83b84f0b0cecfa61e09930ded83d90a09a131a1423a9c9fc9cab6a42beb4023b5f4d2ab5aea62c703e4af290ed92f5822ba00c9f10b35e694de9ff3_1280.png
RESCIND,to cancel,cancel,https://pixabay.com/get/gad8b3da0e79420c211599ccfa9486821e6e978162cf86505e649165d539b6e9d87365e1f54f266a2edb9310a9f4b934b8bffa9155a7117d133a1bd632ee34f14_1280.jpg,https://pixabay.com/get/g87949c54c2bab55dd42af7abb24c404014a1df064c6f07b0b81175371383d86081626450978b64d0142db32617357141_1280.png
RESERVED,restrained,restrained,https://pixabay.com/get/g55511b4fe1c8a20b328e9d0ded171ff1e28a23c7f6e2e23a263521c4fdc130d60c52b1dc6ce959e22a69542b300627fed43f2b6bf995daf5ab07d14a43b2a619_1280.jpg,https://pixabay.com/get/gf14d9b8e521ce6bfcf1d9f76e5f670b7bf254de6fd286c0d4eda9d48539c8c9418943bfd4884a610f69ab0081eb5db501aeec8fdec2a80a627de61adf4c16509_1280.png
RESIGNATION,acceptance,acceptance,https://pixabay.com/get/g8b7204bff3f1245ddb268e2cd65fdf996c90b4dabb7916d81dc5efc3f7d118c57f2a64b3f4099362291d5587d317ce7dde930f8252512fc1d8f854e4a2aec249_1280.jpg,https://pixabay.com/get/g22bafc170502f8b82c0c588349814a8b8cd2a59ff8245397411db0f8d20548b0a5e7f70baf1c5ea85007b34c16148d4d871e25afcfa4e30d67dcceab934f82ae_1280.png
RESILIENT,tough,tough,https://images.pexels.com/photos/29358205/pexels-photo-29358205.jpeg,https://pixabay.com/get/g4c5057c47cdfb243b4dfdd1ba7955024c68c4e397b31f21d1bd232a24ad90d9d2a16ff87f64930436317afb7da34c47ef49e117add2e4e81f58aaa280dd4b2fd_1280.png
RESOLUTION,determination,determination,https://pixabay.com/get/gcd78d75e4e937f4bdc6f593a2102841e54301d59dfa6cc5cfd31728836cb88d65e750afe385b8661e3aa3bfbdfe4e1b8a54d3454db333db036f4162fdcba90db_1280.jpg,https://pixabay.com/get/g321046d4d50c362c18575b6f8f588cdf4a95476ff4ebe38ca61f7159b97470f41f774b1ca54e887c66c09d740c3cccef9f6b8c97389c19808b6f099889a4d86b_1280.png
RESOLVE,to decide,decide,https://pixabay.com/get/g7489ff72bb5b4f02233d17afd7431bac561063cd82b47e2bd38faede6f4684ad7c30533f6fdd254990fd4b6bdff0fb62b4f3fdfb56b4ef7b404526387d8c17fd_1280.jpg,https://pixabay.com/get/g11e85772b9279bdb458f89014237368afc29516daacf5e79c57033ab38f8acc0aa1fb057c3d170ebf1cdc105384242b968a4bb7fbea315bae14984e011d10c55_1280.png
RESONANT,echoing,echoing,https://pixabay.com/get/ga5963b90d758d2da701df6214039d3d1967ed19006263dbd0275e883d9a4cbbd69809827cb109e530411e8998689227434da52909b52b113a09ed1d85640d800_1280.jpg,https://pixabay.com/get/g9810b96ff7cf779da540d26d57d7bcd5faaaf87ee1cf0996ed13a6d958db49908bfe3d59de17308893f3e3dc807a7a7ee17d6786cf81015d6ff72221684ebee4_1280.png
RESPIRATION,breathing,breathing,https://pixabay.com/get/ge094af535091fed3acbf91b1c961095cdda2aa8114fe7977e36453380a2fc8f2302325d6f6c9184233a34b7ba64fdbd7d137ed1663fbb5353f055e2945c4b342_1280.jpg,https://pixabay.com/get/g34ee4b9295472cb4d0bc9b1b7dbb0611a462148dbaea0e4a52a4703a96fe1cb0fae1f2ddc8cbbe78aacc46500abda3d79f4da1c4977a068b783879a24de6bcf4_1280.png
RESTIVE,restless,restless,https://images.pexels.com/photos/16880932/pexels-photo-16880932.jpeg,https://pixabay.com/get/g246dd4d00c540027f9c74293a30b0d596ee6bd896ee4e99e07768813373d0c7a12810a61c387ea5807b8fba728b69f38_1280.png
RESTRAINT,control,control,https://pixabay.com/get/g4f6bf9df8325167a7d4dcc65d1c1bb8674eb91517f6fd7e3cce4b0937b3abc823934a0af89831e17b78cd459702ac4736faa225e8979a88b1f4b7d7672aa573e_1280.jpg,https://pixabay.com/get/g36cdebf1970c881dd9d55e98804ada93d986b8faf9f970b7c500f65596bf15aa790995eff5a1ef722751c932e2ab60f9bd0a7fc3afabff7cb07ec8a42ec8ec68_1280.png
RESUMPTION,continuation,continuation,https://pixabay.com/get/gf6e6465459b32725b9a3aaa52134304606df59451918410eb50b1aeb1df26e578a26c8f12c896e47606cca49ede4b1c31b100cb56e7cdcfd8cf0d8b0b11653e8_1280.jpg,https://pixabay.com/get/g916758823b71a7147e9d80a91def650d7271b78aed577048c99b45697d1e4fd0959f0ca70da933c82ff02c6b36edc222d8b07abb8e11ab35af9eff41a4df8894_1280.png
RESURGE,to rise again,rise again,https://pixabay.com/get/g9095fb7d08312a68cb874fca8a9fc8414c0255fcc2db0f5ff2df3e9f0f1efb1005306da221bde98bedf6b600250b2d014a5671300ddccb83441a8ee4ffe1b024_1280.jpg,https://pixabay.com/get/ga20fc2d1ce13c7d4e50e3aedd70e0614ac6117c6f017a47a1976ab97a1c9c285db040a6049a5d68259b1fb352dd2690002626a5e51ceff8c6acb86267086c8d0_1280.png
RETAIN,to keep,keep,https://pixabay.com/get/gac1ce93dda46afd7d1cdcd449ea8aef6f7d457dab7c766e91754c5db4a28bc8fbe34ae92ce3fecd0bfa6c1429eedaf368334a486f52e2050df7270fe5d69e856_1280.jpg,https://pixabay.com/get/g66a96389f67ab8749f85379308e94821155d56fb3f9d528be6c030beec44cf76040f685fa14b5cdf610803f05998e796c84f88c3d17a125adb516e718ff91b56_1280.png
RETALIATION,revenge,revenge,https://images.pexels.com/photos/37109655/pexels-photo-37109655.jpeg,https://pixabay.com/get/g3ebfadea8195fc4e277a31ead335710bef33ca480e746b7ca029298ecbb825ebcd2ec243c908760bc611e1f9b9a548b46f06d1311b7c421d72cf0a9e36b71a8d_1280.png
RETICENT,silent,silent,https://pixabay.com/get/g1239de25e3b6356e54c7a1b3cf5f37536211c8065c997fbf066d5fe04b350585eddd34edd6f038b95e1fe2bd57b2af5fea2580b280c2f5ea4d0ba15c3156eb53_1280.jpg,https://pixabay.com/get/ge8b2b7f75acacd3e353d618a966c958a2e8a717a1a4be0c3f88062be3f9abadb1163750d1227f7d234b7ca3fa195d5f57a37b4f9d7ad2d72f0ef37d65fa8af13_1280.png
RETRACT,to withdraw,withdraw,https://pixabay.com/get/gac3e6cf51be845949370fe119094b78b0005194847a14ab98325f85c5e2618e52e900ca5a6d1d7890b03fbfd69885000ac6ef001255159b65a03db2cbefc7737_1280.jpg,https://pixabay.com/get/g82e2336356cc50804ebedf1548b978642e2703428c92aed67d3425e896a00a10da716995d409eba782e9bd1fdba4ab7533a122ece8e72a08767c76adfee63cde_1280.png
RETRIEVE,to get back,get back,https://pixabay.com/get/g309f90abd95e7ef3443df13b27b258f4a2ad03c63ac3d2087248db771a409f1bf92c714a0b47c8546e06c9bbecde7b1af9ae76b1ceb4fbf096e32f602fe7be92_1280.jpg,https://pixabay.com/get/g2970f09779fc3bb9b9df8792234c5944a8647954787f9b0628d7698a98ece8579eec23bef9eaa3d28f04ab5e15f8fd18b05dea7978eef6d4662d7021e636c047_1280.png
RETROACTIVE,applying to past,past,https://images.pexels.com/photos/16010575/pexels-photo-16010575.jpeg,https://pixabay.com/get/gda20f181ea9618e8f68e4690f45a01e76c17d5edbf72c8105e501afcf0a46190056c9a6dcd62295f4aafb5d8a78607c0ba9586b61cb1d3f7667e93af8d03827f_1280.png
REVELRY,merrymaking,revelry,https://images.pexels.com/photos/29479992/pexels-photo-29479992.jpeg,https://pixabay.com/get/g80c5472e3f97494c6e5e7a4bb9458d068af36a0251b8f584676863769fd6392cb3098a528440afc327ec10ed2937c82b4cfafa9010ef7ad4aecc82be97d74a83_1280.jpg
REVERENT,respectful,respectful,https://pixabay.com/get/gce97aef40825c4a789a238c18e3b451f8b8cceaedf7b89a7374135eb479c32cfbcee8dba5e19bb20b63e193430e1cec6de85d3baade448f67d9cb8105b2d783e_1280.jpg,https://pixabay.com/get/g3735fbf997d93178741015110d5d60158f64e7b35c9946b5f0f1b62e0f9fe1c45ea83e3ab3338a9445a2d43b1ed9de19f8448c5bd6cf9707c5c2f53d3ee1e370_1280.png
REVOKE,to cancel,revoke,https://images.pexels.com/photos/35976083/pexels-photo-35976083.jpeg,https://pixabay.com/get/g0444a7203a2bd732b8a4edd10fd190938cedb49954e5fbe73099d69bc6c355f3d22cabe4f195dd4df3ec68b1e20f891a_1280.png
REVULSION,disgust,disgust,https://images.pexels.com/photos/33204142/pexels-photo-33204142.jpeg,https://pixabay.com/get/gf7b5d58637cd1e5a36ff70f1e712aab4937d3b1099d6e49dc55572587f01d26179401cee292e3cb4b158967491dfce8501b3041b9ddcbdc9bb2a90acbebbf1a8_1280.png
RIFT,crack,crack,https://pixabay.com/get/g2d5883ae10ea8dd7d9835ea683090913d11b8111c03233eae945edef9f93303c7d4309949d7999fdc5cc49c437ab002d249aee01ebafa08929a7480367d9610d_1280.jpg,https://pixabay.com/get/g23587d92c098fc7a35b5d1f6c92c256efd420911db654d0aabec7acf146430929b30cb11f98dd227df4207e33442553e8e74d29d243cf038294682fdb591771a_1280.png
RIGID,stiff,stiff,https://pixabay.com/get/g4f3968cb4fcb9d07dc4c931fbacbdeaa87f4e9d4d135167edf2aa5ff2847b74c3ae7a6e6d9c4edc0f339b7a3210fac9151e6aae5a27f899a46a2e051a3d835d6_1280.jpg,https://pixabay.com/get/g480cbdf06f91e159a0b6fb0b2de0576988bf46c7453cd99d750716ffe5842049946c48275431f82874699b5368da120e_1280.png
RIGOR,harshness,rigor,https://images.pexels.com/photos/34792764/pexels-photo-34792764.jpeg,https://pixabay.com/get/gf2a67b735d13e3da2a3fd601d351e7e87f09c9eafc304192a054865a06e03ae5e25bd89b6adf1dc1167dd0f7bfaf6564a3d42ab583dc87c4c2bb1e978d599880_1280.png
RILE,to annoy,annoy,https://pixabay.com/get/g223b511bef71b8711d81aaf5f40d8e853753da96608e4dc8dfce4cf8421803c7afcd6aaead85156caeab768a41280136f89bd393eaf2d6a26ad8a7cc9df7e57e_1280.jpg,https://pixabay.com/get/g02872fe893701b20b5dddf00e3685e785f2eb0443d95884cad98c3d3cb5567cf7720919cefbf49e38e6d49a9dc24ec2bda2c32202c82f5a41cf7a6070bfa6889_1280.png
RIVULET,small stream,small stream,https://pixabay.com/get/g162d4b605a50fe89b5df2111a43ff41c6a08b630df4d0e65311b411eea2b0ea3c0d2c5e40267b00662386f3db121019ff759ee526a43415cb9f4a94776ce9dfc_1280.jpg,https://pixabay.com/get/g2b93017e64bfc6fe47d94e8ea1d427bf38cb6cde5a07d461be284de74052e8ee1c9ca569f0ca293dad44b54a6029a4b1363bc9b8688e630ec3f6759dde2b84ef_1280.png
ROUSING,stirring,stirring,https://pixabay.com/get/g6a40cd57d203978165f72bbb6503564d9cfa110582d1de10d8ea5f03bfa186c41bb4f28763a26a9b4f05f5340ee1d681833827479514f358451a5384d92fddaa_1280.jpg,https://pixabay.com/get/g7a3c974e00aacc0c2c6654734fd2f26de25c87ae1073055e6504259c9166bd1d26e7d2f38bf8a50fbbab8b60f9d905ca9fad929ae4ac6aa7ac1142b99757e5f3_1280.png
RUDDY,reddish,reddish,https://pixabay.com/get/g5b7c85663f3075a5b5061739e5dbaf00f1230b9ea4d177e4f9b1bb0bf966da986af557222f628aa119316690f8ee5133e07e9f53c4e3a1a27c0ac4a351f38685_1280.jpg,https://pixabay.com/get/gdd0f561c3fc1b7b1facf7be022ba0b0e379250282d9e1401e147d3934b246a7997c91bbafaa4922814e48a68053500aa19b58b623e0f0887b29d52e7674518ce_1280.png
RUE,to regret,regret,https://images.pexels.com/photos/18380398/pexels-photo-18380398.jpeg,https://pixabay.com/get/g02cb2120c6c4dbd0df3eb2ac7b5b3ada3e54c0fd45ebd9f28b2dbdeafd2e7da9d2312a5377e1e9b17e27dcf39ad039a173fa12b1ad6b6333e28a0dabba5fe88c_1280.png
RUMMAGE,to search,search,https://pixabay.com/get/ge9e522743c2135dbe9513ba9c9f58c0f73ebcb31a525cc9c262323a79ed09c85637848cb8be2c27a47a81f55abb30d9a300c4f72ec40be017f88dbb8c1cecad8_1280.jpg,https://pixabay.com/get/g8297f896611006155b1871591b994e74a1ec0f58a725947f9e587eea6fca21414940b8ae1c355e6c7707fd04bfd03c20d85f206992cf5fe55ab7e55fbb1c8e24_1280.png
RUPTURE,break,break,https://pixabay.com/get/g740c9b42bb04462d9705e66bf83fded105725d467b3bb08fa71061403a378d000148cd27faa46bc3f181964722d0a97eb60832fe5d4cd4ce088204422b40f405_1280.jpg,https://pixabay.com/get/ge7702cb0214ec3590147ec54d6bad8c9ce7d8504ce14350fab8306bd85dffdae538e363a0ef48d92d45f41386a103e4fc33fc4dfb152641161e9028b4e86bd91_1280.png
RUSE,trick,trick,https://pixabay.com/get/g46ad590eea73152de6e5d5aead7fbc2f9ef86befc6352b6fc3d5a95056748cbdd6c417e3946f0ade4393f8c67c6588dbe5067bfd8676d5319a1f6ce2d5b29c91_1280.jpg,https://pixabay.com/get/g81f3d384171134363df2c0bc5c5259884038c3eab2d64bc28ff99d6e19b5ce91a8e1029826000cffeafb49b0a72bdf101032855adcc46fce086b0e5054b88ef9_1280.png
RUTHLESS,merciless,ruthless,https://pixabay.com/get/g35955b1eb001f53786cd7efe95698e42ac5f4f032363e1b218b9660ab2ce9ed6c0e68ccd94764adaf97d2663f2a10c99895811ef19d79edb5d7ca5ac75554351_1280.jpg,https://pixabay.com/get/g753a676561483d6868e12d7424893d40d2a282e15e64ec5d3bac4e57a708daaa40663434d9754dc2589d17694fdb68c26f8ba80d640b97c1acf24df9e02c4077_1280.png
SABOTEUR,destroyer,destroyer,https://pixabay.com/get/ga58e0c77dbd6cc6058da91bb4de1864f3ffedd634baed2dc7165215ec470dcdec713550022c219c52445763df990388a2d9bd7bae9557c928efe21930babb2c7_1280.jpg,https://pixabay.com/get/gc24d541ec3f4289af531b9a6f7bd455a12fbef3fb0f63b71cde0fc1b3286f17042981dfbf4d4f935cdfc905dad3cdd48a278d28298736ebaee5677bd10131b97_1280.png
SACCHARINE,overly sweet,overly sweet,https://pixabay.com/get/gb9ebf7737eafc99fdf904897fa3121a4ce972672daf53a3e7f6e3b62bb981e6b1de8c94c4bed158b18df992599bd29a4f90be0b0f16264064e899b047c4352e2_1280.jpg,https://pixabay.com/get/g2d3cfb5d23416c8ffd753873bb54fee4a3c1fd374f3668424478c2894806a601d036097f2369cd7a75e22a3adf12dc5ad305777ff6a0e225e80ecdb057f04763_1280.png
SAGACIOUS,wise,wise,https://images.pexels.com/photos/19399318/pexels-photo-19399318.jpeg,https://pixabay.com/get/g4a794e498e2a5871fe64051e7cfdd9717767d66afe2726b2249e68a54a5e536160abbef4dade20917a5b5e78efd00984dfaea9817a3cb02d1fc5e67b6c3293b3_1280.png
SALUTARY,beneficial,beneficial,https://pixabay.com/get/g81f3037e5fe6bfba06f699e64c297e2a4e17b1b8ce54e567b076f98a513d6f69bd948ea87eb319f377748b75f4245899750c021d692193241778446b962bf1d9_1280.jpg,https://pixabay.com/get/g376dfb5772676f789193eda7864a26d1786d6ce2e173f5a50305cb1f0dbc627d36dc7ef1f9fabea5ed94ce6718383c554a0ca96100b03292d36524fe527948bc_1280.png
SANCTION,to approve,approve,https://pixabay.com/get/g778cb157246213e5d171c6442c55c87afa27720bc617f01c9e9214dff4d09f41be81b30d009d6d45edef569184271348228508ea7f0b2e5f36ec479f6d972fc6_1280.jpg,https://pixabay.com/get/g2b89e77b637d8a7cdf6aec7dbae8748f210496f48f5c343abb9dc376a8a45dec516c004f604713e31c4dea3e951a291229cd470ecf15fa877f54406854e7fb25_1280.png
SAP,to weaken,weaken,https://pixabay.com/get/ge131517b0274ac8a3eb24e3aa61521b5fec99f4c057ca37e15339c7522e2b674c97e4521a6f925fcc9701d48728062d64111b1bd70a518a72e7490024d5806d4_1280.jpg,https://pixabay.com/get/g17a6be8ad9745972c5624cfe6718d53dbe743e35f0eb1fdf54b59de7aa60ee573a66115082313f31edae8be7ded6dc1b18b14a3e670570103b6f1385f5a147fe_1280.png
SARCASM,irony,irony,https://pixabay.com/get/g3efd5db8c37a2cfab7aad2ab05865075f8a4640c4d50d1a10cc2a80b3867e603b3191435aa5344272aa341991d9522aa361b1b2af55f9796a8153241e9db7e8a_1280.jpg,https://pixabay.com/get/g5e594e0e53743c21eee0137c5c85718394a9102f605f95f31644c994b9d731c03e327b3694eeeef3bd41d5399a44f17d9e953169eabc9037c365dc074a2e5910_1280.png
SATE,to satisfy,satisfy,https://pixabay.com/get/g3722413e7d76d9079ffe6cfdc3ad5e6773638eff0f862f8b3361fb706f56d58053b1047fa02e500d7aa559c2d591415d7d473220649a74e13feca16a4d03b75f_1280.jpg,https://pixabay.com/get/g83f54dbb3fa29483234687681926134c1fa50cf4323d4b2897f27551e90aaa3619ac1106b3a3dc6dc30820f71344ba477425ac2c6b79e40ce30dd7a82d1131d9_1280.png
SATIATE,to fully satisfy,fully satisfy,https://pixabay.com/get/g304eedb7fecdf55527854ed6a1dbd55c9426403ac4a4d2181042f25651fe0cbfcc00b59e952ac92004fbad0b2792d2c091dff3d408af1aec5654d597454925a5_1280.jpg,https://pixabay.com/get/g9f7fb0ae53fa8ce5eca770244e6a483a919503e53ecc4fd1496cea0c6c91e57bed49ce2989bd9c3214854a163cace50be4fec145d4cf6218a87fa148cc1b12e5_1280.png
SATIRIZE,to mock,mock,https://pixabay.com/get/g07f95fcbdb89f3d46db358b7a3fdf2f86af623c33befa5277f532640597212bb3bde2ca08ad62b9b4dbb84853d8e97712778a6dabe1ee7e702675e8c6c4b382e_1280.jpg,https://pixabay.com/get/g53bfc052b976cc7e20725362c2b48986a08a898fb57aaf2636e718ad19511b355999461220aeeab5231bea5de031364338db305d3b5aa697b94beb586b2f7c54_1280.png
SATURATE,to soak,saturate,https://images.pexels.com/photos/13312404/pexels-photo-13312404.jpeg,https://pixabay.com/get/g5dd7d59507c3c098f40f27d45e86239e91088aa7a0632fa7ba470b87551c4947cbe57eacd593397452830009ec015f7a_1280.png
SAUNTER,to stroll,stroll,https://pixabay.com/get/gf125df893cb154f92d9b6075cf23a357e2fa61fc6f01ba1aebe5668f481953c35a74955f20b42b6e796a9f826f45e9a5ba05b7c0f8bf07532dde451f8ba50a9c_1280.jpg,https://pixabay.com/get/g738291291281ae7101182bcce7dcfb256f41b7379ac76f8542cc757132ec2ea958c30decc5161af0b2626e7c8122812c9be6f4bd0908dc4258e069950e550c4d_1280.png
SAVANT,scholar,scholar,https://pixabay.com/get/gb43363a9a4136b6a6fbc75d4a5a6ab725d0d5f7440d29135f32a7609677da755c503f3cf217f6b86b6718afc54462a7fdb6b929fcc5c982d16e599302e412b0b_1280.jpg,https://pixabay.com/get/g3fcbf114a70ab2690977d01a3fae390ed10b282b7805a457b03a5cbe4952a65f3ef1eee1a1dfd56464e6881c3e537db0c737410e62d8fca850ca0d6f06a9fd58_1280.png
SAVORY,tasty,tasty,https://pixabay.com/get/gf2767fc842c08b1daaa5024652a01a1bc9e39f699a4c5c8e2c1b0ccd668736e467daf2def3befe3b64d14ce0c45657c5167f2864ffb0345a56a13c643e5d8e43_1280.jpg,https://pixabay.com/get/g9b92e309efc15160972b5f6aaf3dcfa6ad89d8622c99aa651c8488f317f1dd874ee81138a78f330c8156aee0b3a31c1ace93558a36cd2ee5d9dd645102a8d4eb_1280.png
SCAMPER,to run quickly,run quickly,https://pixabay.com/get/g37ce4fa5e98a03c4b33fd97d57e26a8f76cd241f5fbfbdf2e45737854f4b53ab13b16ec3fbda297573bc53d03273fc89dabff6bb21141a72a95347f7d6c96c4e_1280.jpg,https://pixabay.com/get/g9be6311cf2532364f3fb7943dbd9c242091199e2634bd1dff682210b7c3b5408298dc8afbbcc0a200d72980c28c67235db12214e77d0685ccfad703354cb79c6_1280.png
SCANTY,meager,meager,https://images.pexels.com/photos/28181735/pexels-photo-28181735.jpeg,https://pixabay.com/get/gf9eb6dc54d730cfd68faa0a8def4c91c32f8016420c0ac9f388ab13524caf0e12c613fc3c14cb8197c3848440a15b65d17b9d9e7ad51932133c5175a7109a6df_1280.jpg
SCAPEGOAT,blamed person,person,https://images.pexels.com/photos/20830475/pexels-photo-20830475.jpeg,https://pixabay.com/get/g54b03cf4c29373711f2d59747ba7bea6b3d2dab6e41b7b62bdeccefadbbff4f4b16d7c0342bcf16dac3712ac2693a4b7f1219e49fe20a8a5403ee6064162573e_1280.png
SCAVENGE,to search for,search for,https://pixabay.com/get/g752ea6dc2893fde251e7319978a9c6612ec00676a19a1131758285a09b6d1a01659bda32ab71105705458060a346c9ab2580d76db9371e287c17d7c6b04668b8_1280.jpg,https://pixabay.com/get/ga72279b15a2b552fa07a5afffa9ef7bea514140d50ade5ff0d14172e916a2024b885c09fc56533bd5663d204eeab19e2f3ae3c550987e94dea8bf26285dbf175_1280.png
SCHISM,split,split,https://pixabay.com/get/g80788a0eab73d4be8ae21740ce3352fabee6bea92f981a95789daca5d5d64f3f9c9b8f37f2e4520ad2567a75a40b84e695c62d6b59e771e3cb526e216e2265c2_1280.jpg,https://pixabay.com/get/g0292cd777fc2acb176a3a9aa19478f3d123844be0e270288f4b6229f5baa60fcdd361c0ddcd36842ae2df03d5fd5e746_1280.png
SCINTILLATE,to sparkle,sparkle,https://pixabay.com/get/g572372432e3a5b5accb64e3bee04c7a05861a227f32d242e3a0152687ac03931cc32c4546069d3101fc79484087a1e8386dd8cef170ba2e366696211591251b6_1280.jpg,https://pixabay.com/get/gd29dbc19df403f37d2575c691619bd2635deed6b3bd4900496969c8a0737a096412632716ed83840e667ca3f81d79bba2bf49943a9a966a77b9b916ee4258826_1280.png
SCRUPULOUS,careful,careful,https://images.pexels.com/photos/37090107/pexels-photo-37090107.jpeg,https://pixabay.com/get/g543ddbc0573e0f6959ae7e1fb5eebb4fb52b1d9cfe7f4b97d037b57e3149f5541b923784f2aeae38e05db81b5a7eccb8_1280.png
SCRUTINIZE,to examine,examine,https://pixabay.com/get/g95c25ac07e039e79d728d15fcbd8136dcd2835d947ac4819cf9f8b0c68fef597d8682473fcd0937458b4c0162bb57b02bb6719ed557a5a4393315fbece1df4b9_1280.jpg,https://pixabay.com/get/gd42a39e4fab1fee5c62d7fe4a07d2ee212775d1adf363a3e51bc19ad23a8007a1b3a10a22f4b265a278674265c07991f8b6e57aaef49667c66559cafdce3eb6c_1280.png
SCUFFLE,fight,competition,https://pixabay.com/get/g4f9e43cbd1ad3169661d991ad5513805cc486cb64f4dac17c9a1d96333fba1423648209afb873efddf8217141675be965677e769826964d86d3115819dcbc6ad_1280.jpg,https://pixabay.com/get/g0aea92de90949e2d1200d75d207cd3b1d8b08b5de5666db624dec97ba5e2ff7600cc2d3154777ada290e9bb4ea80ac7a3ae00f3e6ad401989f12d291050ff744_1280.png
SEASONED,experienced,experienced,https://pixabay.com/get/gcd4dbc41d1a0fff2a897af749f3ffccb17135b5fbfd98d590c163296dadf03d87c38f52dd86a79b1127c154223d2b88fd7f5134765e3daacc917b71feb8403c1_1280.jpg,https://pixabay.com/get/g33e67e65215d48efd6a0c2ca4a1f9bc9eb47593df7da0044686194c71dc7bce21dab74f24ef647b0148bbe09e66981349bc8faa0cca9598e831021b145fc4100_1280.png
SECLUSION,isolation,isolation,https://pixabay.com/get/g94223afeaf2ea7c1ccc221e741e5d9d1f0d0878bf04da533e323ad76708e71cf457638eb3e02c8e025545b00749b10fe09f30fbfb3735a84fdb0ddb3f327d3c7_1280.jpg,https://pixabay.com/get/gca6a0f7032f926e5ba0ab26fcbae4c6a6b2a597cc36170b86d1a6614f3b83363e97113a3bf623b1e2d8ca493e445c758df5983c0e85d8c4e69f1686b16d4589f_1280.png
SECT,subgroup,sect,https://pixabay.com/get/g8e207c2aadc38a33058717a344e1529e742e05aa51717379b8c7817f088de6dfcb76e303069e0c2a6267a5324af2f3b712d32880efa3eeeab0b7595af694507c_1280.jpg,https://pixabay.com/get/g8ebbe671d21ccc6297c1b68558599aec9ff97c2f1fe299e42c729077fcb33252cac735ec7d7c47b83d1727586aa49e6abac445437b5a3ab8f14482c5cbbde636_1280.jpg
SECULAR,non-religious,non-religious,https://images.pexels.com/photos/32310903/pexels-photo-32310903.jpeg,https://pixabay.com/get/g5fa6ba52c84f205a95823054a251ce7db67f54a5d7c7bbec34d913db90fab1752712bae4e6d17a7e5c0b3f0fbd33a91858b4ab89d2b05e18e1b2b567bb42c439_1280.png
SEDATE,calm,calm,https://images.pexels.com/photos/831904/pexels-photo-831904.jpeg,https://pixabay.com/get/g8f2077c9a3766502acb53c316d5b4093c64fe6761a17e9c59ba286e492ce001871ad9d85deae2d38aaaab4b3eb77ad57fc7efbd01e54e7de29d17e52cf788f39_1280.png
SEDITION,rebellion,rebellion,https://images.pexels.com/photos/35366862/pexels-photo-35366862.jpeg,https://pixabay.com/get/g5a66e2cdc5e1bebc5f381765f34a31ebc97adbc38baf62410c125d280ca0bd5ec047be7874e00c1d194c68c992cd4d5d931e8c19b69e4feb072593f04819d1b3_1280.png
SEEP,to leak,leak,https://pixabay.com/get/g1af99da17625e5fa47e2375bf69d4d43424d004a729b9968210f52193168a2a86426f9bc49104b13f7dc7943212e6c23a0876bd08538f54e2e3aa52c19a4513c_1280.jpg,https://pixabay.com/get/g15c8519cf52b81f366f5e2fb0ba69f6365e73ae914307498899e79c935d4971a8c19425ab2c029c129736ecbb5d78cde_1280.png
SENSORY,relating to senses,relating to senses,https://pixabay.com/get/g4d52f6e878e0fcf3e9cc679c50972bd45ec4b18f838121d124d887617d464f3a395798719b6f4264c7e74cfd4318d835cf8d826f926d093a3415892daf9f68eb_1280.jpg,https://pixabay.com/get/g7daf704f9286825b4f350980b671ebafeb528ebd504f6a8bf42b6514671e850ef24aaa9897268d8f3b7aa304d581e4796eb45b6077e73bbac2c08ac9b64968b0_1280.png
SEQUESTER,to isolate,isolate,https://pixabay.com/get/gb08c9437b5ebceb25436b8d9b055f04651b7b15e841a85b6b2a3b45a2b33e8edd6302447f73887d5f6a7335232984901a4959c27d06e517d52ab0e5b49ee747d_1280.jpg,https://pixabay.com/get/g98e494f90b6820ca82a51e8a71518547fda759956a08846a95c9858fdef07a2605f95741efbb8172501e03ca7a1c1c19_1280.png
SERENDIPITY,luck,luck,https://pixabay.com/get/gec88767408d0a77e94dd6dce94ae3a4241ccf81c8af157742f8fe7943cce22771b92e7302b25f59f290e4f784d7dd88e4d09cab9e45c2658565ce595881962de_1280.jpg,https://pixabay.com/get/gb84b3a7965872a17fdadd41cc02fc710d85948727d24e28b4fe28993876f57d7632b74face8830d90cd6cdccf8fc41c15efa81b7f0d24be40604409cd2a6542e_1280.png
SERENITY,calmness,calmness,https://pixabay.com/get/gfcd2c42eb7afd81e85e8532bceb03d2ad87a171781016dc481bb1220aa5050beee9be13f94353eb3519747765a39020c065310696d90d1eecccc19a02c88b5bf_1280.jpg,https://pixabay.com/get/g2d343b09cc6f92281b0e06245f1638107f9bd23581cebfc2d53ff27c2573430a0a8e638db302031814cb2357e2acd07fd169b1ccdc04c4cd9e82cecacea825c8_1280.png
SERVILE,submissive,submissive,https://images.pexels.com/photos/16619723/pexels-photo-16619723.jpeg,https://pixabay.com/get/g6e8c5d0f13b79a56288f11c17aa780cabae306a1fba611da5dd1de7e5a328d0161ca8a180c44cf4dfe283d8c8067800e3665c55b2df6ded206a510644ce8112f_1280.png
SERVITUDE,slavery,slavery,https://pixabay.com/get/gb9522f681d608689539724309002eb2310975a937825096ab75f24db34b99adcd69fc1c492a9d8d8239984785a231c51b2d278f0c939c83028b028f64df8d370_1280.jpg,https://pixabay.com/get/gb526a0cb4eb5f77e4c75e61b5e9c0cb9d62fe706f84a183e9f028ac53b695196a92199ed144814d421fa25c2078ccea05c64080589247683f3a6108234f16137_1280.png
SEVER,to cut,sever,https://pixabay.com/get/g989d33c25d68e45e831c7e6150566fe96b9555c46af95024dd5b07e2b2c0ec6c0c1b4c4c7acb00b1eb11b297cc09aa3bb88727022f046e3d2aaaab0c551bc6ba_1280.jpg,https://pixabay.com/get/g73fcc8858f7b864e027f1bd60eb95d3eac6bc8a67f9274fbe126bfb61c1416df2e68880d2c4926994127d7fb8b86f0fb198fe46c374771b708929188986c977b_1280.png
SEVERITY,harshness,harshness,https://pixabay.com/get/gef27870e519f899514e4b76ae49d9dc9718af9087fb41799748c9dc719770dc3508ade26ef64eb4eb9292752e29f629116fb2e22a572f32f101b1f73562ea925_1280.jpg,https://pixabay.com/get/g46ead2d57a8b50fbc0a62494e649d9541b606be0560ff043a12a4c4fb67605ab5dc14831cfa52a3a97a43a5ba5d153c700635c8309a036bd11c460c345bd36c1_1280.png
SHACKLE,to chain,chain,https://images.pexels.com/photos/13325931/pexels-photo-13325931.jpeg,https://pixabay.com/get/g1caf3718402f86c93ddf03dc8a9cfeb63c647dd998fbb103280e48e3d18fbd6084cd0465283be14ac93c344c323d5e42cc60b39b64d9e2c978799e66c3c9e0f6_1280.png
SHAMBLES,mess,mess,https://pixabay.com/get/g4d654a0de9f9b883efc5e5d4e7835ba05b80ff56847cb64ab8364db3e0d3526e0551c380d10639a5621b105c2d564529d21eafe5ad2d52735f4a4c6dd59835a4_1280.jpg,https://pixabay.com/get/ga00b091f47ef05f137c451102fc9fedde46e6451f1eb86958f0d61345fbb488722eb11997c0295b6401fe57f7e9579afeb1735af7a60c5d0b30089f51c358c32_1280.png
SHIMMER,to glisten,glisten,https://pixabay.com/get/g7d697f79403af3978eae4f9df4b3ffb3d3868b77b1fde259880255749a7c09781b328937d7eff3dde1063bca56dc4282e5658317abe9378171b6e92616587390_1280.jpg,https://pixabay.com/get/g08284079aa79a403e6c31bf4728eda8036a57d070e00a4adf8fccc99edafa00d6d09d7142de987d6d816ddcdb4f9f830784e9f67c610b0eee042a40a5f05d349_1280.png
SHORTCOMINGS,flaws,flaws,https://pixabay.com/get/gd854cfac1072f6752b3c9ece79bf76d579589fc420b92b698f274a8154ab10406465e24e60058869bea3eea194172b6b41a896be515755370c3f098ce8375e34_1280.jpg,https://pixabay.com/get/g69af25ad9cdb09502444745755984e020f6470fef59a91549b621d5b5b166ff1ca85bfee53d6eeec037103a9de2f9f3de50efcd9dd8460d8b0e0ea97d4deae01_1280.png
SHREWD,sharp,sharp,https://pixabay.com/get/g3afdfed9caf4f6918e32e931c86429f09d82548c92872fa23dd16829792be58bf8f8b741b8806b560cb752fee4eb85ac01565d103694947a58335f2fba789469_1280.jpg,https://pixabay.com/get/g9675d993c81e3eef5f1188ebd6695409cbbb89fc0479d1fcf47b38da35e6af00fc89a19ee7b25591656862ab2eb2e1b66d1ce8db996f5e93789051f83955b7fb_1280.png
SHUN,to avoid,avoid,https://images.pexels.com/photos/3762802/pexels-photo-3762802.jpeg,https://pixabay.com/get/g0b90e3b7b79c8a6ef0009eda19dba9a1e60427efcdce93d1c66a8e9dacad321303fc25a4aa370a4af19bae6d1992ca743e4d5820ca88c0b1f4e2f53ac3cb0d22_1280.png
SHYSTER,dishonest lawyer,dishonest lawyer,https://pixabay.com/get/ga59c5d22eeb99df91e7568b85800c25e59232ee62fef7c5211baf95ea56df12d7f45e0b1e50658d5fe04eef6a79ec5a51d2da7639ea9a3ba052e228bd0421808_1280.jpg,https://pixabay.com/get/gd97319877e8490ec195b57863bd23f1cd15e107bbe11cd7fce817b04dc7c0752aa7e4ad4725b97c48a5fb900337f566153d7a28f4eca1e39182d9025588cb212_1280.png
SIMILE,comparison,comparison,https://pixabay.com/get/gd7085ca65ff8ca22ebb3d65be347c3162c0c7632e94012091b88997de18322cd4719214db558e7ccc166831aa3ce201c_1280.png,https://pixabay.com/get/gf829055e9e22cbf485a1bcec1369bb561d364589401ceb2b95792fa903bcf4ebb11ddcaa73b9b1fd7993b43ee993b44512b6cc4ed7ff06e7dcfb6bda9ca48a83_1280.png
SIMPLISTIC,oversimplified,simplistic,https://pixabay.com/get/g25cc25be8105717aa77891181498d9f5626eb522484b5f957980644646c9401305236947508dec6dbdeb5e2f86a067e0712f1887a76ff29d2704cf7f52299b59_1280.jpg,https://pixabay.com/get/g9d817b202039c8dd00814e3624c9f254996f5e36ccdb1aa478c8cf11303c6881966406976fa866218b147750bbf3345ce03c8695ac1055e3e76b07dbe9141f3f_1280.png
SIMULATE,to imitate,imitate,https://pixabay.com/get/g304c202bfeab19451ff9331842b5a104881f7e4c6a653f90b3ef4a54c72ec8ce25ba02f5976abcf1854a9de27a3b6d1cfe0eac956550cd30e84ce484005a9145_1280.jpg,https://pixabay.com/get/gd521774946ca9e3d023ff3c3044d41eef79461a0f568fd895c1fa79022bde3b593d37e73a772fc9399c73402c9afcae81b0e69378d08585ff0e890896d3506cb_1280.png
SINGULAR,unique,unique,https://images.pexels.com/photos/33798263/pexels-photo-33798263.jpeg,https://pixabay.com/get/gf8d2758193dbc4742f0c221faa6771c11e537f4da1609cb57c2be194a2d04915d093e86d67b95ebf1ea13801b11f018706662fe6bed71e96bad07ea0dbc413f8_1280.png
SINISTER,evil,education learning,https://pixabay.com/get/g62d6b287dc2af5e05c8ee93f924961b021aa7d6e9954dfdcc2612089f0055c305d3bda562516c7ec6cdfff13a75c5808f439b763184eba0d57a42ed0c6938205_1280.jpg,https://pixabay.com/get/g17deea0c0eb3764525a513eb278c8dd49f6e3a388d9090906764bc620da6578dd03f9d69585851719fd2c474c221973aba4ffc58c5c81c9667fa8bef2236dd62_1280.png
SINUOUS,winding,winding,https://pixabay.com/get/gb84ca9356caf1bab4e54b7600909c8be1782f96d5c3de7b000f3f68b1c3afc265484048763bde59b70558debd0148bd44d6a694060543732467488963d13ceb4_1280.jpg,https://pixabay.com/get/ge0ff910551f6d5f79beeab2bc17f332a3947cb4a223964bdb18aa4a488423becd46076e4da72585840eff6756d95228aa2e45780499d4882d2dc0caf2ea366f5_1280.png
SKEPTICAL,doubting,doubting,https://pixabay.com/get/gb143987713adad7dd48481971f568e81f0c1ab1d51ce6db82ee78f6823378ba1df860c28134f6120d703645e8f96aff7c6997b3da6ddd30b83ba66bfb4e4a007_1280.jpg,https://pixabay.com/get/gc2b5ea74701d38317029fabfaef6d8ca97d6161aa64f0368da3363c3efcf1b208b2e423cd9b5ad0e874da3c2caf4a80ab5c6cf1d329d104f709ef3e2c077d4a3_1280.png
SKULK,to sneak,sneak,https://pixabay.com/get/g40aee31b3b797562c57dbfd1372df0cd5a3c9c5afa94cb907ee73e32279cfd25976d23486a3b30436ae23be5103ced5494edb6e26ec939e12ca1e893176f9b50_1280.jpg,https://pixabay.com/get/gec66ef488cfe65f564b7fb80390dcc0bbec8cc5cf132dd7e1035c043b34bc65b438aae628d300826078be31844d47e4ff916d21008afe5d13b5911a42d2fe0ad_1280.png
SLACKEN,to loosen,loosen,https://pixabay.com/get/gab2b29cff271f859503bcd35adc52315e3894fd6f71c6095d42c0847da6f2fb02584ad46471740e51e413042b84578af7046b86c934e95e225171807bffefe66_1280.jpg,https://pixabay.com/get/gf0f61c14d6227563c6b974fa7f41e0ed38fe320566e8522f1ba96b11d8e27c7761bde308246c26f9070286572ebb75c9_1280.png
SLAG,waste,waste,https://pixabay.com/get/ga4cd0be6d0732567b340f10c4fd34d2e4b571d491ed10e231c78002b59836a8af6132e663d019ef6123a5989b89fa61fa6ce994abc6c7215b0fed76c3af45699_1280.jpg,https://pixabay.com/get/g8925078af0ef6f2dec675ad9f59e0559ae91deae71970926b4755239c3fc9cad8d68e584aaf6bb5634cb1bf619b240fc898bbd58e54da65454407a17e5a273f5_1280.png
SLAPDASH,hasty,hasty,https://pixabay.com/get/gbe3cf4c00a6c23fc1fc14227488b66a1834ab680381d53e1d348b285e01551d93f68407ca08336e1e5d9abb7524e03bc8fc6d93185c4010652aebf55b622866e_1280.jpg,https://pixabay.com/get/g34b4e71110f92fb618520483cb081559c809e1ae30c0137735881b9755ff50566c28f415482d45b16a51056ef43dd8fcf43e382e8d30c3467c46689e0a972dbd_1280.jpg
SLATHER,to spread thickly,spread thickly,https://pixabay.com/get/ge10723eb89cb20b9f23a242ba33d4cd1d3e3cfb931bbef63f2296a5af5568cd6242aeda847cac31cc8fd213ae2581b25911670d9e88ae290d75bf5b8ab0d5e1c_1280.jpg,https://pixabay.com/get/g2db291f3ee57361495bb984b2c0421c8dd07111bd0c7fdcfed9df4d568bac9b71d537698635da2363d5d1a88b71852f80360f38daa55af128ae0ff8404746392_1280.png
SLOTHFUL,lazy,lazy,https://pixabay.com/get/g1bc6d4a4aee7afa447a837c915bb305c8c9aef841ac046c117a96a3c7c396fe0969927d012d5531f7e810a85afd0a558e98672c411d1f4ef47b774479767e211_1280.jpg,https://pixabay.com/get/g3fdba04d0b335a6756d023e8c8e3bba8bed03515051e9fc0bcfe48062a39a9ea035f71d86552ec1f95e8adbd68ac56e882d950b15b7ec8d74f9a2115c054f4a8_1280.png
SLUGGISH,slow,sluggish,https://images.pexels.com/photos/18625039/pexels-photo-18625039.jpeg,https://pixabay.com/get/g37c1c0406f39eea82cdb8ec3eff58fb99b45666eb8e4423d625cd7874c8c35e2a068a2a548da8d0962c3274017a665b57c55b0ff400a8f0bf8c0efc865f5ab88_1280.png
SMELT,to melt ore,melt ore,https://pixabay.com/get/ga0a4ef6ddb7e4c9d48d23df558f0c75dfd2bcf551389e38f857b9221cfead509f107ce2cddf47b03c8d7dd386b71da1df96994950e6762d46a1ee95ff4966b40_1280.jpg,https://pixabay.com/get/gd2646e11e44a0041b46c3abbf9b6a9d46f0bfa0b44cfaef5bb23372933d0403801eb4df78ede338bd0d661b820ad9bdecb163f801a369d712c1cf84f5fb7334d_1280.png
SMOLDER,to burn slowly,burn slowly,https://pixabay.com/get/gc9fba3172774d3b9ab5773e286a5d73f38e3f8b326b3323dd3344d0d6c7bf1fbef0b7bb879bf4fe640062fc3ce923f4aded709cd055bbfe2c07a32579d4ddb10_1280.jpg,https://pixabay.com/get/g8e0733ed0bec5398a503bfe69945a2e3dab519c29665ecf086e24fde1a2333b75e43c0d1d669d8061a38a30e96100b3e0c4201580d60e29518db2693ec3c27dc_1280.png
SMUGGLER,illegal transporter,illegal transporter,https://pixabay.com/get/g46aac7ec004539c6304e35229bfa198a1edea182e13e7d894c5bc5c85d180135772201019237aa8be2a2c3e7a7b05232adb8d3d5bf0196a636a5d333cb4d9977_1280.jpg,https://pixabay.com/get/g38969f80b1aced0facd0d46ce7e340e3716c6bf31189ce09bb25cf24ff2dafef1f8eb04ca057d99333f14d0a48542976_1280.png
SNEER,to mock,mock,https://images.pexels.com/photos/28181735/pexels-photo-28181735.jpeg,https://pixabay.com/get/g21427fc3bb5e1eedc4af0e1f33bd12b93cdef6fa3eec806cfec7404aa8c142ffa7639a21f370c95a2f3ad72adeafec4c0136ec4104e889980ac34e23b3fb9905_1280.png
SOBRIETY,seriousness,seriousness,https://pixabay.com/get/g152aa06d6aa48ae7303e5073c7db26992362ae6379ffa0020cbf1de80b2f9305d9257e63842782f9fd142fb105c0fba10a70d5eb96c40c7dde7f513737c3312f_1280.jpg,https://pixabay.com/get/gd74511ae590ae0c57be7dec53d6a832257f44d91cf379d6368269b7630c8db4257a2a2c1ea7777ffbb6dc9099175f27c67076ffde93cae83fba9e3446a516f3e_1280.png
SODDEN,soaked,soaked,https://pixabay.com/get/gb6040462f7a393fc98241f07a6d1a5ce2bcd118e8d782bbc25ba60d9539dc03582282e1a42ee85d2cb46a1cd969d61920f247e5a8befc1d630c8897f82ffb12c_1280.jpg,https://pixabay.com/get/gab02e3dca095537d8be8f5117c959a2afa191ea266bf71285bd64ef79deee7b41aa088fd743f75aee1e48803c334a868ee95e927c41f0afbe980a5612e501f03_1280.png
SOLEMNITY,seriousness,seriousness,https://pixabay.com/get/g74f2e561c286f3265cd03f7f47fd68ee42e57cf384b9ba58a7da634472ab9ed05c143ea26365a54fad2404846e0ce5da23ec753448bf91f1db00845bcbe6b3b2_1280.jpg,https://pixabay.com/get/g629fd1f699ddedfdca185aa6663d53eeb6604f9136069dd623aefc4dd3a19f0ea831c11d50ede1df9f69a8eb0defce3ef406e34a67ca35e866505348f0e2ad7c_1280.png
SOLILOQUY,monologue,monologue,https://pixabay.com/get/g43894c8e3752012cf649dcb6e69a85c31ccc6117311d88f9b34524ff5f52ffd4b6dcb156c26ff7cfded37db88fcc1352a53671349a8c74f2f353ac89fc0ada2e_1280.jpg,https://pixabay.com/get/gf2e2b664e3d7480b437fad7f58713877ece7fa4623ad5c188f2dea4df7f80ee8a60247701660e2b563cba845f4a16588901f3d023bd48094b324780147f80ccd_1280.jpg
SOMBER,gloomy,gloomy,https://images.pexels.com/photos/5982829/pexels-photo-5982829.jpeg,https://pixabay.com/get/gb6503e0bef9a7875549e6e989f5793d857fb80ace044228cf07f7571f266060b207c38d83379bf587065b9d4a8f52ea6253a4250f82158fe45f6307ea3024cf4_1280.png
SOMNOLENT,sleepy,sleepy,https://pixabay.com/get/g9d34560d72bd4aed030215b2b29b04afe84c874dc51e7adf12909bda9876b151ae129c4f97524a8d783386a5c27565b518165f4c9b450b77d8f27dd569d31d3c_1280.jpg,https://pixabay.com/get/ga4b61f75afeaeea17f6bac0845b35b1453d341fed08aeb932416dc781c54438598b6612ba9e80ca7fba0355a2d05cf190fb29759f241d44023eb4d52a0a33b52_1280.png
SOPORIFIC,sleep-inducing,sleep-inducing,https://pixabay.com/get/g08f878782e737964e18b1baa7de1d183ab3b87e3196bf29bad332c2c163204b90c981263ed7594a624daa3470540e420fd2cea006714f406d0ad987b23c28917_1280.jpg,https://pixabay.com/get/g3578659986316a4a25ea4dc6463ca99aa1f63467fb025eaf4cf67c359317d40717a558151cfb126354d2f0579b6137d0a608fdc69f47157b96289c8d09a95b07_1280.png
SORDID,filthy,filthy,https://pixabay.com/get/g78842cbcd845dd9b6b33715ed3cf265c7b41a73949f40a547f45aab7f39781bae3d32434d21ec3149edd2ff2ee943ba57b5f8600672d2a66fbe435a80c395676_1280.jpg,https://pixabay.com/get/ga553de6c7b7c36ab10506435a8d4c4f27ceccadf6402b155f46a2f1ea049a7334aeb7c21f212dcd577757937edf700255ec593ff60d3ecdb18877c448e1a089d_1280.jpg
SPARTAN,austere,austere,https://pixabay.com/get/g9780773e76f61e0a4b7ffb758ad7d885bfcc6d6da2b605f043b420cccf121783bad69da64f23b0798f12508b7dbb07fd6217d95f61bf929cc2f7863d16463850_1280.jpg,https://pixabay.com/get/g6712cd7e7e344bd769f6579f180ae5f29c42f5726a08c12c9430092fb78a9c933f16cd2d4d6a455813010e06c7fc4895bb0c90e57e52ba8a8aa8f6900f7c9f71_1280.png
SPAT,quarrel,quarrel,https://images.pexels.com/photos/35725745/pexels-photo-35725745.jpeg,https://pixabay.com/get/g2fa3eba2cd4e8ffd7f2687ee55cebb5df7fc4e6e09f72f86124be2a534df7cc5a6666d07e73dfd35a8be1134a3fcda2e66d180f35c71439e1a08cafcbc08e567_1280.png
SPECIOUS,misleading,misleading,https://pixabay.com/get/gfdf85a616e02ab73c6b47361644705e4b6c01d84256d7a7df3cbfcbfba37a4cfd0f8fc5aa1b0d919bceca7114b9f1b55796469016e663e3806ef101986cb2da1_1280.jpg,https://pixabay.com/get/g10e147406ae2d9ad0df62b49a0945004692a9a6b596d55aa2ed3b3181f7255b8d5dbdc417d3a879d0a3e83348131cb62a12f33eea20f98cb8245ca947e6e2b38_1280.png
SPECULATE,to guess,guess,https://pixabay.com/get/g7ff5e474defd2e0e8f96e6688e13c1f55d9a53db739bc35cd2f501ac5c0fc0aa6e6ad2a71a6d6726ba5b5b5c0d8a5e006582352279459bbf0f26eb1791626ff5_1280.jpg,https://pixabay.com/get/g75d6eb5ff5c6251de737f028da424dd6e408e985c37c7f736b7d8fdfad3d6e5576af5e76c23667439374db80188d81c0caa199d74d60dcb85365eac5dcbbebd7_1280.png
SPENDTHRIFT,waster,waster,https://pixabay.com/get/g06c331372f20c9b5ee70e34c1af0f4de70dad5664957f807f4d8c831a11301a527ced28cb6e77f676638d59f46ebfc83231e09d6c8d7ac5dc937e3486356eb56_1280.jpg,https://pixabay.com/get/g50e162c58f5a3d1b1adc32112ef2363e271e5ca585c203959ddf4427fa1fda9b7e416a181b052a683902c46463d8892077584405c6b84fa14cc7222b8b777bac_1280.jpg
SPLENDOR,magnificence,splendor,https://images.pexels.com/photos/6774656/pexels-photo-6774656.jpeg,https://pixabay.com/get/g3fec4b433138d12a093f3931fedb3051a4d23ff5ea52f2be4f117804f5664c2653d18d587ccca1b95aa75d80ecdd3c02_1280.png
SPOKE,wheel rod,spoke,https://images.pexels.com/photos/32310903/pexels-photo-32310903.jpeg,https://pixabay.com/get/gc75b8224226f5f31c13c162dd74b87d215295a4afce08f107a38f4fbe20cca81269dd2781e600fe04ac152ac1bc4d45ff3c9f2fb025560ee4ef9c52cbf23acfd_1280.png
SPONTANEITY,impulsiveness,impulsiveness,https://pixabay.com/get/g3555e9d7ae0ecb2d5c0a0284289c42fa0f077e9abab3f1be5c86be43997f74c87e7ca8781a3c056a44fbe3bf0d1fb47c1f75a7bb3394aefc9a488074a4f2b13a_1280.jpg,https://pixabay.com/get/gaea3f010c02e9edbafa9f407e66346646aa1c2c63f0deb76a47ad4cce86a20069e6d4cac88ea28f3170a3ec54c38b6e5f6572da4b2eb6826816f11ceb9efa66b_1280.png
SPORADIC,occasional,sporadic,https://images.pexels.com/photos/13312404/pexels-photo-13312404.jpeg,https://pixabay.com/get/ge299436d9540446f4ee51aeca9010e9a64ba646d83854e785a07377b81853c25eaa02b3248aa0457c966d97e080fb61c3f2b4526a973361b088074b8347bff7b_1280.jpg
SPURIOUS,FALSE,FALSE,https://pixabay.com/get/ge2e763e0f3f06f90d347fc8a099dead135c7d545a7e3152ed168156d73d45e50b22345e277260c1260c1cc268557869be5e9f4186e005499020f8d8e7bb0d271_1280.jpg,https://pixabay.com/get/g7f750abb43ecd3c6b85896faaf41712ec07789c2041f012c3366d6d236aabf1252c67e68efed6bcfc6d0712ed7f093aa113a32e9713bc19424c28265856c0ea4_1280.png
SPURT,to gush,gush,https://pixabay.com/get/g6a37864747969fa09d33afe11c8a500096c101f39bd3e723792c0bccfb86fe1d1576e28149e3cd91198ee338162b3f69f8efe52d2f4b81db484783be82ef8b58_1280.jpg,https://pixabay.com/get/g7c0f8673684503f1d2002239922d53936a2d64e6f5127bd3275dfe38167e54eda69f00a647ec8cc98959ed8b6910a0ed2bfefdd04b3a24b62adc0f1c596e0a36_1280.png
SQUABBLE,to argue,argue,https://pixabay.com/get/g214806f6cc2a872522d944b1483d3e9d747be66a62d07e9ccdc737c9cf948cd11af4e7e85e35ea83789c7f18865a89576b2d88b5da83926a4d16f92370283f69_1280.jpg,https://pixabay.com/get/g2419382777499e6aa7f4af2c82e710bcae8c5b8f9a9b42e2381e066d539e74bd6ff692d6b9ed0ffbf976f19ac02662302747c7eae761ac8b251a332296113bc4_1280.png
SQUALOR,filth,filth,https://images.pexels.com/photos/28435020/pexels-photo-28435020.jpeg,https://pixabay.com/get/g002294de6d59d3194ee537d49aba968a6647472aa5206aa831b1a19cd28748732cb036b87e21c1de94ab97961e3b3ced64dadfbb8936185cd930ee93fb49ad9f_1280.jpg
SQUANDER,to waste,waste,https://pixabay.com/get/g37286066bc1ef6c64c5b592517aa6c225ea1d94e00f8ecd154794ef417394cdeeb23f4dd65b1ba4fbecb9d1198e6dbac59e138f2ff7d5403fe358dcb8fc51a73_1280.jpg,https://pixabay.com/get/g113eff43943af198c2e7ce3460d75b240d555c2ea3560abff81ded563ec6d0bf0c00a205cebeb9f36a05b5ecd46575e9192da24223eb79948a718e4b822f629b_1280.png
STAGNANT,motionless,motionless,https://pixabay.com/get/gc001aa1738e6ecbfc0d3ee5bb17686f78a4e5a866efe9d43855edd0f64bb9842ad33cd0487a6321967649da7e60c5529b132ed9547fba041f248a15ba4e76315_1280.jpg,https://pixabay.com/get/ga5175d37d9757351b8a2950f8da9adf96ae00d2a14ea3cf7ff5175df0e868c82ed2e08849283bbc0716dd0c830354ada57af3cfdb2ad497ae3d45ab8add04701_1280.png
STAID,sedate,sedate,https://pixabay.com/get/g7590603134f2b554d93cc58fe960fbfbe8a64e56e3702e889b38220c5fe38101a61e7218b0f5ab7324992b9fe8c9037547401deadf8429f107a12f33e7fa3c19_1280.jpg,https://pixabay.com/get/gaa9aa3dfa02770ad1f8f3f54dfd5f8fc72c87adfe1c9d1b9b17544724a021afbbdc0f0eac72841a6d53bcf9b8ccd88652c0248d60d36c43e385236ef9da0f698_1280.jpg
STALEMATE,deadlock,lock,https://images.pexels.com/photos/7397130/pexels-photo-7397130.jpeg,https://pixabay.com/get/g566a6e2c0db2520b60eb27958857414606fa17b929c28c6798737adf0556c28dec432fa0dbf95ef9c99cad97f5f21d3ff84dc667e254d413e1830333dd1d3075_1280.png
STALWART,loyal,loyal,https://pixabay.com/get/g53a771a017b995536c43ad7f03cd895dbeedd062c031dc124da72ea79c8a03a055f94c75a81f8a6292069005f6e408b4e3ba562f7ab00230cf32a175c71634e2_1280.jpg,https://pixabay.com/get/g643fb1458a6a5a9846961667cb84ebbe882de0346ec1752893f99ca7630f0674097aec009eafa625330c73d28a95dcbd0a6c40b5d23dfb875f11d417aeee63e1_1280.png
STAMINA,endurance,endurance,https://images.pexels.com/photos/16549999/pexels-photo-16549999.jpeg,https://pixabay.com/get/g548ecdff22a03690e2ba254b170a14810c1f1ff64c96af96fa9d5c22ffadbc8530921758c3a1e0996475da0cf03f46535edcb32c498eb239d3c213075b9300bd_1280.png
STANZA,poem verse,poem verse,https://pixabay.com/get/g6894e40fb4dac0ebf2a0ba9be1b8a4fc82cd37816e9976ea639c6ddedf38750c1f5775263243ae1ba1240255d0e6411aa57620f0beecd2a6344585930d070578_1280.jpg,https://pixabay.com/get/g01d402ec7df8a804924d2e0179fdf4b7b54e0c23886255515282f720d47530c647bf9d74933ed855ba35dbf3d352e67c80efaaba5870081c13a8740696551869_1280.png
STATIC,unchanging,unchanging,https://pixabay.com/get/g5d92f7bebdc5584f8230901eaf80c7875c47fe34ccef93965545b28c519ceb71c8e33395f9da5f48a6525344a3cd3b9506a2038779695054f9e37b288f146ffc_1280.jpg,https://pixabay.com/get/g032ab37e163f4084be114fc6e185a4f4df4113d5700c06cecb19b0209873bddc9e7e54108848faccf719890e2880e42eeb9c63f6f1598d2c72d5ea62c4bace99_1280.png
STATUTE,law,statute,https://pixabay.com/get/gef959e8a7589e87a243be4520c484f31f38a69a8a93b6945153f6be2e918079c83480a5e239a69aed7606010a1a58d483d9ce9a8d6f0e351f879acc573383de5_1280.jpg,https://pixabay.com/get/ga210124a84787442e698cb8856b390e2afc1d462c0e2aa283079ca3c124bdc37a5f2294b01d2d4a54fbcc13779413d806786beac2c4ceddc1b056f20478ead20_1280.jpg
STEADFAST,unwavering,steadfast,https://images.pexels.com/photos/36833573/pexels-photo-36833573.jpeg,https://pixabay.com/get/g39431f38a96972d5b533d5ca55c9cdde29d8d3392816d8ac7a81adf11b1583ee464c1b5ddfa023915348365dad11089cf5eebaf97595d76d54ecbdb743de7145_1280.png
STEM,to stop,stop,https://pixabay.com/get/g7f6f9c75865debedfd345e7ac4c029f5b1acdd80b7408f007989cb81b49649c5bf300284bd4053e2d10cd15a13bdc4db861d9ee3c6cce9ada7acd7a731be7865_1280.jpg,https://pixabay.com/get/g321d92f6af0d9ea458ae6e532ec1dcb1e5f407eb6b615db46e9edd1ffe5e3bbacada86338af50e6b530136e87e4bf6ea6a28932c1e9b3d2438404d7aa5e91927_1280.png
STEM FROM,to originate,originate,https://pixabay.com/get/gbd6b26ed145676bb301d4bebd7ad4a3fe7582b0cdefe8cba84cee8a375713b27840db8a0b668343a3ba49a98c9ccb6ba7d13f5a5db5aa948b30bf3853f7fed14_1280.jpg,https://pixabay.com/get/g8bf13ed5c3b699f821503ff186342eecf2a2c501ae3f39c83b2da8eeab616245bba4a6e7f4611fd1c0dbbe2c861a627eab64f0ed3fc0eaaadc28374d0cec3ef0_1280.png
STEREOTYPED,oversimplified,stereotyped,https://pixabay.com/get/g612d9165390216f0d1cfb6766cf2772f0faf0802024a616bd2a4956d09b80c5231041096a5a0272581ac509b2b8f226f0409b1af12a730bb4046742bde83dbac_1280.jpg,https://pixabay.com/get/g83fc9d32b14d047ca529e1f23472a3c45f820a8a3b2f9ffc7bf9d6ed0333b171450ee246327c0d5ab7cde4a225191f352a927b2b791d04990de9ca06828d3150_1280.png
STIFLE,to suppress,suppress,https://images.pexels.com/photos/3762802/pexels-photo-3762802.jpeg,https://pixabay.com/get/g1eb9f3a4b8c2562a55d54a287ef50f6a94dc661e353f11752c97a8d4e0e5e18abdfeb2d08ce35bdc623d665fe5f1c1d2c659b1bd130bdc5de53949583141b252_1280.png
STODGY,dull,dull,https://pixabay.com/get/g37ebea7af3dd9d27ae332b94c23a532456d165b5f3cdacd1df12612420f3c30014ecdffcf2ea30f426e4f7aca4a611a4b90caeefde7c3b115f50d513e67c83e4_1280.jpg,https://pixabay.com/get/gb085e99685f11f0f9b00b94d5405a1d6826246aa26cb5757e7d372a37de32829a22dc0a72ffdfca1f319c658764ebbf7_1280.png
STOIC,enduring,enduring,https://images.pexels.com/photos/11742497/pexels-photo-11742497.jpeg,https://pixabay.com/get/g7234002e82bd30e38cb53679e69ca0fc493035cfe5a0d22143908acedcde18f3b7930bc06c66826d5b75b1e7924f8c278221f0452e5121011cac7d0a3e046ac2_1280.png
STOLID,unemotional,,,https://pixabay.com/get/gd9594176ea183456702fc756eed455a52e672c6f9e7935ae97ca036125b8e4eebacdca060382e2002cb0a9b724a7e6eb91d1c4ece0463c461d4efdb686781647_1280.jpg
STRATAGEM,trick,trick,https://pixabay.com/get/g92497397c1d56b9a2b8fffbc66a2e9e2672a9bd168f57d97d33a4fa2dc99ed1bf001ca56c37d91afb8438b0a8475c8c92f6b6172c7f9d708303a921cb53c2756_1280.jpg,https://pixabay.com/get/g7145b48734062ab3d476019f66ecb5b0111e1032716e0f0600f6da421ea306e69e8a77712c4f3725a53e536d92ff039148f713c5157c675f5e4594b739799456_1280.png
STRIDENT,harsh,harsh,https://images.pexels.com/photos/30345758/pexels-photo-30345758.jpeg,https://pixabay.com/get/g0a05dd19ead919c8b91d3852990bfb79654af7fd15b72a6cb7c06499d5823bcbc3ba50b875d2e5470539dc515a5059c7d709963aebf6c5a1e2bfe5478d32af45_1280.png
STRINGENT,strict,strict,https://pixabay.com/get/g70cf808d09c03524fa7e2330fa0b5e948a94f71bfbd0189235172a9264f096fa289adbbacb1ec55be5c40c9c9ab6982d065e9f9c7758c8959d1b2d5e21d21a1c_1280.jpg,https://pixabay.com/get/g3a67368c13fa06f94f5efd751ce99df1cc08d5cacfaa8c278ce9990cdb207c550ab8ca1e3f37f871b171120e426da9ab0e6ac5565ed94da172fc45d9c593837b_1280.png
STUPEFY,to amaze,amaze,https://pixabay.com/get/gd6eabe5f25f485445e48d4c1fabe8ca81b6a14352074d418e857fae4f31a9b5bbcc09eb53bbaad51813b8d86734f3fe18d9798b9f228f350687b03c388e85640_1280.jpg,https://pixabay.com/get/g79741140eaf3e06d176be8c87f9b3369dea36995473ea64dd6bcb07f6e55b2cbd8104766e301717182ab85afde6781117d796677ce89397ffd5b91612befb678_1280.png
STUPOR,daze,daze,https://images.pexels.com/photos/12045722/pexels-photo-12045722.jpeg,https://pixabay.com/get/gccb6c07e41da3f9f50e3f3e2fec31de6b5ee71f9eaef086129ee64f75cc11b6ab796eea8ec7628b1edd93b57c01074e7_1280.png
SUBDUED,quiet,quiet,https://pixabay.com/get/g591e18e409f3c20818db0513913cead2777ad28708e136dda151acfbea9141c70c95e0082b8c019ee4e812fce01a1fd9c1a127942a208287db5ab36bcc175484_1280.jpg,https://pixabay.com/get/gf98887843f7cedb1059e073f55dd0cedef38b9f840994ccba9fb9f6a816b93110e89fed511aec2f2da3ce0aea1d36b8bb021aafb3e5337f44aeffb7e890e0e0c_1280.png
SUBJECTIVE,personal,personal,https://pixabay.com/get/g17dec8d00ce3b4bf375d1b22b40e7e5d341af6637d8838e12dc64c9774213a36d08b3ad0a8875a0cfe23a5a8abab658327b40ab1d99bb72b67f4cf23f7e9d737_1280.jpg,https://pixabay.com/get/gd402055f9b13ac91e8765df8510afc18e6350b993399ba9093784d4baa7a36ccbcaa06ffb816fa4d29d6a739df8d1e97773df1b8b431f63f067752343131d1ef_1280.png
SUBLIME,exalted,exalted,https://pixabay.com/get/g24c9e210560fb2be3135acaf910b4cba96a86907700d55b2e4f9caa5ee4c223ad54e3ec66400c2acee604b9feab1475aa244c74cfebf5323032a5d93924dfb22_1280.jpg,https://pixabay.com/get/g3e772e09f03b372ce3cbfff09c7a9edbd0b8b3d3845d7d46716d8edc7c42432eef901cfddc77d9cc3bf10ae8c79f137643175206439057cb47fbdbc9884b6d6a_1280.png
SUBORDINATE,lower rank,lower rank,https://pixabay.com/get/g879531a9e3c686fe89362d58d065247c8f4796c7a71729d06d6de7568beda2ae600215c53f06459a83971fbc72e1b3e0dcf8912834e5794cffaa685318ba6ab2_1280.jpg,https://pixabay.com/get/g3572877e40bf2d360f539ea66d048fb7fe70f5d40ffe9946479b7277fac06e3ccec2554188d600def826e33cf750fd4a_1280.png
SUBSEQUENT,following,following,https://images.pexels.com/photos/33077215/pexels-photo-33077215.jpeg,https://pixabay.com/get/g966556c69df6e843d3e0316eb5b2067f45eb087612175a91e954182695972d448914fa5b12b2da99484f5157f3109c9eff81a76141d4a1d9f11fae877eeb4b6b_1280.png
SUBSIDE,to diminish,diminish,https://pixabay.com/get/gbc36d538eadc1d2946575a5ce62f7c4e7048d8c7b75bb322f726251b99b76096bb06a5f25095b0a1c2585977a6b2191e7860fb471c519431dc8d87d71cdd4f16_1280.jpg,https://pixabay.com/get/gf4d2c055b0fc73ffe98aa3ba3a6e217aea83c299f529d2571f571d5732f9c6273165ebf3c423c00a72c9f6b309eccd17c0efe71220dea1efb3e99b90425b0708_1280.png
SUBSIDIARY,auxiliary,auxiliary,https://pixabay.com/get/g343320f228f7a15a877a627ac28baab92ea4a7d709f5193159f2a2d6f7460844b8b43784b74ea4b8534092e5ef9e81dbbd58501425fd1c28085e2f3a0515bd37_1280.jpg,https://pixabay.com/get/gc170531423e6a654c0caa2b329e9a678b28db9046d883f9f78b3216581ca9ffc2fd0cc69b837900d04081060804dfda82dd64d9d6e6779afab242dbed03b38b1_1280.png
SUBSTANTIAL,large,large,https://pixabay.com/get/g7143044ceae4920c9e558c7a63cf8f89dc35f93410acb3a82fa1f2fd4e7d8bb85b436b906dafec7f82d34ded20a68cf48b016b32e575349dfe1e61e3924ae07e_1280.jpg,https://pixabay.com/get/g9eaf47199ae9fbb70246a94685615ed6eaf7f44f1059a937af52d243c144adb64395b359c395f0946f71fc6397f8ece1_1280.png
SUBSTANTIATE,to prove,prove,https://pixabay.com/get/g4d1dc615effcadaa82433c74899c212e665e7aed74987ee72b49bbd16b0682ecd1657589293a2b1aa7db900d3fea6fa39e4f6d92eafad84fe36a7f9b1db3eab2_1280.jpg,https://pixabay.com/get/gefa22904a3192a691849d9dfcdde7503b9ac7f64c362100c832b50af7422ceeaf83468734fdc02f072c1d355517e53bd45c7ae43fe04d6a23c69c7d503a3909d_1280.png
SUBTLETY,nuance,nuance,https://images.pexels.com/photos/7170086/pexels-photo-7170086.jpeg,https://pixabay.com/get/g5468621aaf0533cb8ea64cb42b8c7a8301cb13f5bbe0f86e695b64e98213067c0932958e375dd11f11bceddc4dfa9077ba106da0c2639e8ecb856634f2c43d2f_1280.png
SUBVERSIVE,rebellious,rebellious,https://pixabay.com/get/gf545d81430ee225e948b8fb64903cb401cd11d9ccbbde5a7d2d451f83b218024680226331832a474ed91bde6dd16166fd0c4ea1efb74c24f0f416ca84bde95ee_1280.jpg,https://pixabay.com/get/gd275a36fd6cef809566ceff851c1edcf5718d7441d3eba8438f10960d1c4900c093899b32bff751163e2149a2a105174ef5f36636b4863c510b351ee6e56f070_1280.png
SUCCINCT,brief,brief,https://pixabay.com/get/g575be893b19f7bcc5e7f072329a6cf3d4198be834460c85b94baa3cd7649a263aa2148bedd6041dd21b0f7cecb1b7639797f8166b820026e81e60ce02f1fc2bf_1280.jpg,https://pixabay.com/get/g2c6bd3bd3a19482b206d20f6029c4d02f0b5bfb7ce419e0fc8abffb8a05bf03687d3962d2055365593b502329a59f26945949231a501f5b1084c478eacc5ab16_1280.png
SUCCULENT,juicy,juicy,https://pixabay.com/get/ga359ca41002be86674905730c2fbc5fa2b481f70a499a5273c9b15cb1cfd37f099715fc15df1e608def2b26f22a00a8ecf9897c00efb7d07afcf0aa027440f2d_1280.jpg,https://pixabay.com/get/g2f080a135ae22beb2cca8ea8015c849da624534b3a045437c9ad6bb79e881deea3c1f245fa327802c016fb20e43735d1acfb4dd40c69bf5c015a4682b7cbcace_1280.png
SUFFRAGIST,voting rights advocate,voting rights advocate,https://pixabay.com/get/g99db8982b24faab92bddf65a8c3f2862ed809e06f3d369accfb917d51609dd623e8ed0a5478697f1916687af7b79294e73e31fc2b3546d75e66cb7860c3adb45_1280.jpg,https://pixabay.com/get/ge9b16127ebfd26bf1f0d933c85d80dfbf0c0c856c6136614586616cd097b6073ba02284553ee8f70bb9993beb9fc499e_1280.png
SUPERFICIAL,shallow,superficial,https://images.pexels.com/photos/3328062/pexels-photo-3328062.jpeg,https://pixabay.com/get/gc21ed027c37c72d20434d08ab48a905a7ebb1b9b50297c54ed1c977fb01449f09248a7dce105acc273787ab7058a0db82c7bd6d6067c6c4b6f1b905a57844bf4_1280.png
SUPERFLUOUS,unnecessary,unnecessary,https://pixabay.com/get/g8a9e85704428e2af53f63312c0493813626875eb1ff22506bce652a354062aaedb7383ef3526dc29f57b175657b5ff447c309cd121e69cdda870e9853308257e_1280.jpg,https://pixabay.com/get/gf6aac69580ebe086761eed3ba9a974ae5f05c84af3df335e621486c6f2013ff0d7e6003f06577de4b61990b3c2c98fa7adafd2fc795aea8046631e863eab778e_1280.jpg
SUPPLANT,to replace,replace,https://pixabay.com/get/g7a07344cbdc1336998534a90ac6c9e5b4d1c991faefb9b5cbb25455c95edd9adcfb95322d9a6883bbbd6a61a21b6590d5ea22bc3bcdd19c7be02531a50e3923d_1280.jpg,https://pixabay.com/get/g4cd344ca33a9dcf9caa8e5b3b1d3886c096e1fa18895f989e7bd1ab49b60694d340eafcebaf59ccfa01a3a534e139270cc5ea901909d4089bf01938b0fb432a9_1280.png
SUPPLE,flexible,flexible,https://pixabay.com/get/ga808fc6a6d6a342104f1c2f3cb0b2ea2070256362d979200fb507db6bfffa2643d2d427398b37e378b042bbde305dedb05817066218b01f991642f1859111da2_1280.jpg,https://pixabay.com/get/g671caf9c209ad18a12932763f0f4aa651e50924fcaf05922ba854bb07581db700748f68cce5be451bb633392128748ed64b172f1f0bb3f6167c2cc5b25620df7_1280.png
SUPPRESS,to stop,suppress,https://images.pexels.com/photos/3762802/pexels-photo-3762802.jpeg,https://pixabay.com/get/gccba9e5b58d03a92105b5e2db027b7194e254c490c56594b8bdd3551d9410544f3cb2b8c639acad2038d5b658b78fb5837f992d9c3924256d702cd3ca7437a98_1280.png
SURFEIT,excess,excess,https://images.pexels.com/photos/13537478/pexels-photo-13537478.jpeg,https://pixabay.com/get/gc2eb4519ad959f9638a03bd1c71e0849d5086068463a8875fe252f4e2c7c0b7f430f2ba827abfe683bed146d11e4b7fd_1280.png
SURPASS,to exceed,exceed,https://images.pexels.com/photos/29725925/pexels-photo-29725925.jpeg,https://pixabay.com/get/g94bb1f1eef42c584ce829540a929c68b407bbd1e6ec1bd32627e18b12e37e1c87e64d3a4c51f8d7d9463e4f661bb51d7e1e46528a5c338c095f12739e6dc215f_1280.jpg
SURREPTITIOUS,secret,secret,https://pixabay.com/get/g63a24847b02dc5fc55d310cdd6553a4e3df89ad976b9fc1f968307b6f69e40c65b4f51f48abf8bda54d467ebc6fb78487d2cb5522c746a42b85ef8f7eb133022_1280.jpg,https://pixabay.com/get/gf3d2f99dfe6f9f59f9c9d25d9273ffcd874060b0809aa4e25c4982e4acc3f9e83dcbc2baedda3f1448bbd9c28abc918c91470a6b33ebc1b8db8deaaa8afa7848_1280.png
SUSCEPTIBLE,vulnerable,vulnerable,https://pixabay.com/get/gcc688370e739979e6edd7672b5d6b9b53219610d95250f7e67e12f4cae839659e128a15b09f6ba231451d9d37ce7a4d85e3cd88ecaafcc2eb378e9f1de32ce3b_1280.jpg,https://pixabay.com/get/gc6089286b32faac6c941e745e3afb0c7d05162a149d22fc9fcd0bbfa34b6a2437ff898f5360e3744d5bf33e9bc4ea40847692edbc2383013e355ea200fff5c43_1280.png
SUSPEND,to hang,hang,https://pixabay.com/get/g05135a988ff580d47b72d9379f00d463d234047d991ad9981d2642522df3600230abf13f9d146e3179f6aaaf9384dcf4bef24bd74c0b7dc3ae8915bd69db4bcd_1280.jpg,https://pixabay.com/get/ga7b7bcb7158fe84eefa339d8160ad804dea187f841060920f627c51dc2a32ad06644d45d4739ffd927768f89c927db78dc95afba9d6e35ab3d418e67ce8adac1_1280.png
SUSTAIN,to support,support,https://images.pexels.com/photos/17382268/pexels-photo-17382268.jpeg,https://pixabay.com/get/g9401b8bd6588143cb79af97d4eaa1ca154fb632f5cc5c5e873be6e43fe2c45964f14511db6483f655772b4e4d8c0349b671a69692fce1046827e3697c3554537_1280.png
SWILL,garbage,garbage,https://images.pexels.com/photos/33421735/pexels-photo-33421735.jpeg,https://pixabay.com/get/gce7b7ae533667c5af4f8cd6aa4c37303c5e36d7318abbf51b64142b0b62e7206bda081d34d752446c6950c11d627ece5b065a987b9c0d233a4d5c6348f732a3d_1280.png
SWINDLER,cheat,cheat,https://pixabay.com/get/g5c934ae6f8b03a79a3b467aff5f2c469220a92ea44f856e07be0cd10113d73a689030e5e0f39f8f3a043ef03330d854dc50a842a6c46beb210e6593dc790f8f3_1280.jpg,https://pixabay.com/get/g3db159f277809e241859e07ca0920d2ec04546549f295fa8423ca7e11c72aec8057f014874dbf62c5ed763658e0508e62fef5bf9e0ea4fef2986b6aafdaf0ac2_1280.png
SYCOPHANT,flatterer,flatterer,https://pixabay.com/get/g06f51636e47e66a29d82781f4b3db9011f3d8f7d824e85d734e9c980baa1c19b11eedd9482546633d66918197c67e266895126e8b1747cb57855007b8d6e4296_1280.jpg,https://pixabay.com/get/gcf71da7524cdd6bc65e4522fbbbdf304908a069e7e1c28ff6eab5a12e48b98c516af708b37d8bc4c44def682675ef4038287874042d1d33ae28bc90afc06a78b_1280.jpg
SYMMETRY,balance,balance,https://pixabay.com/get/gf2380527fc78f1415c68685baafb4ea98b53abfbfbddd753a739dc11e333e44ffa70c95782fcbf01305067b9f4e3f4023653ea30f6b23afea9ca25cdbb89d46e_1280.jpg,https://pixabay.com/get/g951e246ef9ee9247e605b3e2e8485bea6e3f7f447d244079f2dc6478d398058b71ee7bc0b41ad3e4dbb02fee5eae2d82f26dd46ee3557f535e9277adedd4ee81_1280.png
SYNTHESIS,combination,synthesis,https://images.pexels.com/photos/18069238/pexels-photo-18069238.png,https://pixabay.com/get/ge3e3a52792b7cc0ee2b44ae4d090d39f741861d65db9b69eb729133fae765b8377b7c2eaaa85fc61536c87ed449e96ae06abd39460b9e927a33a400cbf0b3597_1280.png
TACITURN,silent,silent,https://pixabay.com/get/g304439066b1f2d2ab36bff40b1b2a4c94a12fbdcc9da8bc4a919d22a3cb5a7a2bd446a3e29a1a9e625e6c7bcfd476c52e7dcc5891cf9671e0b162d73b9f168bd_1280.jpg,https://pixabay.com/get/g08cbc7b109d7b061af6b430da6c508890c7fb459c4946198712de992942326ae76ff6e0f07cfa39c86a69f3725a01a7e00418c1e9db8ddd16f56c341dba154c4_1280.png
TACTILE,touchable,tactile,https://pixabay.com/get/g5d175a6e536a1f3b9de6f82bb1a56b2eb1ea96768ba003c6380fb45a9c651ad98ec8db8675a43a05fb67ab0cc1c3245c00c4ef384ba84c428d6ce066c25b4479_1280.jpg,https://pixabay.com/get/gc84eac29692a98c0487eac1cfcd9946b98a44c5b18b31e7009768b1aca4ebcb2742986eedc039a3481a67788dc0460e946bc0b60ccf480474b9a7906f36dad82_1280.png
TAINT,to contaminate,contaminate,https://pixabay.com/get/g8f16e5dd410fef7c04f74d42050d31f9c0f642c05137400a90ec5fab9a2eb04963f39e17f2ae132e40ee7e3cd1f8c8a78e03b7efb4549209e120ca6638010dd1_1280.jpg,https://pixabay.com/get/g109c75e0f84eabae2d3b5b118dd7cc41610b5b4ca43793d6a79611d789bd5357f5e8acf704e1ab9216191aa5be21d01751ebb3cf62c5d87ff4526b7749e966d5_1280.png
TANGENTIAL,digressive,,,https://pixabay.com/get/gea2697cb6479a7c29f33f531c9768538dabbd5688153d3732a1e3eb56850894fb0e33683e10b596261549bce34d02471_1280.png
TANTALIZE,to tease,tease,https://pixabay.com/get/gfd589beee1a36321b3f080f8fa1e0478b6e83e90f8b4fa6782c31f04bb2a40dabe8f1e0d8d1cd9aa5ecc16367f80a1aec710166ae7b2c2a117764c7e321b917f_1280.jpg,https://pixabay.com/get/ge12b315f470aa4f2db195641d000721b5e711ef3705102dccd6864b437d768d89ec4a869f6fab6b4262d81e161ec0a91_1280.png
TARRY,to delay,delay,https://pixabay.com/get/gd65c3d119ea29598e1dd700fe0894c0ca1ba4997641ce10d5bfc3089ed10bc868f6fd016721653b46b5d8ae71154640c7f4d5a2b7b14d743709d59be2b141054_1280.jpg,https://pixabay.com/get/g454648c2f9e42c698e2119c1b23ea035fd1525b03964555ee3f3ef5aafd4569837ad86999381c70fb37ad662ec5c26303d1c4d8519dca4a772ee6d15adb07afe_1280.png
TEDIOUS,boring,boring,https://pixabay.com/get/g0bbca530683446aecca9cfc853b21c82e8b95802cc9ca1c111ba5e2c0f494472b67d0a1af6810c507df6cff833a3a7f515a11eff7f1b802223f79fa651a63dcd_1280.jpg,https://pixabay.com/get/g6532acc88de1ed8202a34d48fcac1edbf7a9c18e9b2f6e506cc3c7f1ad02435b12b9eec2ea78e77ffa235c30d024392505b3595d29a4832451499b03f434d46d_1280.png
TEMPER,to moderate,moderate,https://pixabay.com/get/g9f9b4b8d0bcdd506c993b072381d92a13e3ec79c6b868da7ee69b280267c0631a3680a8d67d6979cb3b7679d24622247bc6621ff804b4755c8d5d4ab3681be46_1280.jpg,https://pixabay.com/get/g44d0d1313c705ef4051d94a4940b41a73f267c52fb26db46c9575a3aba2560b8dd5dc66ff8d8bd6b955f92627eaeca1f206de3aab8f09db03ac08d4db7f7476a_1280.png
TEMPERAMENT,disposition,disposition,https://pixabay.com/get/g95cad4ab614f1266bc8131c9f34273cd3f87e3cc1957819edec88eff66fb62ef137781865a67bea4f58877bf01d35bd289c01e00cfaf53c63ca99aab680235c4_1280.jpg,https://pixabay.com/get/gb78b80996f9f23f5a0d7ec4b943479eee9d69678b9c0f877ed0c60cbe7291f4cff5cd71476fc952ec971118405ae786ceefc44fcaf4ca09081e0900e2dc1eaa6_1280.png
TEMPERATE,moderate,moderate,https://pixabay.com/get/gcf750cc8c3404be4b0e61fe0b6aedfc488985b8cab3aa5e772e59d731e00aaeef7e8716769787fdfd90c61a062faaccc79a549a422c3fc70e7413f00c1b873d4_1280.jpg,https://pixabay.com/get/g9b6315416ae1dbfbc0bdec012e782270f770ae0b9441457ec852c9dd273659b2c61f9f8c1bec7966124d1ff50f141ba3781a29f0778fa24f5032d5583dfd8569_1280.png
TEMPESTUOUS,stormy,stormy,https://pixabay.com/get/g358003cb1605e135d78bfbdc9ca954cc1c8c6fc274bde10226be8ef0ff7ece61af57f0cf131164fc6e512e807e9e600690b19a0765c43d0925852878728ed9de_1280.jpg,https://pixabay.com/get/g80833792588e6c987f7f3a8d71e3d3b66a08d83436c9a281116097d86d049e8eba42ae9c6eb89735dfec65a614546a2083f4217bb379f445cdf676842701efec_1280.png
TENET,belief,belief,https://images.pexels.com/photos/31513866/pexels-photo-31513866.jpeg,https://pixabay.com/get/gda2d9296f6007da3257fa41947ab5783d2fac7abf60d87d934e185ffadc4024ffb294ae5f37c09ad479b2db1696018508898bccacb28c35fd50bfcf500f313ed_1280.png
TENTATIVE,hesitant,hesitant,https://pixabay.com/get/g49a61ba91f6d681ad0b8c0d85a1ac07aadc64e62d81fb3dd0a0b711d3f45158c21c3ebb595ad1ee433ab8a08e59f516a538ff018fa34384e3f8de973858d3b23_1280.jpg,https://pixabay.com/get/g820d4d24e2091ed33eb93b729703c86d829386a3bbf7c93cb4207ed911cf78b4c1578099e8c9a52869043cc15de5caf516abb405cc2c85feb07fe7f88e642929_1280.png
TENUOUS,weak,weak,https://pixabay.com/get/g9361dfc1269255fd7273754e06ccd3b58c9f8d35b67020462098ef4c83ea17c2e34c7881ab9d6fcb69f3a2920b189c3a0a6afdc4584756f7753c274e2df2a771_1280.jpg,https://pixabay.com/get/gf481e65c522c374043adc8694776d7fd4e6afc1c56b43735f30f1bb1eaf458cfb8f2df9300774e228a774e7c431e6fc82e748e7c1ecc3d67357ee3e446de439a_1280.png
TERMINATION,end,termination,https://images.pexels.com/photos/20488625/pexels-photo-20488625.jpeg,https://pixabay.com/get/g13ec0b3000507cdf493a868bdd0a7ab3800a1d1f29d6070af82033a216af5dc166d7954304ac5e9ccc926ea715716a10e6bd331b4ef74c70e31e8920edbb9667_1280.png
TERRESTRIAL,earthly,earthly,https://pixabay.com/get/gbef339f4479f905d7ff1ea4198579a86b2c1ef30a12e708b8f51bff711f6014f3194a3b40b12336b5455ef74c53aa573833bb805363d1ea1a0f7ca6e5c02225c_1280.jpg,https://pixabay.com/get/g4b452e08e9f2e007041589428e90f8bd1a459db7baeaa09e02f79515ddd71e3e2d5f68fc1bc8c9efbdfb950ea5734e705b83f250a68ad86d9c9064b90f775b28_1280.png
TERSE,concise,concise,https://pixabay.com/get/gbc4bfc2346967a243006c2ed7cd6d569d4887b74d7c76dc0ee7037fff906f17b5081a8626d0cc9db9e59634cdea61d34a6376254150ce9276a64829402a00722_1280.jpg,https://pixabay.com/get/g13499aac81d25ac0907b730af0a63b3b75a4cc452481faabe62e57c710d4633e491f9b52bfc43763be940dad14dcf39c43bc1d166937d67bedfea5960d23b76c_1280.jpg
THEOCRACY,religious rule,religious rule,https://pixabay.com/get/g5feb98195efa55747eaca815f149901c16d38fad288d75d4e7c06712b6839462ed002c6b0d693e277dfc1d058b62a6d7eb7d312a8b31bcda754d6e6dc6d362b2_1280.png,https://pixabay.com/get/ga958da0176a5e8ef1b26341c85c74f4164b3c7a8279c47ae71c5728bdc12ce2ac8e15f86048fd0171ff96973ffb86037d406728b8760e877f95525f8aab2f564_1280.png
THEORETICAL,abstract,theoretical,https://images.pexels.com/photos/12548694/pexels-photo-12548694.jpeg,https://pixabay.com/get/g18262b8d55c6697fdb34e41ac6e0a06bb3ec4dcb29afcad6fa9c7b77c1bf38adc125ca39d8d610e5f92e93a4a711adf8e2a733705427834dd05c58fb19c513f4_1280.png
THERAPEUTIC,healing,therapeutic,https://images.pexels.com/photos/31251024/pexels-photo-31251024.jpeg,https://pixabay.com/get/g1ce0184c955f1c95917d3a6ca418289bbea09a9b03e5a6f15e263636f57d37791d5a4d68f17dee02594ed1ad22bb05ee4f182f31245822e109af91e6d6eb0207_1280.png
THRIFTY,frugal,frugal,https://pixabay.com/get/gb97d869720836f9a3f014c5022ff3b970e30198598a84766b4a2d41b572809af34400716fba92f1749a385fa699a16d67439066833fc247f3b90dfef74dc5dad_1280.jpg,https://pixabay.com/get/g39643f96df78de7e5533da775406a12d9164e769c28af83cd78f14b38d3839610e29f1a1daf63ae987f74df86b681dec21e1b0f8eef9b062e49c4ba44ff1e10f_1280.png
THRIVE,to prosper,prosper,https://pixabay.com/get/ga80afe03052819d906092739bec6eaa91c84d40a8237979b86a503ce6d1a41a3aaa29203875fcba5e6ad3457509b1c43ffcda368be17ca4db4fd0ab03f8d11e3_1280.jpg,https://pixabay.com/get/g788acf143fe23c5338e49101c1bf1e68c7a1ab38d8b0455707246bf0ad07fdd91ce0fa1ce5c6e643add60f0f8a093b7ffeb05fbeff663cb33b202a8ede74aa0b_1280.png
THWART,to prevent,prevent,https://images.pexels.com/photos/3762802/pexels-photo-3762802.jpeg,https://pixabay.com/get/ge35425e0d9ef161dfcc7a24172be671f7caaf0dd414ea5b1f76bb3a29b3a2c9bb64a51d548208981883c38362bc2c589b792b9420cbe511842340fc7128fc61b_1280.png
TIFF,quarrel,quarrel,https://images.pexels.com/photos/35725745/pexels-photo-35725745.jpeg,https://pixabay.com/get/g4c24a4a7de1e5b0c6c70e15858322313a9a2805b6932a26e68d24e42813607385c012c9ef5cd63f5a54ff33e6966ada040e578d08f5b5d73b53d32a84c7cc809_1280.png
TILLER,handle,handle,https://pixabay.com/get/g8395e05ed59d101c27c80a9933a26e563a1da70c8bd3ee5bd485a7da1d42452b651654220311622d602034e18a49eacb60158e599ced6d39925c53f41ebcebc9_1280.jpg,https://pixabay.com/get/gb19fe36e6d1f256c563f92c38accfa9c1d0b55d3149073e0757bec27c90949c602c540d5998eb771498ddd2ca0ad08f973527b508956426c3cbc12a1cf763f2d_1280.png
TIMIDITY,shyness,shyness,https://pixabay.com/get/ge615a5667940f994f01abfab2e7e7778af2bf025fe322ebdeb90f3683978e3c506599b2aeeeb4a86d2fef6266e26bb51148146d5beb3032bba62721d32779b09_1280.jpg,https://pixabay.com/get/ge98668ab8d922dfb74ace5b054db961705054a6346799d8fb8536308abdbbd43e3642ab5430f83de8f4283e45edab1bd6649549d1011bc9f08baf5597489a8e1_1280.png
TIRADE,rant,rant,https://images.pexels.com/photos/29168414/pexels-photo-29168414.jpeg,https://pixabay.com/get/g14ac9e7569d8d1f7a459181ad774f8773de0f0a5010440b55e667d3ffe89d7becc57ec04179182c1af8e3f3e1badb03b7392ce1b77cbf3e23554cf544ac4abf9_1280.png
TITANIC,huge,huge,https://pixabay.com/get/gfccac6f3e30ce6e4f35d820353bfb9d0e25e2bbd673dca179300bb0c172bddb68a7e41f04bdcbe6eec6d5a841b8be2e05d628614d004b964d01559677784ca8e_1280.jpg,https://pixabay.com/get/g2424587f25b4496dcd0293becaaca2fc8c4afe785f1d39b2edf196a0b66eed836834e7fcff7852c6e2c3250c5e55d709ed21f9efc39e3d7118fa6d6b7d2d1f78_1280.png
TITLE,name,name,https://pixabay.com/get/g935975479bca7abbd1091777f208fd32160d8d72f411914fa61980b575c47e5b15304ff575290f34d8b8417c754342ab_1280.jpg,https://pixabay.com/get/g4be356b8b3da8fd694d8134614d4ba96fcc2241d3f621765b9f758d39835570fedd63eed6960dbd261143d036cb35388e12ce2a1e52b7d5c3f825cfbe3300be5_1280.png
TOADY,flatterer,flatterer,https://pixabay.com/get/g41d01d1a4efe69c0d646ef9c0c6689699379c28302ee6cd21299a78d789bad635e3829796a0c8c56824dfcbbd9e9ca9f0305ea38e679e82844f465a03df72fd6_1280.jpg,https://pixabay.com/get/gdc30802409e1f9381e9d451b4153ec42e39f57d544505f47926a0b09e22b18db186880b7c3a41db7a24daef7023b1a3796423e212ee4333a7d220ecaca584a17_1280.jpg
TORPOR,lethargy,lethargy,https://pixabay.com/get/gbbffe72b3d9bbf83d661a782c393cf253d58ec81f6f8dcfd3325ad8363ae7457c406ff26ca8549373eab5a422c2e1bf578b424ee26ee331df6ba63fd1dff88d7_1280.jpg,https://pixabay.com/get/g60b2db8260e1cd4ec789a5f84e6853287c2adc3a0d2d09aec34726e4263f3597b14a53f38b14a870c1d05c531cde4df6dee9b691797247bc55b2f03e6380c968_1280.png
TORRENT,flood,flood,https://images.pexels.com/photos/3593193/pexels-photo-3593193.jpeg,https://pixabay.com/get/g5d019282cd1266b43ab8a5396529612b18c7a65d2cf351578d40df82201c991d4136d381de32ea3aeba075c4c8efbcebd95f26d572a61955bc8feebcaafd78cd_1280.png
TOTTER,to wobble,wobble,https://pixabay.com/get/gac5215955619d61775bfdc302aef124e7bdd31c1cf56393e1842e3cf2eae65712630bdee4f6f9d15fb6cd0d81f617f7094c98ef19dfe780cbd7b6b8274645ec5_1280.jpg,https://pixabay.com/get/ge65999eff25367fd2417db282cb1c78ce3a03db056103d75fb35531833d42290e459bee548f3c56229aefa7291789b57330285efd835cd42407e3c25a8a05718_1280.png
TOXIC,poisonous,poisonous,https://pixabay.com/get/g9f15ac1a7867522b39c5b6ac7001978b7e099270db12154ff7c472be23ed3ed3829b1394e06b0fa128b29befe147aa3ae662e1291970dacb1b881f57f9d3e245_1280.jpg,https://pixabay.com/get/g8fdf646b5b5bdfa967aebf2c602065faaa77c0f6a29550180f1ba3ed380caadeff09e5012026165a0f482db6e0a7be15b6c51b80748efdce0e12b2fcce0db125_1280.png
TRACTABLE,manageable,manageable,https://pixabay.com/get/g97f5c0c285a381f127bbd3c29930e9e838097610e02b5650541066d52fc10824beff2e7cb52e22e09302da45065e1790be3a854f1df07e85ddd761270cc6e30f_1280.jpg,https://pixabay.com/get/g57ef3aee0c7ead09f970ef72d3478e553e7b250b987ef3f4e229a00006c5222b1d7be0be653aae65a8d4a105e2a678d4c3f7fc877c4dc828869d15ee0007e614_1280.png
TRADUCE,to slander,slander,https://pixabay.com/get/gbbaf3ecf9ccab1e0aa361febbbb47b68d2fc3e2d434bdeda99d1cbf17036fbf3f31690dfa948a5b9a3b16612c5a0bb92397a685f2620e61f7e43c2e736ca599c_1280.jpg,https://pixabay.com/get/g4caf85a91aae506bd5001dee381123661791cbf2efa49c331bfc880f567cc63e2a30334da69437a6134a265244e1c3ace2fc0e3ed4e6c387deeca63676e1f3ac_1280.png
TRANSCENDENT,surpassing,surpassing,https://images.pexels.com/photos/13312404/pexels-photo-13312404.jpeg,https://pixabay.com/get/g0cc98a769c0490cbdc2eb6edea7ad61edafb30a22de2fcecbfcc46a3cad82c63bdaab58f58c852b90782942b3140d60fb92ac575dee5d3e3c25aa7a97475418a_1280.png
TRANSCRIBE,to copy,copy,https://pixabay.com/get/g86b4e08f95946372820aae6c731633ea401896daf268c5be7c56e8b9c3aba61ab970c0f7f01cd3640b03beb55bbf46dd257823f9334e492a6d96c72fd1ca6f2d_1280.jpg,https://pixabay.com/get/gbeb74dd0214df2c9918f6d06d4ceb8722ba8703e6e1b8f1f002325be0a54476eaac41b0c23096342d33fb6efe5bc3f54fe7826056abcfcf761174e6ac85682ae_1280.png
TRANSGRESSION,sin,transgression,https://pixabay.com/get/gd4d36c19f7e30f1deb721fbe304a9bafc9652efa5de5d68b60370128c0b651287282e8a0db9e4e2c40738f7b23c1f6c0f90ff2350fee2fb7427d0abc02d397b8_1280.jpg,https://pixabay.com/get/g9b613788fd8e67d2899364e20fd210852945019f959fd2175452595012bf128556a8a78e50ae28cb9a3ac958959acbdc46fec878313b04dde142ca937857ba99_1280.jpg
TRANSITION,change,change,https://pixabay.com/get/g6b7bbec9b7c467a41436ddbc4c3c4ce551a375370a7f8411e682abad225b7f9aac5814b89cd486547394628e10ddef2811cdb7f180d7b3010261d24d83f7b18b_1280.jpg,https://pixabay.com/get/g21451804fdbb9a44e27173d3d0248df832bab250a0393c308a7723099dcaccd4f2247422dab2a6c14d1b8cc4ee200803bf7445756b4b4cbf69b0599969d8e567_1280.png
TRANSITORY,fleeting,fleeting,https://pixabay.com/get/g73ff2a599ed998cd0dc1ba8ef98e8849ff89ff96dd0f25de1aa9ee6bd0fa4dbbf1b0d08b5dec00353319e53fd38401ee01af5d9ff3baa28eea7c3f94816a107e_1280.jpg,https://pixabay.com/get/gcd5fd77ad4a60938abd56961d8cb1ff406c9419f30749280816cced6a3a9ead1d9673863ce8ccd773b1a166e37fbd24ed1b6b1e82959262b2a740b69c901345b_1280.png
TRANSLUCENT,semi-transparent,semi-transparent,https://pixabay.com/get/g0a1718355235743d2f64ea47ab92857c668ef8fe1212701bfdd9c2f04d003514ebcc3ea346f9d4cbffe917e7b0ef149c2d546a0c9ced282c00773407d070495f_1280.jpg,https://pixabay.com/get/g046cf2b67116c80d49bf26557bf53d2222de36c7dd6db968e20631c1c877a22cb9503886a185efd28b20abc53a5524366075438c31478769d09a92020f5be6c4_1280.png
TRANSPARENT,clear,clear,https://images.pexels.com/photos/27603433/pexels-photo-27603433.jpeg,https://pixabay.com/get/ge3b1e9c6de13a6a9777498314633800aaa7c1540143f8d7f56c9d72789d843c1e1107eed5d5888fa45e9a851d9d8034154cde0ae08cc135df1fbb368178df0d6_1280.png
TRAVAIL,hard work,hard work,https://pixabay.com/get/g8f2367c0f38d17e693178ec85a11ff5fc383e5070e797ca9a5b1e49a93d298bd07edd57eb54f712cb20e122ed5301c8a00df3550544dc7cfadd71033a8754202_1280.jpg,https://pixabay.com/get/g7ee1cecdd02a540dac77ce44b6bb3ca2aee4db187627ff5b1526ebcaaabc91241f3945e3254c174cf98ad2e1069ea01889d299b7ccccecf4a683f786fb9d38db_1280.png
TREK,journey,journey,https://pixabay.com/get/gaee142f20ab5525ebcf1fe13497ae93b713f2504861ad18fd23c7b68d520773e9501396d379851b340606c042ea1d585cf7333b8dab2d40dc7e026cc02c66839_1280.jpg,https://pixabay.com/get/g5709df28d5e61ae033cf7455aa53c09b15f81c3b932a353f3ee3094cc60a8167de645a3d485b7cd724ae83d1fe4e7ca0a92393051471ce1a9bc17bad466d042c_1280.png
TRENCHANT,sharp,sharp,https://pixabay.com/get/g7c1e0fa9235eb797605bea9a38777fcf930de49cb71db25d46173c8751cb83a3c217797c00d26ff94acfde666c2a9708626bc15056293ec7071ee7071ce38ff4_1280.jpg,https://pixabay.com/get/g920709b6a96609bc3b30a005f9f19634ab4a0109320e1645795758aa3599d33e6aea357c560c1fad179ff9fc1f44602cd1108189a7c00a39472865085b03b2be_1280.png
TREPIDATION,fear,fear,https://pixabay.com/get/g6ba7e6dcfdec18f4f3e354f17abd8c7724fa295d410cc56e925b5692f7baa7a4cc1af9b39cb9f2cfdd2f4a5db6624798380940c89742b6c8bbfff79354b9d3cf_1280.jpg,https://pixabay.com/get/gb23858591c8da03cd377a3ebdd2aead69bf101622e99ec90da3d1362e07dba7efc080ae47068fefaadbaa9603e44191ba2676bd2b5e0c02d25a8c1f3428b5ec1_1280.png
TRIFLING,trivial,trivial,https://images.pexels.com/photos/14517581/pexels-photo-14517581.jpeg,https://pixabay.com/get/gd973b5a84caa781afc2fc3f5085e0d4812808e82298b7895e9d23510befa7fae8b84d8caddec451d13f1518f6095968e19203b566907361a260886ad69186dba_1280.png
TRIGGER,to initiate,initiate,https://pixabay.com/get/gcefd64ed2a1be583b64294060948f1eb2872549d4bb5c50a91002659b21b340a1f3397b9f46b7d73b3c751145785263ef48475eb459f98dd547eabdf29783dbf_1280.jpg,https://pixabay.com/get/gd4d6c0bc0725753e336f37b0a207eff3d2956dcea691df962d3056c5050ca1345c863b84ce7752ca33ae30952a1717910148fec9d44e69a7cb0ae1828d9ab69f_1280.png
TRITE,overused,overused,https://images.pexels.com/photos/13312401/pexels-photo-13312401.jpeg,https://pixabay.com/get/g09864d10aa101983e65e40d7fb2f53aaac0cbec3aa324d302a19a54a45d4e9dca1644075d093516755f8e393c19d874ae5394aa508bde282d18f5d28119da959_1280.png
TRIVIAL,unimportant,unimportant,https://images.pexels.com/photos/7448281/pexels-photo-7448281.jpeg,https://pixabay.com/get/g82ad678a9bd903867f8e41d5e91a9b3e1bc9ddbe7321ac5706ea1cb17056acae211b18fec3e4dc95c9d653d2ebb47eb0f8973a25b19b12993affacc6afa7016e_1280.jpg
TROUGH,container,container,https://pixabay.com/get/ga649a346a7070a292549860df248d881d372d6ff387adcda39354b060a3e4025c00d91982ddba8c089a3f12ce9d9d093ed434fad9404362be1dd44e2928466d6_1280.jpg,https://pixabay.com/get/g6d5d1b35dde792e19e49a7b736f68fb9d6a446c8131ef9ed0defe7b812b4edae484dc1506acce1b2006bf9b91448262f1d49456a39b24e2d0c9d5481140fd3cf_1280.png
TROUPE,group,group,https://images.pexels.com/photos/28589009/pexels-photo-28589009.jpeg,https://pixabay.com/get/g032f239fb903be3f3aa3b7821414929ba746951d8d9ef71ed4662c015afbb61a2f45d18dcb8c7c06bf6af64f2fceb8a36be12de77e30e36490d556e6743227b2_1280.png
TRUISM,obvious truth,truth,https://images.pexels.com/photos/19568315/pexels-photo-19568315.jpeg,https://pixabay.com/get/g00cb0ee14eb31a41eb6e2943866664de498ecae33c72bae54157cc7e7da76f75cac24a761729de5592069dd93c1f08d5192fac56455fe31714263e14069b5205_1280.png
TURBID,muddy,muddy,https://pixabay.com/get/gc3baf25aa716a76bef7ff5c4a6b6a3c6073547fc4073351b45899a047d5b4f79d3daf92fbccdbcfa074e887b703db2fc4007ddaae91f27ef928b685f0b06a6a7_1280.jpg,https://pixabay.com/get/g3709c3551ef707540c5e90bc1640467ea25bca9eeb4133502aba866948d2e03cffba53d80aa01386eb74ab59f3e7557623fda548517be01e2586a0ddb7c370d1_1280.png
TURBULENCE,disturbance,disturbance,https://pixabay.com/get/g97185123c1641edebefe4e17a5fe10087e729f4c1c832e28b086c0ca9b3459dddceee715ea8056caf0923455a067e44671274f6c9134662ea0a68fe560f79940_1280.jpg,https://pixabay.com/get/g987b3d9b4ffe94b875c7d7b1d22c8bb8b5d8a6105a4232afd60db6704481576b1d7b5373f0a32f5143c5e6c4d162a776f8a15e24974783e3f3a33200ccd339a1_1280.png
TURGID,swollen,swollen,https://pixabay.com/get/g420f2996a18f7d808dbe32d64c76ce9c634151a4177bedf51e09bbac92edf80a1ad03f03963b32c6e4abd31a2a8166989317468bf81b61ba0dfaf1dcf8df2c02_1280.jpg,https://pixabay.com/get/g368dd82d7783bc1ecb016666191c6ec70e13d2aa12021bc1e079720e7b57f7b36dc053ce20bd408e45aba0f46d43137d5ebb2ae0ff856bcb16d5826a2eb9dfe7_1280.png
TURMOIL,chaos,chaos,https://images.pexels.com/photos/16005629/pexels-photo-16005629.jpeg,https://pixabay.com/get/g9beb8be59497b9f3da64d681c23aadc53f08b7f95ec3368701eb3c2771000140504675f2d84bd13f7bf755ff916fd5a35b74d0bcf69ebc7a3f00e18e1abf5b68_1280.png
TYPHOON,hurricane,hurricane,https://pixabay.com/get/g8d3d84e78e2f1104647a75d7c4b2312859692e6c88939c447c2491fd122dd921298befc6639b8f5c96f7b800fdcfffc018922e7dbfffc8ce148ade714af14331_1280.jpg,https://pixabay.com/get/gcf5a05022b7d0d0587e6e95f0a908ada752f5285103658570a708a5185751a67d9e8728f2185932cd2aca99a6a6fd328393779d9bacefe83d6e5f32085727c12_1280.png
TYRANNY,oppression,oppression,https://pixabay.com/get/g83d8299f1e562e9be7a1f42c46f98bc78bc9024682c2513db32ea45c88c53856c150385cd8c06c79b1ba81898a9d168ec2fab8f45d3c81a8ed77d7fddb69bb22_1280.jpg,https://pixabay.com/get/g1c69aff952f047a1a02d5576cbfd0be84ba682303264e465eb491e8cab3e8d35ec9081f1ece51aeddd37700e2b436b714595b661b0bb48357bc18d911b9a0318_1280.png
UBIQUITOUS,everywhere,everywhere,https://images.pexels.com/photos/18069240/pexels-photo-18069240.png,https://pixabay.com/get/g1d96b9c9153308066fee22c787b04635891899aa61ef91b9540205995312567be41f27fdebd4e816eae89d611409322589de12ccefde452da5f32f65f2becc42_1280.png
ULTIMATE,final,final,https://pixabay.com/get/gbb5926ac745dc91a8bf6b02620f22a0401c06a0144716996986719e4ae481d93d75f85e29ca95eaf9728885836ffaa19eea0fadbbad7975a2d4aaf3e488e329f_1280.jpg,https://pixabay.com/get/g9218ce446adaf24f3dc8142624c77fb8a14ac788fa1fd530b22c4d6757518713a99396cf4f28ee6f96a86da1665cff7e400944d008d3213552ac2aabb52e1a27_1280.png
UNANIMITY,complete agreement,complete agreement,https://pixabay.com/get/gc359ea64654ba0c9854c85bba70c5af3e466659b267a9a6cd76509a85372324ae4a30d356afd12ca783367c9364daf2ff4504e3ea3e7dedb895c742892bc944d_1280.jpg,https://pixabay.com/get/g8fef6cd568d42d4086358559a3a0d2c3026b35a34190615ca45a67a30e10801ff44f2a46e3e561a5809a46878caa77c0d9cdb35b231cf9751ae4e3c57d8687ba_1280.png
UNASSUMING,modest,modest,https://images.pexels.com/photos/6071513/pexels-photo-6071513.jpeg,https://pixabay.com/get/g9d72aaf677191541a6e98937e0240a9061b6c9cf593b3ecd80d128b95c2e2df8edc181caca9fadef3a5a17a660d589321f20e11beeecbdb32398e68084568339_1280.png
UNBECOMING,inappropriate,inappropriate,https://pixabay.com/get/ge9e2c4eb2770ca6f7415f3e22cd07687bcde77f5dcdbc377a94492b23700c74945071456065f01e154cf23f2d3fb936da2633a064513bd3516d895e532541818_1280.jpg,https://pixabay.com/get/gc1008bd4c72f34bd16db64bd0d95136ac828f0add40542be1be40d50d2a152e3cd1f59ed946cf3441aeb001ce3ad7126_1280.png
UNDERMINE,to weaken,weaken,https://pixabay.com/get/gc5a69fc1eb2e9c20c20853424dec50c3de9718dd08f4546615c2b0b8d00833b393a9d2d5ec8d5a6aa108d74974bb4180c2cca4ed7e9424a7c0905917eb738efe_1280.jpg,https://pixabay.com/get/g570f4c463b853a5a0bb6df2ab5ae558aebabe62847a9dc76bad956493902044d2fe96b39dc08cdb837e4a62d842ffe5f93fb23630b21e7baaa0393a28b9b12a3_1280.png
UNDERSCORE,to emphasize,emphasize,https://pixabay.com/get/g32a6a50d3b213ff65b4120668e784aaf369b8fd9f80d442b632179c0ed7496338cc27ef6234c4e657aa6b8401874ae0bd30361ef778cc5798b90b887464c1f4a_1280.jpg,https://pixabay.com/get/gbdda7bcd82610362e1c1914dcaa901a1cfa459b97f421bc6e74a6ef3d9f29d090d88003948c7b03dc1e028d0fb67c182_1280.png
UNDULATING,wavy,wavy,https://pixabay.com/get/g053b5ee56d0d327771c90ae36deb3a32d3d3e09eec62e923a1f9d43d2f35e4cbf946515cd00fb514a0acee540e29c5f807017b00d771cb0a62c55411ccebdeea_1280.jpg,https://pixabay.com/get/g3eb8c2aafd50b952e8b7c5fc6ac871704c434fe7cdcf17bc851e446ef528a446935db3dfcfde8d8efb632ca798987122022e8acb8740bc38e2908053ba2fc75e_1280.png
UNEARTH,to dig up,dig up,https://pixabay.com/get/gf36390f7287a89922fc50da8ba7d008004a92d614caf99fa50f3a6a034c6e3b8e83086628139c5dc8922e45a0bad97c3e1bd213a4b02ad18bb3bda25255866e2_1280.jpg,https://pixabay.com/get/g07aa124be5f52bffbd17248ef58dc09b367edeafaae32c6a0d5c2058da418559089bfd7c060c379eb9f3a40482fd0562aefe426c50327262b5c1cf957f57e436_1280.png
UNEQUIVOCAL,unambiguous,giant,https://pixabay.com/get/gd6a6db79b9004b30b3817431bd50895cb824ff2c817649d8b7065bd8912191701335b11809662410e24b6d8f8c1d94b182a9007f8ceb015cd0a15874e7acad27_1280.jpg,https://pixabay.com/get/g530f1c6cae1caeb29f3f7b525d01fda30eb7ed07bcf929fc9bbc88e676690b0d1c253e6ec6419c30e7610e9abf9b155f88851e7a19be259cb9f253900b0cdb77_1280.jpg
UNFAZED,not bothered,not bothered,https://images.pexels.com/photos/3762802/pexels-photo-3762802.jpeg,https://pixabay.com/get/ga940c4b445122fe1df85ea76791aa03d4607ba9b4d3120a3d4f9cebbb1f558fd89fe15534bb9a4a84fea132a799b9e177917c1afb8dda2a23474d72e9de484ca_1280.png
UNFEASIBLE,impractical,impractical,https://pixabay.com/get/g5e232a24f3650a71962b339f807c917dbbaf073841a8bcefa0ba948f28bc82001a014c0610debf1933bef93682b79b3321478a2e65e7f74bdeec80d6502e7f3b_1280.jpg,https://pixabay.com/get/g2d4b34dee3f4aab56c783227eb3fd1f8cbebeccad468b93b97f72f4049dcf7b9544f9dfe4ffe27022fd9e864e1f703a926de812662ef64352226f7a2f2e37b52_1280.jpg
UNFOUNDED,baseless,,,https://pixabay.com/get/gf2de7415b7dd0660099b13c956fa898efb9df0c57e0275898595ebe9636aa3d963169de75561ba222ee424dce545933c_1280.jpg
UNGAINLY,awkward,awkward,https://pixabay.com/get/gf47290af158114b85ce1651581174b57a1847faa2b9296fb0ce96f36304ba3e98357b8c3259cc0e98b8842fc234527e4df34bc93f691db17431fbd0a27b74001_1280.jpg,https://pixabay.com/get/g62c7e36198542415dc93645dcab054a5eb54a33be054538a53076e0e0219a0a41fe01387fd967777da03eae071e7275392cc826542a0ea47bfe6cdb7143a177b_1280.png
UNIFORMITY,sameness,sameness,https://pixabay.com/get/gb7e3baf4fabb2ba9cad97cef4d64a9a1baa94e3dab3b2e38984bd79c8ded0aee5edecb931395dabbba18c5c39610642326cc0f98a6f91841a57b557cf47eee07_1280.jpg,https://pixabay.com/get/gd565536aac69a2c6330425efa7c3072b395f0799cfae6961edb57265859ee63420f1afe32f5f533d23150cfd0d01d99cfac596b984b240141b55e43fd4cf1109_1280.png
UNINTIMIDATING,not scary,not scary,https://images.pexels.com/photos/13777905/pexels-photo-13777905.jpeg,https://pixabay.com/get/g8bef7d5723be52a8759d8507c0b23ff22eb80f4ed589478ff1b7ec7844c90d9c5689ca8714dee76b9763c68a81acc684299b80290447f460e82e00fe24381292_1280.png
UNIQUE,one of a kind,unique,https://images.pexels.com/photos/33798263/pexels-photo-33798263.jpeg,https://pixabay.com/get/gdf4976952a7abbcc08ae67c659c789330852e4c730e2336ee4ded594e91a7f1a81f28a80240278f51b6c1669fd70e665dd75b512f7a7e6d8e83220a7fbfd37ad_1280.png
UNIVERSAL,worldwide,worldwide,https://pixabay.com/get/g285118ee0d9aa48f8923b0c005ff9231152b09fa5465cac3d6a87386f440d797026b96c7dc5716f53f86c5163bf36ce4700b28830c79b540ada9c57ab7858cc7_1280.jpg,https://pixabay.com/get/ga1132dc297264f8352d57c9693ebefb2d71ca70dcd035499f0d3b00d269a3a848c2137d76d7e25f3c30e378fd0131098d5c1c9a708df1ebaad9b009fc33fc6d8_1280.png
UNNERVE,to upset,upset,https://pixabay.com/get/g543c96aa63881207f15b5b8bc79b49faf84f4f1ed92d8df9eed58f74cbc981cfde9eab68ba8fee15e317ab3325719c2560c3faaba48f7992e96906768f62f2e8_1280.jpg,https://pixabay.com/get/g66b5e03826a6f1ab5a04764aba7c9972af27dcaaa29a2571b4f1fd32746c09a409ed296ae31b671c494abc78a9f14ac35b121a3925c684bd589b43d4e6705efb_1280.png
UNPRECEDENTED,never before seen,never before seen,https://pixabay.com/get/g13ad2d5cba8b9d69d564cf2dd2259d484dd68ab218224afa5a1878aede35858db7d4017d9fd9f8527c873d78a23548f2483cfa665f0802281a6f2216eea550c4_1280.jpg,https://pixabay.com/get/g7bda2a13ef77c54eef66353a0f13e9c17c807fa62dda330a9478c4aa459a499109b3bbd1b23cdfab42cccd64e89fb4e02b1318eac0b50f2414d8750553379f6d_1280.png
UNRAVEL,to solve,solve,https://images.pexels.com/photos/3762802/pexels-photo-3762802.jpeg,https://pixabay.com/get/g17fc75838abff06b1cc0b67f2726fa7ec49af2457c88859e356eb7f282fe16549d424dbb4b5ccde2226259920af2d0a0_1280.png
UNREQUITED,not returned,not returned,https://pixabay.com/get/gf6d37cdc56888cb1a95f5349b82cb0a9b2a84a128c4a6beec45914d0230bade1384aaa4d64b698d01520db875eff523658d82e9f05451eb8ea3f523b5b2f8a03_1280.jpg,https://pixabay.com/get/gf4184e6008e5f4b91ffa7016191e09352927db5c50010718d28c9bf92923dc588577444a5100644bd20d3a08f05d04dadc0546a26e96a61549c3e4cc11069e20_1280.png
UNSCATHED,unharmed,unharmed,https://pixabay.com/get/g73eecd0a7c0df266970edef722c71919f9e87f6dffcb565d0117319b60f43c0a641b94987d1634234f267b3c52643a461cd167894e2752f8bd6ba95a0f2985b6_1280.jpg,https://pixabay.com/get/g1e896e62596bc40bf00245949f0adfc1d2ca111d02f2d3efd175f4dec8a05dd4cdd279274a19f2b0f58eeb65314a9c718954baa7104b464ae6ed4053404e446e_1280.png
UNSEEMLY,improper,,,
UNSIGHTLY,ugly,ugly,https://pixabay.com/get/gac7b7aa52832bdd44790ab4216e89748d42d36cce6f0b7b79384aff3d2a8ab84023895b9d304aa48512db23a1bed2533a279201146d8e9e1af02946eb1d4c755_1280.jpg,https://pixabay.com/get/g15e9c2f5bc6c9103a787ba5786d564863ed4cdc21623692a0daf6850acf5e18ce8332716db7c3642a6b3ea7ac6bc0da7050c52d749f17bba95a8d30b6e455ad5_1280.png
UNSULLIED,pure,pure,https://pixabay.com/get/g35cba9d2b34a922e61d8b4f31c09532774aa3f16953eabc9639015f5116b2518f8b8302ff966058bd489a9547d88987c82aca57bd7594cf8be7945bc17a1e79e_1280.jpg,https://pixabay.com/get/ga2c2ac8aae3cb0d7dadf15f99674ebb6ec1e883096e8ed4a250f6b5ed1ccefbcd9fbda97dfcb3a9a78439c6ff17ffae36c60e7a264570ef0fca52c85262b1ccc_1280.png
UNWARRANTED,unjustified,,,
UPBRAID,to scold,scold,https://pixabay.com/get/gd12b24e9d98828f31f3b19eef12ac34d14c3e642cee2667ad5be199972011dd1ac56389030c5b8b6b24202cfc649880bd535aa659331bb7f91d38cd2c2a157d1_1280.png,https://pixabay.com/get/ge92b74c03aba102b54f4cdd6edcff18d079bbb5bc09d205d0efa8910d0092df1fe52b1931279894342125075248dca6d_1280.png
UPHOLD,to support,support,https://images.pexels.com/photos/17382268/pexels-photo-17382268.jpeg,https://pixabay.com/get/g10fc0438f1f8c6522a886bbbe478fdfda96dce28580ce2691caf7290a2ed6bd032acdbf867e61366e9d2f7f51bcc36db26e30df03874f4a9363ba35d672c52e2_1280.png
UPRIGHT,honest,honest,https://pixabay.com/get/ge1d53f4c1a00b280650f439765e8f2b8415d019cbf79321849d20c11ac241f118385a1c5612263713d20488e34cbd34bd500ea39910ca06465da69c210bcca40_1280.jpg,https://pixabay.com/get/gc7eef1cc78e65e6a4f7e58e77192ac05ab4dab0f17b8880f007fde20eacc675faadb839f65345da8c3370bf1899186009f18efa20394e1a99ce6e1d7a295ea60_1280.png
UPROARIOUS,very funny,very funny,https://images.pexels.com/photos/35794780/pexels-photo-35794780.jpeg,https://pixabay.com/get/g46293e5179919b52ce163a6026bd3501d779f20aa184e761990af0b2a7fe529d0a7c772a56f7e38a44d4cd874b5c0983b787e172cb4ead2bc4cbeab9f19ac431_1280.png
URBANE,suave,suave,https://pixabay.com/get/g5b4641681f499498fb8c065f84bfdbd30ea4dd113a9f81fc415144ccf258dde0d14370ccc9dc17539fd0ab0523541ef692e7ff31298936619b598b853b7a7137_1280.jpg,https://pixabay.com/get/g893fd67fe3b83100f8b8c040a5e29f8abb74f28d3c920c6613622cf635424b6607ea767fa6cd29ff9b625c097933e1563ba08950658c12f2131cf8d2ffbb2f4d_1280.png
USURP,to seize,seize,https://pixabay.com/get/g36d97970aca3a0c8faa80e7b6a8165c6542ab47217439c51f289a3da411b5aeb1bfe38608ad9ac0b136b1a34d51e4ed3140f44fd2acc5d98f9c192f3c0da5cbe_1280.jpg,https://pixabay.com/get/gc33f6bd256503c2c9cc9221ae700325313795edbe9f6d539fc66f4ee19cd15c610bf5f6e6db83749b9878c206cd9be5da7e9e0702a19970de4a7cad73e858613_1280.png
UTOPIA,perfect place,perfect place,https://pixabay.com/get/g9f52929a0ae74fa33f1d1906bb4f49d7aa43377bffc95b5d8f4a2ef961a247fbdbbcd266b72e496e44390e61a56572ceebcf6a84468453d5f046576d2efd1b84_1280.jpg,https://pixabay.com/get/g45bf25eb9f792961a8ed5d94ed582aac6f2ecb356abd309377ed50d73a358201f95ed56da7d6685680fc8e26686625b17ae233d359d3864914d13f916668f661_1280.png
VACILLATE,to waver,waver,https://pixabay.com/get/gcfc591737288d88f2c3206f207b0b35155eb33ea88ac801ae41dec2d7bd80802b0bbd687291ca40d5de95712fc0d5fbb6375afcc7d9575ec12189c393294d00f_1280.jpg,https://pixabay.com/get/gf4db962d8cc8c5727e0cd3e42de553c093e72c0817f5734f81b07a0e718f7eba64a636ebca96db557103867de49cc95e1e0f8daa6cb95ca55c58f4ee00c92684_1280.jpg
VACUOUS,empty,empty,https://images.pexels.com/photos/20557234/pexels-photo-20557234.jpeg,https://pixabay.com/get/gff1a431f38847e3de55fb1aaa1eb8ff821e46eae7fee5ccf52613c3a3477799249dc13d38d07a37866ea22cd2d5f5ba2637e258ca8b9cdd1bf4951d3f5f70c87_1280.png
VAGABOND,wanderer,wanderer,https://pixabay.com/get/gffdeaddfc2e4ba42d8c6efe408246236017e7e19ee59f53ca2834962d940b37d0e10d352bb5f597600caeee88c3db9a19bb1d7c2c023a604b6bc6740fff440b3_1280.jpg,https://pixabay.com/get/g36edb3db9bc0d52055243d61449946901cb26ce2f08bdd5a12109854efcad0ed8d71e7a325f953c271e93c0915b96703e3f269690f917eb203ac5aa41eb8c564_1280.png
VALIDATE,to confirm,confirm,https://pixabay.com/get/ga978d06501303d7357bb730b2551fa425dc1ea73785e0f0beda9660daa4c8e8e9db19dc6e55739c17e7bf4dfd009000cb3aea72b7c7e99ad818bb01b8304a9c8_1280.jpg,https://pixabay.com/get/g8be7d444d63c2e1e82e581054259e313cae166c59a8719452c139867317fef6bb8272839b878a9af325df891ec6a1758_1280.png
VANGUARD,forefront,forefront,https://pixabay.com/get/gdfa08a875eab2af4580d320e1323d01d2afb5996cafcb09acfaf141d9498406465b3d1060eb43795c0eb34d4069719b6444c7b7a4fff0382c856feef5fbac05f_1280.jpg,https://pixabay.com/get/gc6054d3324ef086636f88dffee75e045e20262eac41af6ce7f68e6a6912645d7a0d8f02b6500c6a7e534ca2d242f3f5c_1280.png
VANTAGE,advantage,advantage,https://images.pexels.com/photos/17382268/pexels-photo-17382268.jpeg,https://pixabay.com/get/gddd353da656bcef8418d94cb73cb7db01a920b7a12f74193a2acb72f806a631f86a54cc1f757105ea68a57aa272ff68b87f3200286adf25798904c3bcddb8969_1280.png
VAPID,dull,dull,https://pixabay.com/get/g8ca46747fd963b14287dd180326c4e4a0896ea92b677d5e2475d6627a68253b50a943529bc5d32d99c9ffca38ab6fd6b3951c31b2f197a69dc48696b22944835_1280.jpg,https://pixabay.com/get/g28c80aa384f78813b4fc1981d2f0795c18a5122283ff2dd8d2446d7ca46a127bc4ba1fd5268075596f4825ee7a1c629e_1280.png
VEHEMENT,passionate,passionate,https://pixabay.com/get/g195ba37da52333f4ddd235bdffd730cafae00ea282ce76d148b8c30bf199ffccb9076a5b3d553e1389e7319c0fe0cb5ee308df69df28be5d6afbcb0fb06b8ffd_1280.jpg,https://pixabay.com/get/g2ef3ff3bcd90fbaf97b645cd0025edd8c021c0edbe55ad6895c6a3e1088560ebae5780cc76f94298e00185c1fa530dd210eb20c52f33396b3deae41fd0b47533_1280.png
VENEER,facade,facade,https://pixabay.com/get/gc5e0033986cb496d95cbbab37faf2fb4f3f632038b5eafec8c51afcf7dc9c78570d031370e4fb81ee25bfab213619b9072c7a15d03abe5d7fc4b7c755422361d_1280.jpg,https://pixabay.com/get/gef07f3c659e3c96f13e519fbc60bb24600e7b6b2e24bb2ee02f94940a134364d08be70dd3070ba46659c8c2bc4988a4bbf600e8c96c747b137b586b3fb3c1a92_1280.png
VENERATE,to respect,venerate,https://images.pexels.com/photos/36257903/pexels-photo-36257903.jpeg,https://pixabay.com/get/gdd1ec92e2e86fc436c89adb13684e306e15332d55e4c83b552d98f15a8b40c4462a1cea0c300af3472ce0e16aa1bf669106455487468fa34ff5fb9055916270b_1280.png
VENTURESOME,daring,daring,https://pixabay.com/get/g6de66b4bbc25e488c1d9620d2c960f56018997f98ea61ff78ab82084b31b4e53132b1e3e2a95a988fcbe281a73b0d55b6728d54139cd79f6fd18ae98c3550e68_1280.jpg,https://pixabay.com/get/g610913f7b70147b5eac5901c735bea1135fdfdb5c1d589605d8fafaeb3e52a98050a41993704594e25fd65a750ce0447b0524451557b8c4d0c0d902b4a22a498_1280.png
VERACITY,truthfulness,truthfulness,https://pixabay.com/get/g415037fb527bcca3569b5b75076821cdc4c3e7620db1e45f289934c6f14dfba87e56bd0b703b3338acfdad6e204b016c00369c72a27bd5dd598fc4ceff144de6_1280.jpg,https://pixabay.com/get/g411dc02512ca266e84ae3ee63f4f87cf6ab104182b5c4d6db529e653d6bb5ebc59c998c43166202ed7534ac9b62e7506ff352901fec771f3d263a95927ed417e_1280.png
VERBOSE,wordy,wordy,https://pixabay.com/get/gd726619a6a4d0fbf033f70f2a163d820cea28c94de3fa4b167d5dd4481ed2298837202f3e302acb384de70b8e0ab4c7ee020f710bc76bdadfa99f13acedb6915_1280.jpg,https://pixabay.com/get/gbeffa78fae8432f0ae23af6074c9df4c3ed4c7c7d012b5350b59a558dfd48ab1280ce346ea3f1f2daead69bccc8427b3a7e92f93479819a82ae59bc9c2f8becc_1280.jpg
VERDANT,green,green,https://pixabay.com/get/g05388ab84d1472b05a7f12b78ea056aa82f994e5a8dcf503b4ae406fb6bd25c6152d68e399648481e0e056d542fe1af94467522e7337a954dc7c16cd71e44376_1280.jpg,https://pixabay.com/get/g8d2d08324e0b04273b1f2e174f6fb4fa462058cebbeaadfeac228e4628802dcd869a02770002e54d82189487f241737c7bdad91676be1068fdf74f3599762bc3_1280.png
VERISIMILITUDE,appearance of truth,appearance truth,https://images.pexels.com/photos/7160860/pexels-photo-7160860.jpeg,https://pixabay.com/get/g9c1f50440f7242fe7100f447187da98c779d00c800afaf443c1cea3b540b9ba51627660c48252e9cce3f47d94a63c5c8baf7084595232273fde6ff74a6961e5f_1280.png
VERSATILE,adaptable,adaptable,https://pixabay.com/get/g8c7edd79ac4cf8c05db18d5ddb655b6d60ff302a201cab018b3018e89a2c4a072538635edf0c06ba871f7f6182edb23046e610a3b6f4cdd487e2b1d8d1893ef5_1280.jpg,https://pixabay.com/get/gf484b344ea89df7f5e6f35babc9f176c2ae1347d4ab2938bcb0539dc72e51b7e1e0a52422eeb9e8107d3f1fd0d62f50052c2871a5a962e93f5ce30616259bd4d_1280.png
VERTIGO,dizziness,dizziness,https://pixabay.com/get/g5a491309d1dcee8fa77cdbda8020c5db856607d336e47c65fc724f642200278a2a3739ec153d6f379f76def996faa3fda42e614a40adc246957e8a82cc59c03d_1280.jpg,https://pixabay.com/get/g822c998cb18cfa271e8e6ca9c7765c9b326c3af1b3216123847ad8d54719908a809c237def8ad5a62ade7508d1d7e8df578e770a7eaf275a8f4545f9fdbfb983_1280.png
VICARIOUS,secondhand,secondhand,https://pixabay.com/get/g3db4272ffc01656f14acc7a3df87e52025110d8e9790738569eab30f8317490713b48a8f54641d7a85fd99f7e3f8be3f3e1a63d33ac49cb524042c845978a602_1280.jpg,https://pixabay.com/get/gfe5893a8dccc7df94ef36403306b35f7afdfa78281a41ac602068f216ceb339218f6130456dc4a47f320588917ad67aa175419f209dcdee96a11a102e7cea83c_1280.png
VICISSITUDE,change,change,https://pixabay.com/get/gf89b607f463f6152a7026e5f1c42daae4ed420409d062d1c10d5a284af03acc58170131ce1198494260ebde6a322ffaea5a1859274bc9281b616509e4cde7b4e_1280.jpg,https://pixabay.com/get/g99d1ade96edb53f801028228bc093c29b242f660d99d29336a3d0b864aa68cfa7bada56a2931b8b16441b9f94532e47de89dae40921e3d035ae0a467da0766f2_1280.png
VIE,to compete,compete,https://pixabay.com/get/gb704763a137e36d391a9fbfe77557c08bdb70e4098416aff72af95600a3c1449a2f484d18d8458a51b65feedce4769cadc669efe14c100b38de7a43ca15e4ee8_1280.jpg,https://pixabay.com/get/g178e535f559efb0b4666ffebc20df4d78bf19fb03f196f8bcbbd08d8aa886fab5c075a4445971ec5720889a9aba8d5b0d9bec7651eb9b7fe13290bfa53164b67_1280.png
VIGOR,energy,energy,https://pixabay.com/get/gb03ecaa6d71092fa042b069ae6cbfd9c88d38e1ce1837c16a9124aa9158e027090fb629700b3c1252aac93d0f0aff2511a920fd6127726c3669fc764f44a2623_1280.jpg,https://pixabay.com/get/gfbed88d9dbebb79be0d4d85db157a2013df42dd7097b8b2c0deefdb61b3ad5ad0460faf649e400ac0d1407b70c91f36830990742c9a4d7a00e9ca801dfe2da5e_1280.png
VINDICATE,to clear,clear,https://images.pexels.com/photos/27603433/pexels-photo-27603433.jpeg,https://pixabay.com/get/g3adc7248b6e05f40880375f1aaddd53ce2b449a2576045b3a8e00e2372461f2220b2ecf0fa1d054ee71e3b7576573398304059c8ddf5c7040a2d9fccdf52e66e_1280.png
VINDICTIVE,vengeful,vengeful,https://pixabay.com/get/g4194f16653bb0f82180fb29f3a379b0518190e4dfb78048541f01fdbd6bb09c56049a67ccf2d9a28848f1c30023adba4996335a4f57ea4bcd72a3e8b9e84dffd_1280.jpg,https://pixabay.com/get/g74c70d630841e359c8d2ea62edabf30fff4f55a5d30631e8ddeaada233575bda893000da02e1707c490b40ab25ae82305e5a10b9c863b04a206b1a120ee64f99_1280.png
VIRTUOSO,expert,expert,https://pixabay.com/get/g645a3079dbdeb328c639ac6c52d56887f8bf59cb163ca9613713dc474a7377c5d1e7eb5b185a28980337195878340f3bc282d1d6ca85a2500e25cba7b68f2d87_1280.jpg,https://pixabay.com/get/g198384f490d7fdf9cb2fdb08afd3947f8d382487fa5e8eeed17488cf14fbd9960bfce18f9c6a7d2245dfb605b7e1b8de8f51b1ddeac4c5689a7c46cc48bd96a6_1280.png
VIRULENT,poisonous,poisonous,https://pixabay.com/get/g7480b98bb7ecc8c260a70dbb4808789e6c404b5b54c00e75f9db2750eeb3d9edc5eeb15ef39a7f445467dcf5b5d73829eba010faf011012c1e7e55d729f65b95_1280.jpg,https://pixabay.com/get/g8ac08d83afdf459947861e731fd562c72cad25a16957f1e32483e3a1dcef83a78a0f1b7791fca57b3f58e0f8e432c493b1c00d6ba48531f8fb5210e96f88d9cc_1280.png
VISE,clamp,clamp,https://pixabay.com/get/g76c42dc7e616bf350f44260f2c08a24464ab6eb361f3f4c1f6f6786804dddbe0bd67940a39b73e87f48ba2e4191cd9ef73e793feb2c7d1ec64c801db4d8aad7a_1280.jpg,https://pixabay.com/get/ga266585d1e996758f48a4892b52777b26dba6216af84badf1c12345ef9eddd16edb17ab24772b50a73e6aaaa19d2d32e9e8f55375634550f6f4c224d2d781b59_1280.png
VIVACIOUS,lively,lively,https://pixabay.com/get/g831124699929ab28aca52fbb6a9a6f766c0f0865fd90e2b2658d17ceaa7d13473d0f873d159fcc456f9acecd6d59de99f2f2ca7cc648f151b0b14417652aa366_1280.jpg,https://pixabay.com/get/ga7960eafcc7668b074146189917bc7fa68db9c7700409aed7b44a06f6feec484633c75a0602cb75bf5e387392b91fc92e5f207951ed14975c5d5ead087bf0562_1280.png
VOLATILE,unstable,unstable,https://pixabay.com/get/g3fcc74ee01bd09cea487ff8d9b62cef449fb7b1c1fc4ae26d020cc5061f7ab158de59557292c318f222fafe32ba8f4c14b90f873932a395f3e15c52604d7fecd_1280.jpg,https://pixabay.com/get/g40c6f5920df51a2e9bcfa6d860e8917c98de00a773e23ee4c7912de78a38f24d4b0e4465e457d36db8d6972718b5dc52133910af2d98b2e8e5d9d30ba3779ed0_1280.png
VOLUBLE,talkative,talkative,https://images.pexels.com/photos/32026822/pexels-photo-32026822.jpeg,https://pixabay.com/get/g1e4b301ea45279ada973344b9be6dec2c9363b50f08e8dd2bd91228160927cf171381be796b7a1df4f75ce903eb019b16abefbabde6d440e8f01e6f075fda1ec_1280.png
VOLUMINOUS,bulky,bulky,https://pixabay.com/get/gf838a241937570edaf3923946914d2804bbdec48d0f02a1c109c31909b719e4a10d350c3aad85e99036b3f429afaf66d90e296f4f9ba1e141f89b3cd1ba8b0c8_1280.jpg,https://pixabay.com/get/g2d9aa4025e9d5e87b5ce2ed63505f63d29f29e628ca3a03113da3e7c65a13493497d37b3f48bb1b8d4c71504c6299f26_1280.png
VORACIOUS,ravenous,ravenous,https://pixabay.com/get/g004ca78b10fb83b126a6ed652df304cd09bc012215ffc69cf7c4b7b7df3162a5233096a270e20152c4a2359bc5fdbc9f0a14a580876d8bd7c023c5ed99b37134_1280.jpg,https://pixabay.com/get/g5924dc628a1c95c1b0bdf0a4a13f450027573146541495427ae422ab3f8f868dfe69a7401f392cba0865c90c45d97aba9ca1494c2543601c885beee7e14ad8c0_1280.png
VULNERABLE,defenseless,defenseless,https://images.pexels.com/photos/33418893/pexels-photo-33418893.jpeg,https://pixabay.com/get/geb460d5ac8573431bade060c4a835ddc90e1d712227c293914839bec0c6ab00244bbd18a84b7181bece9d6aef8a61c508bca7b6f4e495942ee65224a7bc7177e_1280.png
WAIVE,to give up,give up,https://pixabay.com/get/g2d08f21f71b5158c7fcee05425c44649ae4e3ad299831e66350ecaa78f6bac801918bc3d8348887edd162927f3cd08d88619c751c44b56e40feb52d1419b9c13_1280.jpg,https://pixabay.com/get/gdf017c70d1e3f602ba3bde3d97fd0bc10745fb045b6355d7396e7a57f6e107432b9ff2664808d150bfc1278cd4c1e1abfbe55c913773482b726f667a5d6d116f_1280.png
WALLOW,to indulge,indulge,https://pixabay.com/get/g62accf8f4afa16b1c5334379585678d9792c74da04e8231287e82c041a415b728bcb94defe4ec45cb605c14e902bdbd308b07a068e8197a164a3785a88e28249_1280.jpg,https://pixabay.com/get/g6de7855fdfeca9e456972e3b2d305f7b3311ab66b8f1c0f506964cd5b67ff3f84a9a44b6392d5899862300911a2f87a776cfc926c7ad94fad8dcfe6a27548b15_1280.png
WANDERLUST,desire to travel,desire to travel,https://pixabay.com/get/g87de5d0fa4094b0e18a5dee8ca8408b5eac0a16dbe2eeb3725663d3b1db05fc38ddc9878d7892be9a37342cda4ed5db85159880651d8f6d3b3b3ae68bcfd183b_1280.jpg,https://pixabay.com/get/g0d376adaa6be3db813921c8f5b8973b891ec92eaf2fdd017a6c88e21d882ca09083b66f35950f1a06cbb897efee80f82b4b7dde0e8bd287066694bedabb19f97_1280.png
WANE,to decrease,wane,https://images.pexels.com/photos/12921076/pexels-photo-12921076.jpeg,https://pixabay.com/get/g1e333cc27e99ad1518d0baf48b71fdfc6f95a6253fde3ca549d3a3700d4af2ca22ac65ed964a603c9bc61293645f2cb1a8aa7128ba95c00cc30b8364d7dbc572_1280.png
WANTON,reckless,reckless,https://pixabay.com/get/g77876f2ff343a607ab0c9579dfd0ed1576104d5ac9b6347e57ce591f8373acb318c7c7337bd6ce9e82c064529aadfd22ad456a6d44510f431ffbd6786ecee87e_1280.jpg,https://pixabay.com/get/g7880584ff2d21feaa10f7556d67db31f332bc90b78b1b27eb7019e3ffb55c483d32efc4cf84326001cd0446b5e25f14cff29394f38a933b0df93212b4ecbb138_1280.jpg
WARBLE,to sing,sing,https://pixabay.com/get/gb8610d4382c8fe1f6de757c1f6b01c4c847b1632927c6df92fbf4af311a5aac756729c5432a48a976ec64aa232c25acdb91bad4ae697669354f4b6bcc26f2a7e_1280.jpg,https://pixabay.com/get/g6c36e4436ef3de21dca181610f5942865bc5523c3550da407bcd7691acef3d253f2876c30bff81daf93b28adbf8c67ecc14b2a3c1ffaa1fb45ddab38e9d1f905_1280.png
WARY,cautious,cautious,https://pixabay.com/get/gb2c76afe8d40bb89c06420e6f935ba744e87a0b3d0c2f9345ca9c3085f9c0cf91a78a179d8b067b046c0ee224ddd487d_1280.jpg,https://pixabay.com/get/g03c4eb2d2b9e37674dcb1b59735be06a87b7f295f812dc8feb560a3274638f6dd3a5b8e9d3ef754dc34220e10a52cdf5_1280.png
WAYWARD,disobedient,disobedient,https://pixabay.com/get/g8b0080be0061fa790c1491f37edba677c26b32745a41acdfb9bbd108eb2d11b4ac5b0423743a8f576e84b1eaeb70623a0b48332ee6d6e67fadb8bc24fcc58280_1280.jpg,https://pixabay.com/get/gc222b45bb1927f849eced6a8f8028c9dda0fbead5959f325b46ecd0e1424543ed4ed47e75f754e8aec46b7928129c5a861b7182fdbc45adef6f12c08a1d03133_1280.png
WHEEDLE,to coax,wheedle,https://images.pexels.com/photos/5875432/pexels-photo-5875432.jpeg,https://pixabay.com/get/g0159f55f5a05d73245e4fd675b5da809e1e04cdb4de114b69a6dd8fda0d06c21d0ce729d84b86bca8cf2f1d2f24d5e764a35db9ea953838793e1c3f0cbde5a29_1280.png
WHET,to sharpen,sharpen,https://pixabay.com/get/g42f412f4705706876c6b70a27e6257026dfc128dd506530c062738c8988b63984b0f4e51cacb95fa8d7a30b6c73b8024a14dd5e2009b0c48f1997eac047336e1_1280.jpg,https://pixabay.com/get/g062ea3baffa3cf0b749e43249f628187df0b77c31f59f6fda681e084b2a170d9802b1a95de8fb5eaf3e48f26b2e2aba1064c4786ff44b34b60f05b831e32860d_1280.png
WHIFF,faint smell,faint smell,https://pixabay.com/get/gb819e6da607f18c759cb9c0352aa0127d323db6273b0bb2763bf4008b82d2b5da18419f3145fb3b6fd306b82c1f08f8af64d747666953025cc6017f9a36f1077_1280.jpg,https://pixabay.com/get/g4ffe6104311a95a0df55094f9dccab90c8353138216baad63645e60af2c1a689f5d358fccd1cfde9b4f354189448af91566e3538d6144bdb12b721e71e87de07_1280.png
WHIMSICAL,fanciful,fanciful,https://pixabay.com/get/g13fda3907116cc987875e789694a1337125ac9cd1e653b62ad4534fee7f66df1100092517fb156674f57dc76668e64a4be5d0ed7cff14a0ed7a3a2b6931452e0_1280.jpg,https://pixabay.com/get/g38277c68b2169fb8c54eeeb8c6177ac466f0e3e8c753409ff744a6e7e82a83022f1d1475026fd702475cd8dd06becf397641e4ba97f156c8688a1ff78556f734_1280.png
WHITTLE,to carve,carve,https://pixabay.com/get/g96521fe0ce17d295343419c9036ac2b8d16a4db432b0355d45524b081565f2f8825f5e08cc407abc59a128fc8029cd0992549356aaaa316d43d87802babb7086_1280.jpg,https://pixabay.com/get/g52413728e396ea1589e98963772e651504ea0f8c3cded3de76383e0a22569e19b1b3c925dadeb1042a3e9550826a613baba9ade4ab723191530fce81bd156754_1280.png
WILE,trick,trick,https://images.pexels.com/photos/34551716/pexels-photo-34551716.jpeg,https://pixabay.com/get/gd3108f3f98f7c2c587928e8645e57acbd948e02ed9a34e55cbf9d8bcb15efac5c2bc3990300bc5cc4dd8b8c3882464f3e01225e592b33a75a2f6bc421f9e8da7_1280.png
WILLFUL,deliberate,deliberate,https://pixabay.com/get/gdfe51bdfd3159e29f5df7845ba89a1a358d910ca675f38057be6861b8e14f5c3cf12a50859026dbe1e83b7250272f5a841559d35f3b8b8a2317660802d86a362_1280.jpg,https://pixabay.com/get/g2d987efb23f709877bab1298923a85bcb63cbcdbd8f96911fbcc46220b6c5af572e9321c835809b82b149c0d8516a4a7b3a5e0c93c86b62d8698fe8a571b1c4c_1280.png
WILY,cunning,cunning,https://pixabay.com/get/g11e95d9d6210ab0094167743b05b5d191fb09bffc8a04debdd16d0167953371d9f56437003c45acb091480ccbc59cdefe55282525839f7f817c1db06d26d43e2_1280.jpg,https://pixabay.com/get/gb59dce96d1c9149750e2e5b1ef458a10ccf7a1c73d704d36c6a8d9d46e71c0f2ceee510e6176c09251150ee87e8448c2bdf4b96f9a3b95096270289eacfaaa79_1280.png
WINNOW,to separate,separate,https://pixabay.com/get/ga96432fffc2a0b9a3f85bafaebeef065a0aa01ba57d52e23909e3273619c121b1e64823601ffe902c3a24bcc38935db0edf37ff15c90f99a3b9a44c58c239ca6_1280.jpg,https://pixabay.com/get/g4e14ddc519e888f0c2d304156c04c2f0e0790d391a2487d29dad944c88589ca30b9037e8f9b811cbbeaa5def83a64abf3f479e9a55e283f3a9b5214fae369ed1_1280.png
WITHDRAWN,introverted,introverted,https://pixabay.com/get/gf44551aa4b9e145b2c57524b28248bc5a6fa0e5f17016e55cc2d9724646924694a28940ff10cf3a4bb7f6b542681ab57b9c4f61cbb21efa1e3c881fea3d8d34f_1280.jpg,https://pixabay.com/get/g18379df09c173f49f353c84bdddac2ddf205566ccc7de34bd24076d2ec9b8a21c5e5800fded43b0371f993ea803ea4962bd87d5ef9df617f94c95bbf73b8aa5d_1280.png
WITHER,to shrivel,wither,https://images.pexels.com/photos/11742505/pexels-photo-11742505.jpeg,https://pixabay.com/get/gfe4809cfe06fc66b269a5868368146721f913655c2bdfafeaf775c04f5fad83111c63647346e2eeeff5c10195e20ba77_1280.png
WITHHOLD,to hold back,hold back,https://pixabay.com/get/gfc5df728a8c2947875a8e254c198183d0e7f03139306e94d6de520cdbdb72c2cdcb03236923dc49b1b63561bba64c9a55c89210628fbf4c7b89ce4514d24feac_1280.jpg,https://pixabay.com/get/g6f34db4c86e867334e0fcb0bb1273abdf9db7eca9f00bcae7ab43c9ff002bf27d718591198b519a10e4cdacdc68ea1cc3ec98bb60e587a8062bcf3ee4ae15b24_1280.png
WRETCH,miserable person,person,https://images.pexels.com/photos/20830475/pexels-photo-20830475.jpeg,https://pixabay.com/get/g07629661161d2a3c8d3a51101845c30c7627b20c3e8efe5c3116e9db2692a8588b136adfc8086d7dc1326d0dd2011579b98dfb17f2c0a56037cf54386ea2b75c_1280.png
WRY,twisted,twisted,https://pixabay.com/get/gcff6891fb769edb13f3f15f42da0cafb3db597c4aa67339c377cc2453534bb71804ae2c1377afbdf1e001de3fecba5f85b7003c4efb48c7243c9e7711198cb7b_1280.jpg,https://pixabay.com/get/g743c6dbab76881fbc2e7de2cc383a6e18175b2bbb0f97a4629450aba3fe2383cd47b5809d6d53a6b239bebb96189a21d75e0d8cbd5beb76a08bc85b1391ea700_1280.png
ZEAL,passion,passion,https://pixabay.com/get/g562926843dd752f656d121ea7f5b3e5458b771cd594873d1b4388b53f6c73a6d44f95e9b6796b8c8098166a5f5da6ff03e1db37692154e1264304caae6796be7_1280.jpg,https://pixabay.com/get/gb1ecefc7d0790a56fbfb7aca61abb0303cd90272385debd801383a14d361f4bf3b56b11728f4d98946c3e27f5a9c8d7bc9655922eb53ccd9a6c5e1fbe3e54708_1280.png
ZENITH,peak,peak,https://pixabay.com/get/g4d333eb98b6843fe1beeb20580e3c52c519f998f1b31f846c045b01cc0bcbbf4eb18ce5977161429ab4eba2da58571a9fd0b8b94e4454027fabdc687b227ec61_1280.jpg,https://pixabay.com/get/gea8600d7e1a28e5ca231d97755133a8269c49ac0702e3e04d2668541688a603953c9bf44d8d53c450f4cdce37a49fe6e46ccff4e675fd3e6f46822ea1a924035_1280.png
ZEPHYR,gentle breeze,gentle breeze,https://images.pexels.com/photos/36902098/pexels-photo-36902098.jpeg,https://pixabay.com/get/g8a56454743cfdac5ee46a14a238b5ffaa017bc2ec7fb05926fdcefc3c94f4de6e6c9552cfebe2a5ad8395b1bc528db9c_1280.png
